region,case_id,winner_frequency,top_10_frequency,mean_rank,median_rank,p05_rank,p95_rank,min_rank,max_rank
California,T060_P03_H0800_I0986_CN030_F1,0.5838,0.7537,32.6745,1.0,1.0,213.0,1,644
California,T060_P05_H0800_I0800_CN050_F1,0.1649,0.4986,26.4882,11.0,1.0,91.0,1,328
California,T060_P05_H0800_I0986_CN020_F1,0.162,0.8657,7.2208,2.0,1.0,32.0,1,516
California,T060_P05_H1000_I0600_CN000_F1,0.0315,0.1983,204.1749,78.5,3.0,719.0,1,824
California,T060_P05_H1000_I0986_CN040_F1,0.0208,0.7613,9.5749,6.0,2.0,26.0,1,233
California,T060_P03_H0500_I0600_CN000_F1,0.0102,0.0431,446.0098,489.0,12.0,763.0,1,822
California,T060_P03_H1000_I0986_CN000_F1,0.0094,0.1384,402.5175,318.5,6.0,880.0,1,889
California,T060_P03_H1000_I0986_CN010_F1,0.0067,0.7107,24.0467,4.0,2.0,130.0,1,622
California,T060_P10_H0800_I0600_CN070_F1,0.0057,0.0996,76.6351,65.0,6.0,186.0,1,240
California,T060_P03_H0800_I0986_CN010_F1,0.0022,0.6899,26.8511,4.0,2.0,147.0,1,594
India,T060_P05_H1000_I0600_CN020_F1,0.7308,0.8153,18.8495,1.0,1.0,112.0,1,559
India,T060_P10_H1000_I0600_CN060_F1,0.0848,0.2711,26.8192,22.0,1.0,73.0,1,307
India,T060_P05_H1000_I0600_CN000_F1,0.0517,0.3646,182.1499,28.0,1.0,715.0499999999993,1,818
India,T060_P10_H1000_I0600_CN080_F1,0.0479,0.2305,30.8371,29.0,2.0,69.0,1,234
India,T060_P05_H0800_I0600_CN060_F1,0.0334,0.1969,23.809,18.0,4.0,75.0,1,205
India,T060_P10_H0800_I0600_CN000_F1,0.0163,0.0564,253.3751,231.5,9.0,582.0,1,646
India,T060_P03_H0500_I0600_CN000_F1,0.0095,0.0402,456.5271,536.5,14.0,797.0,1,822
India,T060_P10_H0800_I0600_CN100_F1,0.0053,0.0443,94.5371,71.0,11.0,252.0,1,373
India,T180_P10_H1000_I0600_CN090_F1,0.004,0.015,335.5571,299.0,31.0,734.0,1,853
India,T060_P10_H0800_I0600_CN060_F1,0.0038,0.2216,27.2311,21.0,4.0,75.0,1,382
