case_id,observation_success_percent_california,observation_success_percent_india
T060_P03_H0500_I0600_CN000_F1,31.25,12.289780077619664
T060_P03_H0500_I0600_CN010_F1,53.125,54.075032341526516
T060_P03_H0500_I0600_CN020_F1,56.25,76.32600258732212
T060_P03_H0500_I0600_CN030_F1,56.25,85.1228978007762
T060_P03_H0500_I0600_CN040_F1,53.125,87.32212160413971
T060_P03_H0500_I0600_CN050_F1,53.125,90.55627425614489
T060_P03_H0500_I0600_CN060_F1,53.125,87.06338939197931
T060_P03_H0500_I0600_CN070_F1,53.125,91.20310478654594
T060_P03_H0500_I0600_CN080_F1,53.125,82.66494178525227
T060_P03_H0500_I0600_CN090_F1,53.125,79.81888745148771
T060_P03_H0500_I0600_CN100_F1,53.125,49.935316946959894
T060_P03_H0500_I0800_CN000_F1,0.0,0.0
T060_P03_H0500_I0800_CN010_F1,37.5,23.93272962483829
T060_P03_H0500_I0800_CN020_F1,43.75,35.058214747736095
T060_P03_H0500_I0800_CN030_F1,37.5,49.417852522639066
T060_P03_H0500_I0800_CN040_F1,40.625,63.130659767141005
T060_P03_H0500_I0800_CN050_F1,40.625,57.56791720569211
T060_P03_H0500_I0800_CN060_F1,40.625,61.57826649417852
T060_P03_H0500_I0800_CN070_F1,31.25,64.68305304010349
T060_P03_H0500_I0800_CN080_F1,21.875,64.94178525226391
T060_P03_H0500_I0800_CN090_F1,25.0,57.95601552393273
T060_P03_H0500_I0800_CN100_F1,15.625,39.715394566623544
T060_P03_H0500_I0986_CN000_F1,0.0,0.0
T060_P03_H0500_I0986_CN010_F1,46.875,30.012936610608023
T060_P03_H0500_I0986_CN020_F1,37.5,32.470892626131956
T060_P03_H0500_I0986_CN030_F1,43.75,32.082794307891334
T060_P03_H0500_I0986_CN040_F1,31.25,35.1875808538163
T060_P03_H0500_I0986_CN050_F1,37.5,36.61060802069858
T060_P03_H0500_I0986_CN060_F1,37.5,31.4359637774903
T060_P03_H0500_I0986_CN070_F1,43.75,29.75420439844761
T060_P03_H0500_I0986_CN080_F1,53.125,31.69469598965071
T060_P03_H0500_I0986_CN090_F1,50.0,40.7503234152652
T060_P03_H0500_I0986_CN100_F1,9.375,12.677878395860285
T060_P03_H0800_I0600_CN000_F1,25.0,10.478654592496765
T060_P03_H0800_I0600_CN010_F1,53.125,62.225097024579554
T060_P03_H0800_I0600_CN020_F1,53.125,80.20698576972833
T060_P03_H0800_I0600_CN030_F1,59.375,79.6895213454075
T060_P03_H0800_I0600_CN040_F1,56.25,80.85381630012937
T060_P03_H0800_I0600_CN050_F1,53.125,79.6895213454075
T060_P03_H0800_I0600_CN060_F1,59.375,78.26649417852522
T060_P03_H0800_I0600_CN070_F1,53.125,84.60543337645537
T060_P03_H0800_I0600_CN080_F1,53.125,77.23156532988357
T060_P03_H0800_I0600_CN090_F1,53.125,73.09184993531694
T060_P03_H0800_I0600_CN100_F1,43.75,51.746442432082794
T060_P03_H0800_I0800_CN000_F1,0.0,0.0
T060_P03_H0800_I0800_CN010_F1,34.375,35.83441138421733
T060_P03_H0800_I0800_CN020_F1,46.875,51.746442432082794
T060_P03_H0800_I0800_CN030_F1,28.125,65.97671410090557
T060_P03_H0800_I0800_CN040_F1,21.875,69.59896507115135
T060_P03_H0800_I0800_CN050_F1,12.5,79.17205692108668
T060_P03_H0800_I0800_CN060_F1,15.625,76.84346701164296
T060_P03_H0800_I0800_CN070_F1,9.375,79.43078913324709
T060_P03_H0800_I0800_CN080_F1,15.625,72.3156532988357
T060_P03_H0800_I0800_CN090_F1,9.375,67.01164294954722
T060_P03_H0800_I0800_CN100_F1,3.125,46.57179818887451
T060_P03_H0800_I0986_CN000_F1,0.0,0.0
T060_P03_H0800_I0986_CN010_F1,50.0,35.70504527813713
T060_P03_H0800_I0986_CN020_F1,40.625,33.76455368693402
T060_P03_H0800_I0986_CN030_F1,34.375,35.963777490297545
T060_P03_H0800_I0986_CN040_F1,34.375,33.893919793014234
T060_P03_H0800_I0986_CN050_F1,40.625,44.372574385511
T060_P03_H0800_I0986_CN060_F1,31.25,44.76067270375162
T060_P03_H0800_I0986_CN070_F1,34.375,31.82406209573092
T060_P03_H0800_I0986_CN080_F1,46.875,44.372574385511
T060_P03_H0800_I0986_CN090_F1,37.5,43.855109961190166
T060_P03_H0800_I0986_CN100_F1,15.625,18.88745148771022
T060_P03_H1000_I0600_CN000_F1,25.0,10.73738680465718
T060_P03_H1000_I0600_CN010_F1,50.0,61.57826649417852
T060_P03_H1000_I0600_CN020_F1,56.25,81.11254851228978
T060_P03_H1000_I0600_CN030_F1,53.125,74.77360931435963
T060_P03_H1000_I0600_CN040_F1,59.375,76.19663648124192
T060_P03_H1000_I0600_CN050_F1,53.125,75.54980595084088
T060_P03_H1000_I0600_CN060_F1,53.125,73.35058214747735
T060_P03_H1000_I0600_CN070_F1,53.125,79.17205692108668
T060_P03_H1000_I0600_CN080_F1,53.125,74.25614489003881
T060_P03_H1000_I0600_CN090_F1,53.125,69.85769728331177
T060_P03_H1000_I0600_CN100_F1,50.0,54.33376455368693
T060_P03_H1000_I0800_CN000_F1,0.0,0.0
T060_P03_H1000_I0800_CN010_F1,40.625,41.52652005174644
T060_P03_H1000_I0800_CN020_F1,40.625,53.29883570504528
T060_P03_H1000_I0800_CN030_F1,37.5,63.26002587322122
T060_P03_H1000_I0800_CN040_F1,18.75,71.02199223803363
T060_P03_H1000_I0800_CN050_F1,15.625,72.57438551099612
T060_P03_H1000_I0800_CN060_F1,18.75,75.54980595084088
T060_P03_H1000_I0800_CN070_F1,9.375,74.51487710219922
T060_P03_H1000_I0800_CN080_F1,15.625,76.58473479948253
T060_P03_H1000_I0800_CN090_F1,15.625,67.39974126778783
T060_P03_H1000_I0800_CN100_F1,12.5,38.68046571798189
T060_P03_H1000_I0986_CN000_F1,0.0,0.0
T060_P03_H1000_I0986_CN010_F1,53.125,38.42173350582148
T060_P03_H1000_I0986_CN020_F1,43.75,32.470892626131956
T060_P03_H1000_I0986_CN030_F1,37.5,32.470892626131956
T060_P03_H1000_I0986_CN040_F1,37.5,34.54075032341527
T060_P03_H1000_I0986_CN050_F1,34.375,45.66623544631307
T060_P03_H1000_I0986_CN060_F1,37.5,38.292367399741266
T060_P03_H1000_I0986_CN070_F1,34.375,31.82406209573092
T060_P03_H1000_I0986_CN080_F1,31.25,47.994825355756795
T060_P03_H1000_I0986_CN090_F1,9.375,33.247089262613194
T060_P03_H1000_I0986_CN100_F1,6.25,20.827943078913325
T060_P05_H0500_I0600_CN000_F1,0.0,22.639068564036222
T060_P05_H0500_I0600_CN010_F1,50.0,59.637774902975416
T060_P05_H0500_I0600_CN020_F1,56.25,69.46959896507116
T060_P05_H0500_I0600_CN030_F1,53.125,72.1862871927555
T060_P05_H0500_I0600_CN040_F1,62.5,70.76326002587322
T060_P05_H0500_I0600_CN050_F1,71.875,70.76326002587322
T060_P05_H0500_I0600_CN060_F1,71.875,70.3751617076326
T060_P05_H0500_I0600_CN070_F1,71.875,70.2457956015524
T060_P05_H0500_I0600_CN080_F1,71.875,71.02199223803363
T060_P05_H0500_I0600_CN090_F1,68.75,67.52910737386804
T060_P05_H0500_I0600_CN100_F1,59.375,64.94178525226391
T060_P05_H0500_I0800_CN000_F1,0.0,0.0
T060_P05_H0500_I0800_CN010_F1,56.25,41.13842173350582
T060_P05_H0500_I0800_CN020_F1,43.75,38.16300129366106
T060_P05_H0500_I0800_CN030_F1,65.625,34.152652005174645
T060_P05_H0500_I0800_CN040_F1,56.25,43.46701164294955
T060_P05_H0500_I0800_CN050_F1,75.0,54.20439844760673
T060_P05_H0500_I0800_CN060_F1,78.125,57.050452781371284
T060_P05_H0500_I0800_CN070_F1,87.5,64.94178525226391
T060_P05_H0500_I0800_CN080_F1,68.75,68.4346701164295
T060_P05_H0500_I0800_CN090_F1,78.125,62.09573091849935
T060_P05_H0500_I0800_CN100_F1,56.25,46.05433376455368
T060_P05_H0500_I0986_CN000_F1,0.0,0.0
T060_P05_H0500_I0986_CN010_F1,62.5,18.111254851228978
T060_P05_H0500_I0986_CN020_F1,50.0,26.778783958602848
T060_P05_H0500_I0986_CN030_F1,71.875,23.803363518758086
T060_P05_H0500_I0986_CN040_F1,56.25,44.5019404915912
T060_P05_H0500_I0986_CN050_F1,62.5,53.94566623544631
T060_P05_H0500_I0986_CN060_F1,59.375,53.557567917205695
T060_P05_H0500_I0986_CN070_F1,56.25,64.03622250970245
T060_P05_H0500_I0986_CN080_F1,62.5,69.34023285899094
T060_P05_H0500_I0986_CN090_F1,56.25,52.52263906856404
T060_P05_H0500_I0986_CN100_F1,43.75,35.57567917205692
T060_P05_H0800_I0600_CN000_F1,0.0,14.877102199223804
T060_P05_H0800_I0600_CN010_F1,34.375,59.37904269081501
T060_P05_H0800_I0600_CN020_F1,50.0,64.68305304010349
T060_P05_H0800_I0600_CN030_F1,56.25,68.17593790426908
T060_P05_H0800_I0600_CN040_F1,53.125,69.34023285899094
T060_P05_H0800_I0600_CN050_F1,68.75,71.79818887451488
T060_P05_H0800_I0600_CN060_F1,75.0,71.92755498059509
T060_P05_H0800_I0600_CN070_F1,71.875,71.28072445019404
T060_P05_H0800_I0600_CN080_F1,75.0,68.30530401034929
T060_P05_H0800_I0600_CN090_F1,62.5,70.5045278137128
T060_P05_H0800_I0600_CN100_F1,59.375,68.04657179818886
T060_P05_H0800_I0800_CN000_F1,0.0,0.0
T060_P05_H0800_I0800_CN010_F1,37.5,34.28201811125485
T060_P05_H0800_I0800_CN020_F1,46.875,40.7503234152652
T060_P05_H0800_I0800_CN030_F1,46.875,46.3130659767141
T060_P05_H0800_I0800_CN040_F1,75.0,40.23285899094437
T060_P05_H0800_I0800_CN050_F1,93.75,57.309184993531694
T060_P05_H0800_I0800_CN060_F1,71.875,65.07115135834411
T060_P05_H0800_I0800_CN070_F1,87.5,69.85769728331177
T060_P05_H0800_I0800_CN080_F1,90.625,68.95213454075032
T060_P05_H0800_I0800_CN090_F1,75.0,62.8719275549806
T060_P05_H0800_I0800_CN100_F1,65.625,49.159120310478656
T060_P05_H0800_I0986_CN000_F1,0.0,0.0
T060_P05_H0800_I0986_CN010_F1,56.25,39.06856403622251
T060_P05_H0800_I0986_CN020_F1,75.0,38.809831824062094
T060_P05_H0800_I0986_CN030_F1,78.125,45.53686934023286
T060_P05_H0800_I0986_CN040_F1,59.375,56.144890038809834
T060_P05_H0800_I0986_CN050_F1,59.375,60.284605433376456
T060_P05_H0800_I0986_CN060_F1,71.875,59.89650711513583
T060_P05_H0800_I0986_CN070_F1,68.75,68.04657179818886
T060_P05_H0800_I0986_CN080_F1,71.875,64.03622250970245
T060_P05_H0800_I0986_CN090_F1,65.625,56.53298835705045
T060_P05_H0800_I0986_CN100_F1,31.25,39.06856403622251
T060_P05_H1000_I0600_CN000_F1,0.0,13.065976714100906
T060_P05_H1000_I0600_CN010_F1,34.375,55.498059508408794
T060_P05_H1000_I0600_CN020_F1,53.125,65.58861578266495
T060_P05_H1000_I0600_CN030_F1,56.25,64.94178525226391
T060_P05_H1000_I0600_CN040_F1,56.25,69.21086675291073
T060_P05_H1000_I0600_CN050_F1,62.5,66.23544631306598
T060_P05_H1000_I0600_CN060_F1,65.625,70.3751617076326
T060_P05_H1000_I0600_CN070_F1,68.75,68.4346701164295
T060_P05_H1000_I0600_CN080_F1,62.5,68.4346701164295
T060_P05_H1000_I0600_CN090_F1,62.5,65.20051746442432
T060_P05_H1000_I0600_CN100_F1,56.25,65.84734799482536
T060_P05_H1000_I0800_CN000_F1,0.0,0.0
T060_P05_H1000_I0800_CN010_F1,40.625,43.59637774902975
T060_P05_H1000_I0800_CN020_F1,31.25,36.99870633893919
T060_P05_H1000_I0800_CN030_F1,50.0,41.65588615782665
T060_P05_H1000_I0800_CN040_F1,53.125,50.58214747736093
T060_P05_H1000_I0800_CN050_F1,75.0,60.284605433376456
T060_P05_H1000_I0800_CN060_F1,84.375,71.28072445019404
T060_P05_H1000_I0800_CN070_F1,90.625,62.35446313065977
T060_P05_H1000_I0800_CN080_F1,68.75,65.97671410090557
T060_P05_H1000_I0800_CN090_F1,68.75,57.69728331177232
T060_P05_H1000_I0800_CN100_F1,50.0,45.019404915912034
T060_P05_H1000_I0986_CN000_F1,9.375,0.0
T060_P05_H1000_I0986_CN010_F1,65.625,41.785252263906855
T060_P05_H1000_I0986_CN020_F1,78.125,44.76067270375162
T060_P05_H1000_I0986_CN030_F1,87.5,52.26390685640362
T060_P05_H1000_I0986_CN040_F1,87.5,62.35446313065977
T060_P05_H1000_I0986_CN050_F1,87.5,62.8719275549806
T060_P05_H1000_I0986_CN060_F1,87.5,65.45924967658473
T060_P05_H1000_I0986_CN070_F1,81.25,67.91720569210867
T060_P05_H1000_I0986_CN080_F1,87.5,64.94178525226391
T060_P05_H1000_I0986_CN090_F1,65.625,64.16558861578267
T060_P05_H1000_I0986_CN100_F1,34.375,44.63130659767141
T060_P10_H0500_I0600_CN000_F1,0.0,52.39327296248383
T060_P10_H0500_I0600_CN010_F1,31.25,71.53945666235447
T060_P10_H0500_I0600_CN020_F1,65.625,81.75937904269081
T060_P10_H0500_I0600_CN030_F1,75.0,90.03880983182407
T060_P10_H0500_I0600_CN040_F1,81.25,93.53169469598966
T060_P10_H0500_I0600_CN050_F1,90.625,92.6261319534282
T060_P10_H0500_I0600_CN060_F1,71.875,96.89521345407503
T060_P10_H0500_I0600_CN070_F1,84.375,95.47218628719276
T060_P10_H0500_I0600_CN080_F1,84.375,95.73091849935317
T060_P10_H0500_I0600_CN090_F1,84.375,94.82535575679172
T060_P10_H0500_I0600_CN100_F1,62.5,89.78007761966364
T060_P10_H0500_I0800_CN000_F1,0.0,0.0
T060_P10_H0500_I0800_CN010_F1,50.0,18.758085381630014
T060_P10_H0500_I0800_CN020_F1,59.375,37.77490297542044
T060_P10_H0500_I0800_CN030_F1,46.875,40.36222509702458
T060_P10_H0500_I0800_CN040_F1,75.0,37.128072445019406
T060_P10_H0500_I0800_CN050_F1,75.0,54.980595084087966
T060_P10_H0500_I0800_CN060_F1,62.5,69.72833117723157
T060_P10_H0500_I0800_CN070_F1,56.25,68.30530401034929
T060_P10_H0500_I0800_CN080_F1,81.25,77.49029754204399
T060_P10_H0500_I0800_CN090_F1,75.0,74.1267787839586
T060_P10_H0500_I0800_CN100_F1,53.125,51.48771021992238
T060_P10_H0500_I0986_CN000_F1,0.0,0.0
T060_P10_H0500_I0986_CN010_F1,53.125,35.83441138421733
T060_P10_H0500_I0986_CN020_F1,59.375,46.183699870633895
T060_P10_H0500_I0986_CN030_F1,25.0,51.48771021992238
T060_P10_H0500_I0986_CN040_F1,50.0,49.28848641655886
T060_P10_H0500_I0986_CN050_F1,68.75,57.56791720569211
T060_P10_H0500_I0986_CN060_F1,53.125,75.42043984476066
T060_P10_H0500_I0986_CN070_F1,75.0,68.17593790426908
T060_P10_H0500_I0986_CN080_F1,75.0,73.09184993531694
T060_P10_H0500_I0986_CN090_F1,56.25,71.41009055627426
T060_P10_H0500_I0986_CN100_F1,37.5,42.5614489003881
T060_P10_H0800_I0600_CN000_F1,0.0,55.368693402328596
T060_P10_H0800_I0600_CN010_F1,25.0,80.46571798188874
T060_P10_H0800_I0600_CN020_F1,56.25,90.03880983182407
T060_P10_H0800_I0600_CN030_F1,78.125,95.86028460543338
T060_P10_H0800_I0600_CN040_F1,87.5,93.27296248382923
T060_P10_H0800_I0600_CN050_F1,78.125,94.04915912031048
T060_P10_H0800_I0600_CN060_F1,78.125,96.11901681759379
T060_P10_H0800_I0600_CN070_F1,90.625,96.63648124191462
T060_P10_H0800_I0600_CN080_F1,84.375,95.21345407503235
T060_P10_H0800_I0600_CN090_F1,75.0,94.04915912031048
T060_P10_H0800_I0600_CN100_F1,56.25,89.13324708926261
T060_P10_H0800_I0800_CN000_F1,0.0,0.0
T060_P10_H0800_I0800_CN010_F1,53.125,20.69857697283312
T060_P10_H0800_I0800_CN020_F1,46.875,34.411384217335055
T060_P10_H0800_I0800_CN030_F1,56.25,43.33764553686934
T060_P10_H0800_I0800_CN040_F1,81.25,42.94954721862872
T060_P10_H0800_I0800_CN050_F1,68.75,48.253557567917206
T060_P10_H0800_I0800_CN060_F1,56.25,64.68305304010349
T060_P10_H0800_I0800_CN070_F1,53.125,66.88227684346701
T060_P10_H0800_I0800_CN080_F1,71.875,77.7490297542044
T060_P10_H0800_I0800_CN090_F1,75.0,60.93143596377749
T060_P10_H0800_I0800_CN100_F1,40.625,39.06856403622251
T060_P10_H0800_I0986_CN000_F1,21.875,0.0
T060_P10_H0800_I0986_CN010_F1,46.875,37.25743855109961
T060_P10_H0800_I0986_CN020_F1,56.25,43.33764553686934
T060_P10_H0800_I0986_CN030_F1,59.375,44.76067270375162
T060_P10_H0800_I0986_CN040_F1,75.0,56.66235446313066
T060_P10_H0800_I0986_CN050_F1,65.625,61.190168175937906
T060_P10_H0800_I0986_CN060_F1,75.0,74.64424320827942
T060_P10_H0800_I0986_CN070_F1,81.25,67.01164294954722
T060_P10_H0800_I0986_CN080_F1,81.25,71.53945666235447
T060_P10_H0800_I0986_CN090_F1,62.5,69.21086675291073
T060_P10_H0800_I0986_CN100_F1,37.5,43.98447606727037
T060_P10_H1000_I0600_CN000_F1,0.0,51.48771021992238
T060_P10_H1000_I0600_CN010_F1,37.5,76.32600258732212
T060_P10_H1000_I0600_CN020_F1,62.5,83.82923673997412
T060_P10_H1000_I0600_CN030_F1,71.875,88.61578266494179
T060_P10_H1000_I0600_CN040_F1,68.75,92.6261319534282
T060_P10_H1000_I0600_CN050_F1,81.25,93.91979301423027
T060_P10_H1000_I0600_CN060_F1,71.875,98.1888745148771
T060_P10_H1000_I0600_CN070_F1,68.75,97.54204398447607
T060_P10_H1000_I0600_CN080_F1,84.375,97.41267787839585
T060_P10_H1000_I0600_CN090_F1,81.25,92.88486416558862
T060_P10_H1000_I0600_CN100_F1,56.25,87.32212160413971
T060_P10_H1000_I0800_CN000_F1,0.0,0.0
T060_P10_H1000_I0800_CN010_F1,50.0,24.838292367399742
T060_P10_H1000_I0800_CN020_F1,46.875,28.33117723156533
T060_P10_H1000_I0800_CN030_F1,59.375,41.00905562742562
T060_P10_H1000_I0800_CN040_F1,71.875,37.386804657179816
T060_P10_H1000_I0800_CN050_F1,81.25,46.183699870633895
T060_P10_H1000_I0800_CN060_F1,50.0,63.26002587322122
T060_P10_H1000_I0800_CN070_F1,53.125,68.17593790426908
T060_P10_H1000_I0800_CN080_F1,75.0,71.15135834411385
T060_P10_H1000_I0800_CN090_F1,59.375,54.075032341526516
T060_P10_H1000_I0800_CN100_F1,25.0,32.85899094437257
T060_P10_H1000_I0986_CN000_F1,28.125,0.0
T060_P10_H1000_I0986_CN010_F1,46.875,36.222509702457955
T060_P10_H1000_I0986_CN020_F1,59.375,49.54721862871928
T060_P10_H1000_I0986_CN030_F1,75.0,56.144890038809834
T060_P10_H1000_I0986_CN040_F1,84.375,58.60284605433377
T060_P10_H1000_I0986_CN050_F1,84.375,58.86157826649418
T060_P10_H1000_I0986_CN060_F1,87.5,69.46959896507116
T060_P10_H1000_I0986_CN070_F1,81.25,67.91720569210867
T060_P10_H1000_I0986_CN080_F1,65.625,71.28072445019404
T060_P10_H1000_I0986_CN090_F1,50.0,64.68305304010349
T060_P10_H1000_I0986_CN100_F1,37.5,49.417852522639066
T120_P03_H0500_I0600_CN000_F1,25.0,9.702457956015524
T120_P03_H0500_I0600_CN010_F1,59.375,77.87839586028461
T120_P03_H0500_I0600_CN020_F1,53.125,88.35705045278137
T120_P03_H0500_I0600_CN030_F1,56.25,88.48641655886158
T120_P03_H0500_I0600_CN040_F1,53.125,83.05304010349288
T120_P03_H0500_I0600_CN050_F1,53.125,82.27684346701164
T120_P03_H0500_I0600_CN060_F1,53.125,81.24191461836999
T120_P03_H0500_I0600_CN070_F1,53.125,82.14747736093143
T120_P03_H0500_I0600_CN080_F1,53.125,87.96895213454074
T120_P03_H0500_I0600_CN090_F1,53.125,77.23156532988357
T120_P03_H0500_I0600_CN100_F1,50.0,38.809831824062094
T120_P03_H0500_I0800_CN000_F1,0.0,0.0
T120_P03_H0500_I0800_CN010_F1,50.0,34.92884864165588
T120_P03_H0500_I0800_CN020_F1,37.5,61.83699870633894
T120_P03_H0500_I0800_CN030_F1,34.375,70.76326002587322
T120_P03_H0500_I0800_CN040_F1,34.375,64.68305304010349
T120_P03_H0500_I0800_CN050_F1,31.25,66.88227684346701
T120_P03_H0500_I0800_CN060_F1,34.375,68.04657179818886
T120_P03_H0500_I0800_CN070_F1,25.0,70.76326002587322
T120_P03_H0500_I0800_CN080_F1,28.125,67.01164294954722
T120_P03_H0500_I0800_CN090_F1,25.0,66.49417852522639
T120_P03_H0500_I0800_CN100_F1,9.375,32.470892626131956
T120_P03_H0500_I0986_CN000_F1,0.0,0.0
T120_P03_H0500_I0986_CN010_F1,40.625,32.60025873221216
T120_P03_H0500_I0986_CN020_F1,43.75,35.058214747736095
T120_P03_H0500_I0986_CN030_F1,37.5,33.3764553686934
T120_P03_H0500_I0986_CN040_F1,28.125,26.39068564036223
T120_P03_H0500_I0986_CN050_F1,18.75,18.36998706338939
T120_P03_H0500_I0986_CN060_F1,25.0,18.88745148771022
T120_P03_H0500_I0986_CN070_F1,18.75,19.016817593790428
T120_P03_H0500_I0986_CN080_F1,31.25,19.27554980595084
T120_P03_H0500_I0986_CN090_F1,53.125,33.50582147477361
T120_P03_H0500_I0986_CN100_F1,12.5,11.384217335058215
T120_P03_H0800_I0600_CN000_F1,21.875,7.373868046571798
T120_P03_H0800_I0600_CN010_F1,53.125,82.14747736093143
T120_P03_H0800_I0600_CN020_F1,56.25,85.76972833117723
T120_P03_H0800_I0600_CN030_F1,53.125,80.46571798188874
T120_P03_H0800_I0600_CN040_F1,53.125,77.49029754204399
T120_P03_H0800_I0600_CN050_F1,53.125,75.03234152652006
T120_P03_H0800_I0600_CN060_F1,53.125,77.49029754204399
T120_P03_H0800_I0600_CN070_F1,53.125,77.36093143596378
T120_P03_H0800_I0600_CN080_F1,53.125,81.75937904269081
T120_P03_H0800_I0600_CN090_F1,53.125,76.19663648124192
T120_P03_H0800_I0600_CN100_F1,43.75,46.830530401034935
T120_P03_H0800_I0800_CN000_F1,0.0,0.0
T120_P03_H0800_I0800_CN010_F1,46.875,54.85122897800776
T120_P03_H0800_I0800_CN020_F1,34.375,68.5640362225097
T120_P03_H0800_I0800_CN030_F1,18.75,82.14747736093143
T120_P03_H0800_I0800_CN040_F1,12.5,76.32600258732212
T120_P03_H0800_I0800_CN050_F1,18.75,76.32600258732212
T120_P03_H0800_I0800_CN060_F1,9.375,79.81888745148771
T120_P03_H0800_I0800_CN070_F1,12.5,71.28072445019404
T120_P03_H0800_I0800_CN080_F1,6.25,79.81888745148771
T120_P03_H0800_I0800_CN090_F1,9.375,77.49029754204399
T120_P03_H0800_I0800_CN100_F1,6.25,36.481241914618366
T120_P03_H0800_I0986_CN000_F1,0.0,0.0
T120_P03_H0800_I0986_CN010_F1,53.125,30.40103492884864
T120_P03_H0800_I0986_CN020_F1,28.125,33.893919793014234
T120_P03_H0800_I0986_CN030_F1,37.5,38.55109961190168
T120_P03_H0800_I0986_CN040_F1,31.25,23.15653298835705
T120_P03_H0800_I0986_CN050_F1,34.375,23.673997412677878
T120_P03_H0800_I0986_CN060_F1,31.25,24.191461836998705
T120_P03_H0800_I0986_CN070_F1,28.125,25.22639068564036
T120_P03_H0800_I0986_CN080_F1,37.5,25.35575679172057
T120_P03_H0800_I0986_CN090_F1,43.75,34.67011642949547
T120_P03_H0800_I0986_CN100_F1,6.25,15.39456662354463
T120_P03_H1000_I0600_CN000_F1,21.875,5.5627425614489
T120_P03_H1000_I0600_CN010_F1,50.0,82.14747736093143
T120_P03_H1000_I0600_CN020_F1,56.25,76.58473479948253
T120_P03_H1000_I0600_CN030_F1,56.25,75.80853816300129
T120_P03_H1000_I0600_CN040_F1,53.125,71.92755498059509
T120_P03_H1000_I0600_CN050_F1,53.125,74.1267787839586
T120_P03_H1000_I0600_CN060_F1,53.125,73.73868046571799
T120_P03_H1000_I0600_CN070_F1,53.125,75.67917205692109
T120_P03_H1000_I0600_CN080_F1,53.125,77.49029754204399
T120_P03_H1000_I0600_CN090_F1,53.125,78.78395860284606
T120_P03_H1000_I0600_CN100_F1,43.75,50.064683053040106
T120_P03_H1000_I0800_CN000_F1,0.0,0.0
T120_P03_H1000_I0800_CN010_F1,43.75,54.980595084087966
T120_P03_H1000_I0800_CN020_F1,25.0,69.59896507115135
T120_P03_H1000_I0800_CN030_F1,18.75,70.2457956015524
T120_P03_H1000_I0800_CN040_F1,18.75,69.98706338939198
T120_P03_H1000_I0800_CN050_F1,18.75,72.83311772315653
T120_P03_H1000_I0800_CN060_F1,15.625,63.518758085381634
T120_P03_H1000_I0800_CN070_F1,18.75,70.5045278137128
T120_P03_H1000_I0800_CN080_F1,18.75,67.65847347994826
T120_P03_H1000_I0800_CN090_F1,15.625,74.1267787839586
T120_P03_H1000_I0800_CN100_F1,15.625,24.191461836998705
T120_P03_H1000_I0986_CN000_F1,0.0,0.0
T120_P03_H1000_I0986_CN010_F1,37.5,33.50582147477361
T120_P03_H1000_I0986_CN020_F1,31.25,33.3764553686934
T120_P03_H1000_I0986_CN030_F1,37.5,36.61060802069858
T120_P03_H1000_I0986_CN040_F1,37.5,22.509702457956017
T120_P03_H1000_I0986_CN050_F1,34.375,24.320827943078914
T120_P03_H1000_I0986_CN060_F1,37.5,23.544631306597672
T120_P03_H1000_I0986_CN070_F1,34.375,26.13195342820181
T120_P03_H1000_I0986_CN080_F1,40.625,27.166882276843467
T120_P03_H1000_I0986_CN090_F1,37.5,30.659767141009052
T120_P03_H1000_I0986_CN100_F1,6.25,16.041397153945667
T120_P05_H0500_I0600_CN000_F1,0.0,5.433376455368694
T120_P05_H0500_I0600_CN010_F1,53.125,62.35446313065977
T120_P05_H0500_I0600_CN020_F1,53.125,63.26002587322122
T120_P05_H0500_I0600_CN030_F1,53.125,65.84734799482536
T120_P05_H0500_I0600_CN040_F1,59.375,68.04657179818886
T120_P05_H0500_I0600_CN050_F1,62.5,66.7529107373868
T120_P05_H0500_I0600_CN060_F1,56.25,65.71798188874514
T120_P05_H0500_I0600_CN070_F1,68.75,66.49417852522639
T120_P05_H0500_I0600_CN080_F1,71.875,69.85769728331177
T120_P05_H0500_I0600_CN090_F1,71.875,70.76326002587322
T120_P05_H0500_I0600_CN100_F1,59.375,54.20439844760673
T120_P05_H0500_I0800_CN000_F1,0.0,0.0
T120_P05_H0500_I0800_CN010_F1,50.0,41.00905562742562
T120_P05_H0500_I0800_CN020_F1,56.25,41.91461836998706
T120_P05_H0500_I0800_CN030_F1,78.125,41.91461836998706
T120_P05_H0500_I0800_CN040_F1,59.375,42.43208279430789
T120_P05_H0500_I0800_CN050_F1,65.625,52.13454075032341
T120_P05_H0500_I0800_CN060_F1,78.125,60.67270375161707
T120_P05_H0500_I0800_CN070_F1,84.375,69.21086675291073
T120_P05_H0500_I0800_CN080_F1,84.375,86.02846054333764
T120_P05_H0500_I0800_CN090_F1,75.0,80.59508408796894
T120_P05_H0500_I0800_CN100_F1,53.125,47.089262613195345
T120_P05_H0500_I0986_CN000_F1,0.0,0.0
T120_P05_H0500_I0986_CN010_F1,53.125,28.072445019404917
T120_P05_H0500_I0986_CN020_F1,62.5,45.019404915912034
T120_P05_H0500_I0986_CN030_F1,59.375,43.72574385510996
T120_P05_H0500_I0986_CN040_F1,53.125,33.3764553686934
T120_P05_H0500_I0986_CN050_F1,53.125,40.7503234152652
T120_P05_H0500_I0986_CN060_F1,56.25,45.019404915912034
T120_P05_H0500_I0986_CN070_F1,59.375,50.19404915912031
T120_P05_H0500_I0986_CN080_F1,65.625,56.27425614489003
T120_P05_H0500_I0986_CN090_F1,62.5,73.86804657179819
T120_P05_H0500_I0986_CN100_F1,37.5,34.152652005174645
T120_P05_H0800_I0600_CN000_F1,0.0,5.692108667529108
T120_P05_H0800_I0600_CN010_F1,46.875,61.319534282018104
T120_P05_H0800_I0600_CN020_F1,53.125,60.67270375161707
T120_P05_H0800_I0600_CN030_F1,53.125,69.21086675291073
T120_P05_H0800_I0600_CN040_F1,50.0,68.82276843467011
T120_P05_H0800_I0600_CN050_F1,56.25,69.34023285899094
T120_P05_H0800_I0600_CN060_F1,56.25,70.89262613195343
T120_P05_H0800_I0600_CN070_F1,56.25,69.59896507115135
T120_P05_H0800_I0600_CN080_F1,59.375,71.41009055627426
T120_P05_H0800_I0600_CN090_F1,68.75,70.76326002587322
T120_P05_H0800_I0600_CN100_F1,53.125,65.97671410090557
T120_P05_H0800_I0800_CN000_F1,0.0,0.0
T120_P05_H0800_I0800_CN010_F1,46.875,40.879689521345405
T120_P05_H0800_I0800_CN020_F1,59.375,35.44631306597672
T120_P05_H0800_I0800_CN030_F1,71.875,52.52263906856404
T120_P05_H0800_I0800_CN040_F1,62.5,50.064683053040106
T120_P05_H0800_I0800_CN050_F1,62.5,55.75679172056921
T120_P05_H0800_I0800_CN060_F1,50.0,59.76714100905562
T120_P05_H0800_I0800_CN070_F1,90.625,69.21086675291073
T120_P05_H0800_I0800_CN080_F1,90.625,82.14747736093143
T120_P05_H0800_I0800_CN090_F1,78.125,74.90297542043984
T120_P05_H0800_I0800_CN100_F1,56.25,44.113842173350584
T120_P05_H0800_I0986_CN000_F1,0.0,0.0
T120_P05_H0800_I0986_CN010_F1,78.125,39.974126778783955
T120_P05_H0800_I0986_CN020_F1,68.75,52.39327296248383
T120_P05_H0800_I0986_CN030_F1,78.125,55.368693402328596
T120_P05_H0800_I0986_CN040_F1,71.875,51.35834411384217
T120_P05_H0800_I0986_CN050_F1,56.25,53.42820181112549
T120_P05_H0800_I0986_CN060_F1,56.25,57.4385510996119
T120_P05_H0800_I0986_CN070_F1,53.125,59.637774902975416
T120_P05_H0800_I0986_CN080_F1,65.625,60.025873221216045
T120_P05_H0800_I0986_CN090_F1,53.125,60.80206985769728
T120_P05_H0800_I0986_CN100_F1,25.0,33.247089262613194
T120_P05_H1000_I0600_CN000_F1,0.0,5.950840879689522
T120_P05_H1000_I0600_CN010_F1,50.0,59.89650711513583
T120_P05_H1000_I0600_CN020_F1,56.25,63.90685640362225
T120_P05_H1000_I0600_CN030_F1,53.125,66.7529107373868
T120_P05_H1000_I0600_CN040_F1,56.25,69.34023285899094
T120_P05_H1000_I0600_CN050_F1,53.125,68.69340232858991
T120_P05_H1000_I0600_CN060_F1,56.25,70.76326002587322
T120_P05_H1000_I0600_CN070_F1,53.125,69.59896507115135
T120_P05_H1000_I0600_CN080_F1,56.25,71.15135834411385
T120_P05_H1000_I0600_CN090_F1,62.5,70.11642949547219
T120_P05_H1000_I0600_CN100_F1,53.125,68.82276843467011
T120_P05_H1000_I0800_CN000_F1,0.0,0.0
T120_P05_H1000_I0800_CN010_F1,34.375,38.16300129366106
T120_P05_H1000_I0800_CN020_F1,68.75,39.19793014230272
T120_P05_H1000_I0800_CN030_F1,46.875,46.95989650711513
T120_P05_H1000_I0800_CN040_F1,50.0,47.60672703751617
T120_P05_H1000_I0800_CN050_F1,53.125,57.17981888745148
T120_P05_H1000_I0800_CN060_F1,25.0,62.8719275549806
T120_P05_H1000_I0800_CN070_F1,68.75,62.613195342820184
T120_P05_H1000_I0800_CN080_F1,59.375,67.52910737386804
T120_P05_H1000_I0800_CN090_F1,78.125,67.27037516170763
T120_P05_H1000_I0800_CN100_F1,37.5,33.247089262613194
T120_P05_H1000_I0986_CN000_F1,0.0,0.0
T120_P05_H1000_I0986_CN010_F1,65.625,41.65588615782665
T120_P05_H1000_I0986_CN020_F1,68.75,55.75679172056921
T120_P05_H1000_I0986_CN030_F1,75.0,66.6235446313066
T120_P05_H1000_I0986_CN040_F1,62.5,53.94566623544631
T120_P05_H1000_I0986_CN050_F1,78.125,61.319534282018104
T120_P05_H1000_I0986_CN060_F1,59.375,57.050452781371284
T120_P05_H1000_I0986_CN070_F1,81.25,60.284605433376456
T120_P05_H1000_I0986_CN080_F1,71.875,61.319534282018104
T120_P05_H1000_I0986_CN090_F1,78.125,64.16558861578267
T120_P05_H1000_I0986_CN100_F1,37.5,36.481241914618366
T120_P10_H0500_I0600_CN000_F1,0.0,27.42561448900388
T120_P10_H0500_I0600_CN010_F1,53.125,75.9379042690815
T120_P10_H0500_I0600_CN020_F1,68.75,89.0038809831824
T120_P10_H0500_I0600_CN030_F1,56.25,90.42690815006468
T120_P10_H0500_I0600_CN040_F1,59.375,95.34282018111256
T120_P10_H0500_I0600_CN050_F1,68.75,96.89521345407503
T120_P10_H0500_I0600_CN060_F1,78.125,96.11901681759379
T120_P10_H0500_I0600_CN070_F1,81.25,94.4372574385511
T120_P10_H0500_I0600_CN080_F1,78.125,96.63648124191462
T120_P10_H0500_I0600_CN090_F1,87.5,95.73091849935317
T120_P10_H0500_I0600_CN100_F1,65.625,90.55627425614489
T120_P10_H0500_I0800_CN000_F1,0.0,0.0
T120_P10_H0500_I0800_CN010_F1,46.875,50.19404915912031
T120_P10_H0500_I0800_CN020_F1,37.5,42.5614489003881
T120_P10_H0500_I0800_CN030_F1,65.625,50.840879689521344
T120_P10_H0500_I0800_CN040_F1,53.125,54.20439844760673
T120_P10_H0500_I0800_CN050_F1,65.625,69.59896507115135
T120_P10_H0500_I0800_CN060_F1,59.375,76.71410090556274
T120_P10_H0500_I0800_CN070_F1,71.875,71.28072445019404
T120_P10_H0500_I0800_CN080_F1,68.75,88.61578266494179
T120_P10_H0500_I0800_CN090_F1,62.5,82.53557567917206
T120_P10_H0500_I0800_CN100_F1,9.375,59.637774902975416
T120_P10_H0500_I0986_CN000_F1,0.0,0.0
T120_P10_H0500_I0986_CN010_F1,56.25,38.292367399741266
T120_P10_H0500_I0986_CN020_F1,25.0,43.07891332470893
T120_P10_H0500_I0986_CN030_F1,40.625,51.09961190168176
T120_P10_H0500_I0986_CN040_F1,37.5,53.04010349288486
T120_P10_H0500_I0986_CN050_F1,43.75,55.10996119016818
T120_P10_H0500_I0986_CN060_F1,62.5,59.76714100905562
T120_P10_H0500_I0986_CN070_F1,68.75,58.86157826649418
T120_P10_H0500_I0986_CN080_F1,56.25,75.9379042690815
T120_P10_H0500_I0986_CN090_F1,56.25,64.55368693402329
T120_P10_H0500_I0986_CN100_F1,31.25,41.91461836998706
T120_P10_H0800_I0600_CN000_F1,0.0,16.946959896507117
T120_P10_H0800_I0600_CN010_F1,37.5,86.02846054333764
T120_P10_H0800_I0600_CN020_F1,59.375,80.85381630012937
T120_P10_H0800_I0600_CN030_F1,37.5,93.27296248382923
T120_P10_H0800_I0600_CN040_F1,34.375,92.6261319534282
T120_P10_H0800_I0600_CN050_F1,53.125,98.57697283311772
T120_P10_H0800_I0600_CN060_F1,46.875,95.21345407503235
T120_P10_H0800_I0600_CN070_F1,71.875,97.80077619663649
T120_P10_H0800_I0600_CN080_F1,78.125,98.70633893919793
T120_P10_H0800_I0600_CN090_F1,75.0,98.57697283311772
T120_P10_H0800_I0600_CN100_F1,46.875,91.07373868046572
T120_P10_H0800_I0800_CN000_F1,0.0,0.0
T120_P10_H0800_I0800_CN010_F1,40.625,49.159120310478656
T120_P10_H0800_I0800_CN020_F1,56.25,40.36222509702458
T120_P10_H0800_I0800_CN030_F1,31.25,49.935316946959894
T120_P10_H0800_I0800_CN040_F1,43.75,56.27425614489003
T120_P10_H0800_I0800_CN050_F1,75.0,61.190168175937906
T120_P10_H0800_I0800_CN060_F1,75.0,60.543337645536866
T120_P10_H0800_I0800_CN070_F1,87.5,65.58861578266495
T120_P10_H0800_I0800_CN080_F1,78.125,83.57050452781371
T120_P10_H0800_I0800_CN090_F1,81.25,63.90685640362225
T120_P10_H0800_I0800_CN100_F1,46.875,48.253557567917206
T120_P10_H0800_I0986_CN000_F1,0.0,0.0
T120_P10_H0800_I0986_CN010_F1,40.625,40.620957309184995
T120_P10_H0800_I0986_CN020_F1,56.25,40.36222509702458
T120_P10_H0800_I0986_CN030_F1,50.0,47.994825355756795
T120_P10_H0800_I0986_CN040_F1,37.5,41.65588615782665
T120_P10_H0800_I0986_CN050_F1,62.5,46.57179818887451
T120_P10_H0800_I0986_CN060_F1,68.75,47.60672703751617
T120_P10_H0800_I0986_CN070_F1,71.875,63.26002587322122
T120_P10_H0800_I0986_CN080_F1,81.25,72.70375161707634
T120_P10_H0800_I0986_CN090_F1,84.375,63.38939197930142
T120_P10_H0800_I0986_CN100_F1,34.375,44.63130659767141
T120_P10_H1000_I0600_CN000_F1,0.0,15.39456662354463
T120_P10_H1000_I0600_CN010_F1,56.25,77.10219922380335
T120_P10_H1000_I0600_CN020_F1,62.5,85.76972833117723
T120_P10_H1000_I0600_CN030_F1,56.25,92.36739974126779
T120_P10_H1000_I0600_CN040_F1,40.625,94.4372574385511
T120_P10_H1000_I0600_CN050_F1,62.5,96.11901681759379
T120_P10_H1000_I0600_CN060_F1,62.5,96.248382923674
T120_P10_H1000_I0600_CN070_F1,78.125,96.89521345407503
T120_P10_H1000_I0600_CN080_F1,75.0,98.1888745148771
T120_P10_H1000_I0600_CN090_F1,84.375,98.70633893919793
T120_P10_H1000_I0600_CN100_F1,50.0,87.83958602846054
T120_P10_H1000_I0800_CN000_F1,0.0,0.0
T120_P10_H1000_I0800_CN010_F1,34.375,45.278137128072444
T120_P10_H1000_I0800_CN020_F1,50.0,47.089262613195345
T120_P10_H1000_I0800_CN030_F1,37.5,50.45278137128072
T120_P10_H1000_I0800_CN040_F1,65.625,60.543337645536866
T120_P10_H1000_I0800_CN050_F1,59.375,61.96636481241915
T120_P10_H1000_I0800_CN060_F1,71.875,53.557567917205695
T120_P10_H1000_I0800_CN070_F1,75.0,64.03622250970245
T120_P10_H1000_I0800_CN080_F1,75.0,74.38551099611902
T120_P10_H1000_I0800_CN090_F1,75.0,63.90685640362225
T120_P10_H1000_I0800_CN100_F1,18.75,35.83441138421733
T120_P10_H1000_I0986_CN000_F1,6.25,0.0
T120_P10_H1000_I0986_CN010_F1,50.0,52.91073738680466
T120_P10_H1000_I0986_CN020_F1,65.625,45.66623544631307
T120_P10_H1000_I0986_CN030_F1,43.75,49.28848641655886
T120_P10_H1000_I0986_CN040_F1,43.75,56.53298835705045
T120_P10_H1000_I0986_CN050_F1,56.25,60.15523932729625
T120_P10_H1000_I0986_CN060_F1,71.875,67.27037516170763
T120_P10_H1000_I0986_CN070_F1,68.75,69.34023285899094
T120_P10_H1000_I0986_CN080_F1,78.125,66.49417852522639
T120_P10_H1000_I0986_CN090_F1,62.5,64.55368693402329
T120_P10_H1000_I0986_CN100_F1,43.75,44.76067270375162
T180_P03_H0500_I0600_CN000_F1,18.75,7.761966364812419
T180_P03_H0500_I0600_CN010_F1,56.25,82.53557567917206
T180_P03_H0500_I0600_CN020_F1,56.25,89.52134540750323
T180_P03_H0500_I0600_CN030_F1,53.125,81.37128072445019
T180_P03_H0500_I0600_CN040_F1,53.125,77.87839586028461
T180_P03_H0500_I0600_CN050_F1,53.125,77.23156532988357
T180_P03_H0500_I0600_CN060_F1,53.125,76.45536869340232
T180_P03_H0500_I0600_CN070_F1,53.125,79.81888745148771
T180_P03_H0500_I0600_CN080_F1,53.125,85.51099611901681
T180_P03_H0500_I0600_CN090_F1,53.125,87.45148771021992
T180_P03_H0500_I0600_CN100_F1,46.875,35.57567917205692
T180_P03_H0500_I0800_CN000_F1,0.0,0.0
T180_P03_H0500_I0800_CN010_F1,37.5,46.95989650711513
T180_P03_H0500_I0800_CN020_F1,37.5,71.66882276843467
T180_P03_H0500_I0800_CN030_F1,37.5,65.20051746442432
T180_P03_H0500_I0800_CN040_F1,31.25,71.28072445019404
T180_P03_H0500_I0800_CN050_F1,37.5,72.83311772315653
T180_P03_H0500_I0800_CN060_F1,34.375,77.36093143596378
T180_P03_H0500_I0800_CN070_F1,31.25,75.80853816300129
T180_P03_H0500_I0800_CN080_F1,28.125,72.96248382923673
T180_P03_H0500_I0800_CN090_F1,15.625,71.66882276843467
T180_P03_H0500_I0800_CN100_F1,9.375,31.565329883570502
T180_P03_H0500_I0986_CN000_F1,0.0,0.0
T180_P03_H0500_I0986_CN010_F1,46.875,31.4359637774903
T180_P03_H0500_I0986_CN020_F1,40.625,31.177231565329883
T180_P03_H0500_I0986_CN030_F1,28.125,17.852522639068564
T180_P03_H0500_I0986_CN040_F1,28.125,18.36998706338939
T180_P03_H0500_I0986_CN050_F1,28.125,17.46442432082794
T180_P03_H0500_I0986_CN060_F1,25.0,17.72315653298836
T180_P03_H0500_I0986_CN070_F1,28.125,17.852522639068564
T180_P03_H0500_I0986_CN080_F1,25.0,18.628719275549805
T180_P03_H0500_I0986_CN090_F1,46.875,18.758085381630014
T180_P03_H0500_I0986_CN100_F1,6.25,9.831824062095732
T180_P03_H0800_I0600_CN000_F1,18.75,5.5627425614489
T180_P03_H0800_I0600_CN010_F1,59.375,84.47606727037517
T180_P03_H0800_I0600_CN020_F1,56.25,77.49029754204399
T180_P03_H0800_I0600_CN030_F1,53.125,74.1267787839586
T180_P03_H0800_I0600_CN040_F1,53.125,73.99741267787839
T180_P03_H0800_I0600_CN050_F1,53.125,74.51487710219922
T180_P03_H0800_I0600_CN060_F1,53.125,74.1267787839586
T180_P03_H0800_I0600_CN070_F1,53.125,76.32600258732212
T180_P03_H0800_I0600_CN080_F1,53.125,79.17205692108668
T180_P03_H0800_I0600_CN090_F1,53.125,83.95860284605433
T180_P03_H0800_I0600_CN100_F1,43.75,43.855109961190166
T180_P03_H0800_I0800_CN000_F1,0.0,0.0
T180_P03_H0800_I0800_CN010_F1,37.5,64.94178525226391
T180_P03_H0800_I0800_CN020_F1,25.0,81.24191461836999
T180_P03_H0800_I0800_CN030_F1,6.25,78.26649417852522
T180_P03_H0800_I0800_CN040_F1,9.375,77.87839586028461
T180_P03_H0800_I0800_CN050_F1,9.375,75.67917205692109
T180_P03_H0800_I0800_CN060_F1,9.375,75.80853816300129
T180_P03_H0800_I0800_CN070_F1,6.25,77.7490297542044
T180_P03_H0800_I0800_CN080_F1,9.375,73.09184993531694
T180_P03_H0800_I0800_CN090_F1,6.25,78.91332470892625
T180_P03_H0800_I0800_CN100_F1,6.25,32.082794307891334
T180_P03_H0800_I0986_CN000_F1,0.0,0.0
T180_P03_H0800_I0986_CN010_F1,34.375,29.88357050452781
T180_P03_H0800_I0986_CN020_F1,40.625,41.26778783958603
T180_P03_H0800_I0986_CN030_F1,28.125,22.639068564036222
T180_P03_H0800_I0986_CN040_F1,31.25,22.121604139715394
T180_P03_H0800_I0986_CN050_F1,40.625,22.509702457956017
T180_P03_H0800_I0986_CN060_F1,28.125,22.639068564036222
T180_P03_H0800_I0986_CN070_F1,34.375,23.93272962483829
T180_P03_H0800_I0986_CN080_F1,25.0,25.35575679172057
T180_P03_H0800_I0986_CN090_F1,34.375,27.684346701164298
T180_P03_H0800_I0986_CN100_F1,9.375,13.195342820181114
T180_P03_H1000_I0600_CN000_F1,21.875,4.657179818887451
T180_P03_H1000_I0600_CN010_F1,53.125,80.20698576972833
T180_P03_H1000_I0600_CN020_F1,56.25,72.70375161707634
T180_P03_H1000_I0600_CN030_F1,53.125,70.89262613195343
T180_P03_H1000_I0600_CN040_F1,53.125,71.92755498059509
T180_P03_H1000_I0600_CN050_F1,53.125,71.41009055627426
T180_P03_H1000_I0600_CN060_F1,53.125,72.44501940491591
T180_P03_H1000_I0600_CN070_F1,53.125,71.92755498059509
T180_P03_H1000_I0600_CN080_F1,53.125,73.99741267787839
T180_P03_H1000_I0600_CN090_F1,53.125,86.54592496765846
T180_P03_H1000_I0600_CN100_F1,40.625,47.994825355756795
T180_P03_H1000_I0800_CN000_F1,0.0,0.0
T180_P03_H1000_I0800_CN010_F1,37.5,67.65847347994826
T180_P03_H1000_I0800_CN020_F1,18.75,75.16170763260025
T180_P03_H1000_I0800_CN030_F1,21.875,74.38551099611902
T180_P03_H1000_I0800_CN040_F1,15.625,68.69340232858991
T180_P03_H1000_I0800_CN050_F1,15.625,64.42432082794308
T180_P03_H1000_I0800_CN060_F1,12.5,65.32988357050453
T180_P03_H1000_I0800_CN070_F1,15.625,61.96636481241915
T180_P03_H1000_I0800_CN080_F1,18.75,68.30530401034929
T180_P03_H1000_I0800_CN090_F1,12.5,66.49417852522639
T180_P03_H1000_I0800_CN100_F1,15.625,20.827943078913325
T180_P03_H1000_I0986_CN000_F1,0.0,0.0
T180_P03_H1000_I0986_CN010_F1,31.25,30.012936610608023
T180_P03_H1000_I0986_CN020_F1,31.25,34.54075032341527
T180_P03_H1000_I0986_CN030_F1,28.125,21.08667529107374
T180_P03_H1000_I0986_CN040_F1,34.375,22.2509702457956
T180_P03_H1000_I0986_CN050_F1,25.0,22.76843467011643
T180_P03_H1000_I0986_CN060_F1,31.25,23.02716688227684
T180_P03_H1000_I0986_CN070_F1,34.375,24.320827943078914
T180_P03_H1000_I0986_CN080_F1,31.25,25.74385510996119
T180_P03_H1000_I0986_CN090_F1,40.625,28.978007761966364
T180_P03_H1000_I0986_CN100_F1,6.25,14.23027166882277
T180_P05_H0500_I0600_CN000_F1,0.0,4.527813712807244
T180_P05_H0500_I0600_CN010_F1,56.25,61.0608020698577
T180_P05_H0500_I0600_CN020_F1,53.125,63.26002587322122
T180_P05_H0500_I0600_CN030_F1,59.375,66.7529107373868
T180_P05_H0500_I0600_CN040_F1,62.5,62.09573091849935
T180_P05_H0500_I0600_CN050_F1,59.375,61.190168175937906
T180_P05_H0500_I0600_CN060_F1,65.625,62.09573091849935
T180_P05_H0500_I0600_CN070_F1,65.625,63.77749029754204
T180_P05_H0500_I0600_CN080_F1,62.5,68.4346701164295
T180_P05_H0500_I0600_CN090_F1,68.75,72.70375161707634
T180_P05_H0500_I0600_CN100_F1,59.375,53.29883570504528
T180_P05_H0500_I0800_CN000_F1,0.0,0.0
T180_P05_H0500_I0800_CN010_F1,71.875,34.92884864165588
T180_P05_H0500_I0800_CN020_F1,78.125,35.44631306597672
T180_P05_H0500_I0800_CN030_F1,50.0,37.77490297542044
T180_P05_H0500_I0800_CN040_F1,71.875,53.557567917205695
T180_P05_H0500_I0800_CN050_F1,65.625,58.34411384217335
T180_P05_H0500_I0800_CN060_F1,62.5,56.01552393272963
T180_P05_H0500_I0800_CN070_F1,59.375,64.16558861578267
T180_P05_H0500_I0800_CN080_F1,75.0,72.96248382923673
T180_P05_H0500_I0800_CN090_F1,75.0,81.37128072445019
T180_P05_H0500_I0800_CN100_F1,34.375,45.14877102199224
T180_P05_H0500_I0986_CN000_F1,0.0,0.0
T180_P05_H0500_I0986_CN010_F1,59.375,23.02716688227684
T180_P05_H0500_I0986_CN020_F1,56.25,43.98447606727037
T180_P05_H0500_I0986_CN030_F1,62.5,37.25743855109961
T180_P05_H0500_I0986_CN040_F1,65.625,37.51617076326003
T180_P05_H0500_I0986_CN050_F1,65.625,37.51617076326003
T180_P05_H0500_I0986_CN060_F1,62.5,48.124191461837
T180_P05_H0500_I0986_CN070_F1,53.125,56.53298835705045
T180_P05_H0500_I0986_CN080_F1,59.375,60.025873221216045
T180_P05_H0500_I0986_CN090_F1,56.25,71.92755498059509
T180_P05_H0500_I0986_CN100_F1,40.625,30.142302716688228
T180_P05_H0800_I0600_CN000_F1,0.0,4.3984476067270375
T180_P05_H0800_I0600_CN010_F1,56.25,58.34411384217335
T180_P05_H0800_I0600_CN020_F1,53.125,70.89262613195343
T180_P05_H0800_I0600_CN030_F1,59.375,67.01164294954722
T180_P05_H0800_I0600_CN040_F1,56.25,67.78783958602847
T180_P05_H0800_I0600_CN050_F1,59.375,67.65847347994826
T180_P05_H0800_I0600_CN060_F1,59.375,68.30530401034929
T180_P05_H0800_I0600_CN070_F1,46.875,67.39974126778783
T180_P05_H0800_I0600_CN080_F1,59.375,67.91720569210867
T180_P05_H0800_I0600_CN090_F1,65.625,71.41009055627426
T180_P05_H0800_I0600_CN100_F1,56.25,66.10608020698578
T180_P05_H0800_I0800_CN000_F1,0.0,0.0
T180_P05_H0800_I0800_CN010_F1,50.0,38.939197930142306
T180_P05_H0800_I0800_CN020_F1,65.625,49.935316946959894
T180_P05_H0800_I0800_CN030_F1,43.75,45.278137128072444
T180_P05_H0800_I0800_CN040_F1,53.125,49.029754204398444
T180_P05_H0800_I0800_CN050_F1,59.375,53.29883570504528
T180_P05_H0800_I0800_CN060_F1,40.625,55.498059508408794
T180_P05_H0800_I0800_CN070_F1,43.75,61.319534282018104
T180_P05_H0800_I0800_CN080_F1,78.125,67.78783958602847
T180_P05_H0800_I0800_CN090_F1,71.875,64.8124191461837
T180_P05_H0800_I0800_CN100_F1,34.375,38.55109961190168
T180_P05_H0800_I0986_CN000_F1,0.0,0.0
T180_P05_H0800_I0986_CN010_F1,75.0,38.55109961190168
T180_P05_H0800_I0986_CN020_F1,68.75,50.064683053040106
T180_P05_H0800_I0986_CN030_F1,56.25,50.064683053040106
T180_P05_H0800_I0986_CN040_F1,56.25,48.124191461837
T180_P05_H0800_I0986_CN050_F1,62.5,52.52263906856404
T180_P05_H0800_I0986_CN060_F1,59.375,55.627425614489
T180_P05_H0800_I0986_CN070_F1,53.125,58.34411384217335
T180_P05_H0800_I0986_CN080_F1,53.125,62.225097024579554
T180_P05_H0800_I0986_CN090_F1,71.875,61.448900388098316
T180_P05_H0800_I0986_CN100_F1,25.0,33.247089262613194
T180_P05_H1000_I0600_CN000_F1,0.0,5.045278137128072
T180_P05_H1000_I0600_CN010_F1,53.125,59.89650711513583
T180_P05_H1000_I0600_CN020_F1,53.125,68.04657179818886
T180_P05_H1000_I0600_CN030_F1,53.125,71.53945666235447
T180_P05_H1000_I0600_CN040_F1,53.125,67.91720569210867
T180_P05_H1000_I0600_CN050_F1,56.25,69.08150064683053
T180_P05_H1000_I0600_CN060_F1,56.25,72.0569210866753
T180_P05_H1000_I0600_CN070_F1,53.125,70.89262613195343
T180_P05_H1000_I0600_CN080_F1,56.25,69.46959896507116
T180_P05_H1000_I0600_CN090_F1,68.75,71.28072445019404
T180_P05_H1000_I0600_CN100_F1,56.25,68.95213454075032
T180_P05_H1000_I0800_CN000_F1,0.0,0.0
T180_P05_H1000_I0800_CN010_F1,43.75,35.44631306597672
T180_P05_H1000_I0800_CN020_F1,50.0,47.347994825355755
T180_P05_H1000_I0800_CN030_F1,53.125,48.51228978007762
T180_P05_H1000_I0800_CN040_F1,25.0,50.45278137128072
T180_P05_H1000_I0800_CN050_F1,53.125,50.32341526520052
T180_P05_H1000_I0800_CN060_F1,43.75,44.372574385511
T180_P05_H1000_I0800_CN070_F1,40.625,53.557567917205695
T180_P05_H1000_I0800_CN080_F1,62.5,54.980595084087966
T180_P05_H1000_I0800_CN090_F1,62.5,64.03622250970245
T180_P05_H1000_I0800_CN100_F1,28.125,32.85899094437257
T180_P05_H1000_I0986_CN000_F1,0.0,0.0
T180_P05_H1000_I0986_CN010_F1,71.875,47.86545924967658
T180_P05_H1000_I0986_CN020_F1,68.75,61.448900388098316
T180_P05_H1000_I0986_CN030_F1,59.375,53.169469598965065
T180_P05_H1000_I0986_CN040_F1,59.375,51.746442432082794
T180_P05_H1000_I0986_CN050_F1,65.625,51.09961190168176
T180_P05_H1000_I0986_CN060_F1,65.625,54.59249676584734
T180_P05_H1000_I0986_CN070_F1,65.625,58.86157826649418
T180_P05_H1000_I0986_CN080_F1,71.875,59.50840879689522
T180_P05_H1000_I0986_CN090_F1,71.875,57.17981888745148
T180_P05_H1000_I0986_CN100_F1,12.5,26.52005174644243
T180_P10_H0500_I0600_CN000_F1,0.0,7.373868046571798
T180_P10_H0500_I0600_CN010_F1,65.625,79.6895213454075
T180_P10_H0500_I0600_CN020_F1,59.375,86.41655886157827
T180_P10_H0500_I0600_CN030_F1,50.0,91.46183699870633
T180_P10_H0500_I0600_CN040_F1,65.625,93.53169469598966
T180_P10_H0500_I0600_CN050_F1,71.875,95.47218628719276
T180_P10_H0500_I0600_CN060_F1,65.625,95.47218628719276
T180_P10_H0500_I0600_CN070_F1,68.75,97.54204398447607
T180_P10_H0500_I0600_CN080_F1,84.375,95.60155239327295
T180_P10_H0500_I0600_CN090_F1,81.25,96.89521345407503
T180_P10_H0500_I0600_CN100_F1,46.875,89.13324708926261
T180_P10_H0500_I0800_CN000_F1,0.0,0.0
T180_P10_H0500_I0800_CN010_F1,25.0,45.924967658473484
T180_P10_H0500_I0800_CN020_F1,50.0,46.05433376455368
T180_P10_H0500_I0800_CN030_F1,46.875,63.77749029754204
T180_P10_H0500_I0800_CN040_F1,46.875,68.17593790426908
T180_P10_H0500_I0800_CN050_F1,43.75,68.5640362225097
T180_P10_H0500_I0800_CN060_F1,56.25,69.08150064683053
T180_P10_H0500_I0800_CN070_F1,56.25,72.83311772315653
T180_P10_H0500_I0800_CN080_F1,78.125,78.00776196636481
T180_P10_H0500_I0800_CN090_F1,78.125,85.89909443725745
T180_P10_H0500_I0800_CN100_F1,34.375,59.637774902975416
T180_P10_H0500_I0986_CN000_F1,0.0,0.0
T180_P10_H0500_I0986_CN010_F1,6.25,43.98447606727037
T180_P10_H0500_I0986_CN020_F1,28.125,46.3130659767141
T180_P10_H0500_I0986_CN030_F1,28.125,50.19404915912031
T180_P10_H0500_I0986_CN040_F1,31.25,46.05433376455368
T180_P10_H0500_I0986_CN050_F1,43.75,51.746442432082794
T180_P10_H0500_I0986_CN060_F1,43.75,52.91073738680466
T180_P10_H0500_I0986_CN070_F1,68.75,58.73221216041398
T180_P10_H0500_I0986_CN080_F1,53.125,69.21086675291073
T180_P10_H0500_I0986_CN090_F1,68.75,79.5601552393273
T180_P10_H0500_I0986_CN100_F1,31.25,46.3130659767141
T180_P10_H0800_I0600_CN000_F1,0.0,8.020698576972833
T180_P10_H0800_I0600_CN010_F1,56.25,85.38163001293661
T180_P10_H0800_I0600_CN020_F1,43.75,90.94437257438551
T180_P10_H0800_I0600_CN030_F1,50.0,93.53169469598966
T180_P10_H0800_I0600_CN040_F1,46.875,95.08408796895213
T180_P10_H0800_I0600_CN050_F1,62.5,97.67141009055628
T180_P10_H0800_I0600_CN060_F1,50.0,96.76584734799482
T180_P10_H0800_I0600_CN070_F1,68.75,95.73091849935317
T180_P10_H0800_I0600_CN080_F1,81.25,97.02457956015525
T180_P10_H0800_I0600_CN090_F1,84.375,98.1888745148771
T180_P10_H0800_I0600_CN100_F1,40.625,90.16817593790427
T180_P10_H0800_I0800_CN000_F1,0.0,0.0
T180_P10_H0800_I0800_CN010_F1,68.75,48.77102199223803
T180_P10_H0800_I0800_CN020_F1,15.625,46.57179818887451
T180_P10_H0800_I0800_CN030_F1,43.75,55.886157826649416
T180_P10_H0800_I0800_CN040_F1,34.375,58.99094437257438
T180_P10_H0800_I0800_CN050_F1,50.0,64.16558861578267
T180_P10_H0800_I0800_CN060_F1,43.75,61.57826649417852
T180_P10_H0800_I0800_CN070_F1,56.25,53.557567917205695
T180_P10_H0800_I0800_CN080_F1,93.75,72.96248382923673
T180_P10_H0800_I0800_CN090_F1,75.0,65.71798188874514
T180_P10_H0800_I0800_CN100_F1,28.125,39.974126778783955
T180_P10_H0800_I0986_CN000_F1,0.0,0.0
T180_P10_H0800_I0986_CN010_F1,40.625,42.94954721862872
T180_P10_H0800_I0986_CN020_F1,40.625,45.924967658473484
T180_P10_H0800_I0986_CN030_F1,50.0,43.72574385510996
T180_P10_H0800_I0986_CN040_F1,21.875,39.84476067270375
T180_P10_H0800_I0986_CN050_F1,25.0,47.86545924967658
T180_P10_H0800_I0986_CN060_F1,53.125,48.38292367399741
T180_P10_H0800_I0986_CN070_F1,78.125,60.67270375161707
T180_P10_H0800_I0986_CN080_F1,81.25,62.613195342820184
T180_P10_H0800_I0986_CN090_F1,81.25,71.66882276843467
T180_P10_H0800_I0986_CN100_F1,31.25,39.84476067270375
T180_P10_H1000_I0600_CN000_F1,0.0,8.408796895213454
T180_P10_H1000_I0600_CN010_F1,59.375,80.85381630012937
T180_P10_H1000_I0600_CN020_F1,62.5,87.71021992238033
T180_P10_H1000_I0600_CN030_F1,56.25,91.46183699870633
T180_P10_H1000_I0600_CN040_F1,37.5,87.71021992238033
T180_P10_H1000_I0600_CN050_F1,40.625,98.70633893919793
T180_P10_H1000_I0600_CN060_F1,56.25,96.89521345407503
T180_P10_H1000_I0600_CN070_F1,50.0,98.1888745148771
T180_P10_H1000_I0600_CN080_F1,56.25,97.80077619663649
T180_P10_H1000_I0600_CN090_F1,71.875,99.09443725743856
T180_P10_H1000_I0600_CN100_F1,50.0,86.80465717981889
T180_P10_H1000_I0800_CN000_F1,0.0,0.0
T180_P10_H1000_I0800_CN010_F1,53.125,52.39327296248383
T180_P10_H1000_I0800_CN020_F1,37.5,54.72186287192755
T180_P10_H1000_I0800_CN030_F1,46.875,56.403622250970244
T180_P10_H1000_I0800_CN040_F1,43.75,51.87580853816301
T180_P10_H1000_I0800_CN050_F1,59.375,57.17981888745148
T180_P10_H1000_I0800_CN060_F1,75.0,57.82664941785253
T180_P10_H1000_I0800_CN070_F1,46.875,48.51228978007762
T180_P10_H1000_I0800_CN080_F1,87.5,53.8163001293661
T180_P10_H1000_I0800_CN090_F1,75.0,56.27425614489003
T180_P10_H1000_I0800_CN100_F1,37.5,30.142302716688228
T180_P10_H1000_I0986_CN000_F1,0.0,0.0
T180_P10_H1000_I0986_CN010_F1,62.5,44.89003880983182
T180_P10_H1000_I0986_CN020_F1,18.75,46.70116429495472
T180_P10_H1000_I0986_CN030_F1,56.25,47.994825355756795
T180_P10_H1000_I0986_CN040_F1,37.5,50.71151358344114
T180_P10_H1000_I0986_CN050_F1,46.875,49.029754204398444
T180_P10_H1000_I0986_CN060_F1,62.5,57.95601552393273
T180_P10_H1000_I0986_CN070_F1,56.25,62.74256144890039
T180_P10_H1000_I0986_CN080_F1,87.5,66.49417852522639
T180_P10_H1000_I0986_CN090_F1,78.125,58.86157826649418
T180_P10_H1000_I0986_CN100_F1,28.125,43.07891332470893
