scenario_id,factor,level,metric,n,mean,std,p05,p95
nominal_original,n_satellites,60.0,observation_success_percent,297,60.13257575757576,23.39138583825839,6.25,90.625
nominal_original,n_satellites,120.0,observation_success_percent,297,62.24747474747475,24.60363350418618,6.25,93.75
nominal_original,n_satellites,180.0,observation_success_percent,286,61.78977272727273,25.34184274515363,6.25,92.96875
nominal_original,n_satellites,60.0,s100_surviving_before_deadline_percent,297,1.473063973063973,3.3884258791452395,0.0,6.8749999999999645
nominal_original,n_satellites,120.0,s100_surviving_before_deadline_percent,297,0.3261784511784512,1.3563829802063792,0.0,3.125
nominal_original,n_satellites,180.0,s100_surviving_before_deadline_percent,286,0.07648601398601398,0.6091372773117094,0.0,0.0
nominal_original,n_satellites,60.0,mean_surviving_coverage_deadline_percent,297,22.738322535773513,10.440472967763652,4.8992178677806795,39.71050148242835
nominal_original,n_satellites,120.0,mean_surviving_coverage_deadline_percent,297,13.497947993191861,6.600919110853949,2.0978942035882957,23.08590917064052
nominal_original,n_satellites,180.0,mean_surviving_coverage_deadline_percent,286,9.547952796828444,4.709695859342306,1.14028813166346,17.10041279582722
nominal_original,n_planes,3.0,observation_success_percent,297,41.15109427609428,17.083127593512177,6.25,56.25
nominal_original,n_planes,5.0,observation_success_percent,297,69.52861952861953,20.109729117580258,27.500000000000004,93.75
nominal_original,n_planes,10.0,observation_success_percent,286,73.94012237762237,21.557137172063147,25.78125,93.75
nominal_original,n_planes,3.0,s100_surviving_before_deadline_percent,297,1.188973063973064,3.1980829940934674,0.0,6.25
nominal_original,n_planes,5.0,s100_surviving_before_deadline_percent,297,0.4313973063973064,1.7548428118543964,0.0,3.125
nominal_original,n_planes,10.0,s100_surviving_before_deadline_percent,286,0.26223776223776224,1.0136475179465423,0.0,3.125
nominal_original,n_planes,3.0,mean_surviving_coverage_deadline_percent,297,13.727452180360524,10.302219239945899,1.607308143507239,38.91826630904057
nominal_original,n_planes,5.0,mean_surviving_coverage_deadline_percent,297,16.153247715816924,9.31953089032814,2.443707139482143,33.68373564840956
nominal_original,n_planes,10.0,mean_surviving_coverage_deadline_percent,286,16.147968453954363,8.390165684515654,2.3714181129763556,31.663585243775103
nominal_original,altitude_km,500.0,observation_success_percent,297,61.59511784511785,24.227329046051697,0.0,93.75
nominal_original,altitude_km,800.0,observation_success_percent,297,62.17382154882155,25.0736380580216,6.25,93.75
nominal_original,altitude_km,1000.0,observation_success_percent,286,60.34746503496503,24.02947879184118,9.375,90.625
nominal_original,altitude_km,500.0,s100_surviving_before_deadline_percent,297,0.2735690235690236,1.2282190424897819,0.0,3.125
nominal_original,altitude_km,800.0,s100_surviving_before_deadline_percent,297,0.8522727272727273,2.687423217576374,0.0,6.25
nominal_original,altitude_km,1000.0,s100_surviving_before_deadline_percent,286,0.7757867132867133,2.4653167463050907,0.0,6.25
nominal_original,altitude_km,500.0,mean_surviving_coverage_deadline_percent,297,13.483248985943638,8.08775285795019,2.1513496176558506,28.898842919114493
nominal_original,altitude_km,800.0,mean_surviving_coverage_deadline_percent,297,16.062027654716093,9.84527553106979,1.9816797422067314,35.381132870222054
nominal_original,altitude_km,1000.0,mean_surviving_coverage_deadline_percent,286,16.496292603915073,10.040041411523664,2.114047759875373,35.931316378178735
nominal_original,inclination_deg,60.0,observation_success_percent,297,67.08754208754209,13.526704088545268,53.125,90.625
nominal_original,inclination_deg,80.0,observation_success_percent,297,56.05008417508417,31.32580781420465,0.0,93.75
nominal_original,inclination_deg,98.6,observation_success_percent,286,61.00305944055944,23.850616542694024,6.25,90.625
nominal_original,inclination_deg,60.0,s100_surviving_before_deadline_percent,297,0.35774410774410775,1.520852733057769,0.0,3.125
nominal_original,inclination_deg,80.0,s100_surviving_before_deadline_percent,297,0.3367003367003367,1.3898749656115366,0.0,3.7499999999999645
nominal_original,inclination_deg,98.6,s100_surviving_before_deadline_percent,286,1.2237762237762237,3.228228465185311,0.0,6.25
nominal_original,inclination_deg,60.0,mean_surviving_coverage_deadline_percent,297,13.936518804160592,8.64234367344841,2.6065813569231886,31.415979388069918
nominal_original,inclination_deg,80.0,mean_surviving_coverage_deadline_percent,297,15.154031959925877,8.914877295851246,1.6530395829154543,32.66944185737722
nominal_original,inclination_deg,98.6,mean_surviving_coverage_deadline_percent,286,16.968507937279615,10.489119830636866,1.5908844976933452,39.27632252598251
nominal_original,cn_fraction_percent,0.0,observation_success_percent,80,29.140625,30.162136854082974,0.0,72.03124999999999
nominal_original,cn_fraction_percent,10.0,observation_success_percent,80,64.8828125,13.436476539623094,40.625,84.53124999999999
nominal_original,cn_fraction_percent,20.0,observation_success_percent,80,67.1875,16.445994279705356,40.46875,90.625
nominal_original,cn_fraction_percent,30.0,observation_success_percent,80,69.0625,18.70114944345211,28.125,93.75
nominal_original,cn_fraction_percent,40.0,observation_success_percent,80,69.921875,19.040309246089173,28.125,90.625
nominal_original,cn_fraction_percent,50.0,observation_success_percent,80,71.1328125,20.82554822236061,27.96875,96.875
nominal_original,cn_fraction_percent,60.0,observation_success_percent,80,70.703125,19.766580676225892,31.09375,93.90624999999999
nominal_original,cn_fraction_percent,70.0,observation_success_percent,80,69.3359375,20.423072644973555,30.9375,93.75
nominal_original,cn_fraction_percent,80.0,observation_success_percent,80,67.03125,20.123112970733715,24.84375,90.625
nominal_original,cn_fraction_percent,90.0,observation_success_percent,80,61.1328125,20.397332287778948,18.59375,84.375
nominal_original,cn_fraction_percent,100.0,observation_success_percent,80,35.703125,18.097664622660677,6.25,59.375
nominal_original,cn_fraction_percent,0.0,s100_surviving_before_deadline_percent,80,0.78125,2.700613795680108,0.0,6.25
nominal_original,cn_fraction_percent,10.0,s100_surviving_before_deadline_percent,80,1.71875,3.368664940449355,0.0,6.406249999999991
nominal_original,cn_fraction_percent,20.0,s100_surviving_before_deadline_percent,80,1.40625,3.1407829286761113,0.0,6.406249999999991
nominal_original,cn_fraction_percent,30.0,s100_surviving_before_deadline_percent,80,1.3671875,3.781635742433341,0.0,6.406249999999991
nominal_original,cn_fraction_percent,40.0,s100_surviving_before_deadline_percent,80,0.46875,1.4999340702810484,0.0,3.281249999999991
nominal_original,cn_fraction_percent,50.0,s100_surviving_before_deadline_percent,80,0.5859375,2.0557492849631696,0.0,3.281249999999991
nominal_original,cn_fraction_percent,60.0,s100_surviving_before_deadline_percent,80,0.3125,1.1766450913024182,0.0,3.125
nominal_original,cn_fraction_percent,70.0,s100_surviving_before_deadline_percent,80,0.15625,0.6853750243849224,0.0,0.15624999999999112
nominal_original,cn_fraction_percent,80.0,s100_surviving_before_deadline_percent,80,0.078125,0.4909686724647227,0.0,0.0
nominal_original,cn_fraction_percent,90.0,s100_surviving_before_deadline_percent,80,0.078125,0.4909686724647227,0.0,0.0
nominal_original,cn_fraction_percent,100.0,s100_surviving_before_deadline_percent,80,0.0,0.0,0.0,0.0
nominal_original,cn_fraction_percent,0.0,mean_surviving_coverage_deadline_percent,80,12.365273485947322,7.589358297761254,3.226766378775139,28.772538406931695
nominal_original,cn_fraction_percent,10.0,mean_surviving_coverage_deadline_percent,80,20.39410424012926,8.995900735030483,7.907218182071611,38.21216639093477
nominal_original,cn_fraction_percent,20.0,mean_surviving_coverage_deadline_percent,80,20.665035789274448,9.752690860197468,7.554727716689743,39.73564242336698
nominal_original,cn_fraction_percent,30.0,mean_surviving_coverage_deadline_percent,80,20.332701093705303,10.279213569969126,6.789286498307118,39.43758818254436
nominal_original,cn_fraction_percent,40.0,mean_surviving_coverage_deadline_percent,80,19.231550121172244,9.29638312131745,6.4676608645192255,35.87410324645393
nominal_original,cn_fraction_percent,50.0,mean_surviving_coverage_deadline_percent,80,19.005393736051815,9.434678634363124,6.390839334150167,36.59817385876185
nominal_original,cn_fraction_percent,60.0,mean_surviving_coverage_deadline_percent,80,17.30012070109096,8.097866919723097,6.585475616011429,33.31230760969658
nominal_original,cn_fraction_percent,70.0,mean_surviving_coverage_deadline_percent,80,15.032758338138843,6.203761176910935,6.665117012954887,26.427729842715785
nominal_original,cn_fraction_percent,80.0,mean_surviving_coverage_deadline_percent,80,12.777973449082769,4.888145169299337,6.074310976489273,22.174693862494344
nominal_original,cn_fraction_percent,90.0,mean_surviving_coverage_deadline_percent,80,9.137521029137615,3.037566288632752,5.239002801750177,14.961022485452187
nominal_original,cn_fraction_percent,100.0,mean_surviving_coverage_deadline_percent,80,2.418653603715058,1.8352365984574337,0.4319262913012913,5.571777455001138
unlimited_useful_deadline,n_satellites,60.0,observation_success_percent,297,74.07407407407408,22.818346279406992,49.375,100.0
unlimited_useful_deadline,n_satellites,120.0,observation_success_percent,297,78.57744107744108,24.001363637021754,52.5,100.0
unlimited_useful_deadline,n_satellites,180.0,observation_success_percent,286,79.65472027972028,24.881482043749163,53.125,100.0
unlimited_useful_deadline,n_satellites,60.0,s100_surviving_before_deadline_percent,297,70.24410774410775,30.03777827915726,0.0,100.0
unlimited_useful_deadline,n_satellites,120.0,s100_surviving_before_deadline_percent,297,75.55765993265993,29.04234425733684,0.0,100.0
unlimited_useful_deadline,n_satellites,180.0,s100_surviving_before_deadline_percent,286,77.97202797202797,27.264061314882472,0.0,100.0
unlimited_useful_deadline,n_satellites,60.0,mean_surviving_coverage_deadline_percent,297,88.93861615487174,16.79676744458984,44.834929937540295,100.0
unlimited_useful_deadline,n_satellites,120.0,mean_surviving_coverage_deadline_percent,297,91.80833770119952,16.295546066103768,45.20456074528853,100.0
unlimited_useful_deadline,n_satellites,180.0,mean_surviving_coverage_deadline_percent,286,92.64075600767953,16.531974845005085,45.06375802202463,100.0
unlimited_useful_deadline,n_planes,3.0,observation_success_percent,297,57.323232323232325,16.50496134428218,6.25,81.25
unlimited_useful_deadline,n_planes,5.0,observation_success_percent,297,85.79545454545455,20.48204028414831,56.25,100.0
unlimited_useful_deadline,n_planes,10.0,observation_success_percent,286,89.5541958041958,20.392613253722832,67.96875,100.0
unlimited_useful_deadline,n_planes,3.0,s100_surviving_before_deadline_percent,297,60.9743265993266,21.820794896534387,0.0,84.375
unlimited_useful_deadline,n_planes,5.0,s100_surviving_before_deadline_percent,297,81.52356902356902,29.161482704701502,0.0,100.0
unlimited_useful_deadline,n_planes,10.0,s100_surviving_before_deadline_percent,286,81.40297202797203,30.347332968961855,0.0,100.0
unlimited_useful_deadline,n_planes,3.0,mean_surviving_coverage_deadline_percent,297,91.10920855906657,16.25174182790743,50.719272817347374,100.0
unlimited_useful_deadline,n_planes,5.0,mean_surviving_coverage_deadline_percent,297,91.32423280057007,16.85490615087337,40.799588358285064,100.0
unlimited_useful_deadline,n_planes,10.0,mean_surviving_coverage_deadline_percent,286,90.88940360013086,16.746085043645202,43.311219929622105,100.0
unlimited_useful_deadline,altitude_km,500.0,observation_success_percent,297,76.53619528619528,25.429319499447438,0.0,100.0
unlimited_useful_deadline,altitude_km,800.0,observation_success_percent,297,78.51430976430976,23.57671951995529,52.5,100.0
unlimited_useful_deadline,altitude_km,1000.0,observation_success_percent,286,77.16346153846153,22.91685836013557,53.125,100.0
unlimited_useful_deadline,altitude_km,500.0,s100_surviving_before_deadline_percent,297,72.50631313131314,29.665198097577395,0.0,100.0
unlimited_useful_deadline,altitude_km,800.0,s100_surviving_before_deadline_percent,297,76.3152356902357,28.92672449445402,0.0,100.0
unlimited_useful_deadline,altitude_km,1000.0,s100_surviving_before_deadline_percent,286,74.8361013986014,28.246092440701062,0.0,100.0
unlimited_useful_deadline,altitude_km,500.0,mean_surviving_coverage_deadline_percent,297,87.9736454021912,18.72664535489304,37.691684548728865,100.0
unlimited_useful_deadline,altitude_km,800.0,mean_surviving_coverage_deadline_percent,297,92.72823823972433,15.706484274818408,45.30473506942567,100.0
unlimited_useful_deadline,altitude_km,1000.0,mean_surviving_coverage_deadline_percent,286,92.68755969161049,14.628017108838527,50.524096077673384,100.0
unlimited_useful_deadline,inclination_deg,60.0,observation_success_percent,297,78.10395622895624,16.223733941195512,56.25,100.0
unlimited_useful_deadline,inclination_deg,80.0,observation_success_percent,297,79.4402356902357,28.35537602356043,0.0,100.0
unlimited_useful_deadline,inclination_deg,98.6,observation_success_percent,286,74.57386363636364,25.59173722229548,16.40625,100.0
unlimited_useful_deadline,inclination_deg,60.0,s100_surviving_before_deadline_percent,297,68.08712121212122,31.956558621000166,0.0,100.0
unlimited_useful_deadline,inclination_deg,80.0,s100_surviving_before_deadline_percent,297,78.7773569023569,25.97792841426188,0.0,100.0
unlimited_useful_deadline,inclination_deg,98.6,s100_surviving_before_deadline_percent,286,76.86844405594405,27.558723398908757,0.0,100.0
unlimited_useful_deadline,inclination_deg,60.0,mean_surviving_coverage_deadline_percent,297,92.43948919596716,14.840747119600842,46.729168898700316,100.0
unlimited_useful_deadline,inclination_deg,80.0,mean_surviving_coverage_deadline_percent,297,92.21136319270776,15.744256735621668,43.45947788913294,100.0
unlimited_useful_deadline,inclination_deg,98.6,mean_surviving_coverage_deadline_percent,286,88.58670753151422,18.820226740297763,39.616589103800514,100.0
unlimited_useful_deadline,cn_fraction_percent,0.0,observation_success_percent,80,30.78125,31.87313844154548,0.0,78.125
unlimited_useful_deadline,cn_fraction_percent,10.0,observation_success_percent,80,73.0859375,14.25994259166436,53.125,96.875
unlimited_useful_deadline,cn_fraction_percent,20.0,observation_success_percent,80,77.2265625,15.4395141507508,53.125,96.875
unlimited_useful_deadline,cn_fraction_percent,30.0,observation_success_percent,80,80.0390625,16.67362373751873,53.125,100.0
unlimited_useful_deadline,cn_fraction_percent,40.0,observation_success_percent,80,81.9140625,17.019959821862578,53.125,100.0
unlimited_useful_deadline,cn_fraction_percent,50.0,observation_success_percent,80,83.5546875,17.584727575042194,53.125,100.0
unlimited_useful_deadline,cn_fraction_percent,60.0,observation_success_percent,80,84.4140625,17.23503746775828,53.125,100.0
unlimited_useful_deadline,cn_fraction_percent,70.0,observation_success_percent,80,84.0625,17.399974083350408,53.125,100.0
unlimited_useful_deadline,cn_fraction_percent,80.0,observation_success_percent,80,84.921875,17.315761357115726,53.125,100.0
unlimited_useful_deadline,cn_fraction_percent,90.0,observation_success_percent,80,85.5859375,17.278017901107205,53.125,100.0
unlimited_useful_deadline,cn_fraction_percent,100.0,observation_success_percent,80,85.8984375,17.217097286807263,53.125,100.0
unlimited_useful_deadline,cn_fraction_percent,0.0,s100_surviving_before_deadline_percent,80,5.15625,8.97897729297987,0.0,22.031249999999993
unlimited_useful_deadline,cn_fraction_percent,10.0,s100_surviving_before_deadline_percent,80,53.046875,29.352919758324003,0.0,87.5
unlimited_useful_deadline,cn_fraction_percent,20.0,s100_surviving_before_deadline_percent,80,74.3359375,19.812297534704026,46.09375,96.875
unlimited_useful_deadline,cn_fraction_percent,30.0,s100_surviving_before_deadline_percent,80,81.3671875,13.890640684838292,56.09375,96.875
unlimited_useful_deadline,cn_fraction_percent,40.0,s100_surviving_before_deadline_percent,80,83.3984375,13.586063773470364,59.375,100.0
unlimited_useful_deadline,cn_fraction_percent,50.0,s100_surviving_before_deadline_percent,80,85.078125,14.080947815278,59.375,100.0
unlimited_useful_deadline,cn_fraction_percent,60.0,s100_surviving_before_deadline_percent,80,86.09375,14.280786474902989,59.375,100.0
unlimited_useful_deadline,cn_fraction_percent,70.0,s100_surviving_before_deadline_percent,80,86.5625,14.128493182935438,59.375,100.0
unlimited_useful_deadline,cn_fraction_percent,80.0,s100_surviving_before_deadline_percent,80,87.6171875,14.005852412468217,59.375,100.0
unlimited_useful_deadline,cn_fraction_percent,90.0,s100_surviving_before_deadline_percent,80,88.4375,13.978962493871398,59.375,100.0
unlimited_useful_deadline,cn_fraction_percent,100.0,s100_surviving_before_deadline_percent,80,88.9453125,13.796882727716918,59.375,100.0
unlimited_useful_deadline,cn_fraction_percent,0.0,mean_surviving_coverage_deadline_percent,80,45.20712438142404,12.614837819958094,29.526707784696555,72.77057054994641
unlimited_useful_deadline,cn_fraction_percent,10.0,mean_surviving_coverage_deadline_percent,80,84.95370636120683,9.84123251483311,65.35060880910963,97.1323763955343
unlimited_useful_deadline,cn_fraction_percent,20.0,mean_surviving_coverage_deadline_percent,80,92.02129887150068,8.373226618583148,78.05764107129707,100.0
unlimited_useful_deadline,cn_fraction_percent,30.0,mean_surviving_coverage_deadline_percent,80,95.2347729669756,6.933731388447741,83.26822916666666,100.0
unlimited_useful_deadline,cn_fraction_percent,40.0,mean_surviving_coverage_deadline_percent,80,96.60838770368807,5.686001264976175,86.54947916666667,100.0
unlimited_useful_deadline,cn_fraction_percent,50.0,mean_surviving_coverage_deadline_percent,80,97.39951159499465,5.058477425592582,84.74074074074073,100.0
unlimited_useful_deadline,cn_fraction_percent,60.0,mean_surviving_coverage_deadline_percent,80,97.57277646492187,5.5574712370768165,90.37857142857143,100.0
unlimited_useful_deadline,cn_fraction_percent,70.0,mean_surviving_coverage_deadline_percent,80,97.93456348154766,4.954640427106719,84.74074074074073,100.0
unlimited_useful_deadline,cn_fraction_percent,80.0,mean_surviving_coverage_deadline_percent,80,98.27589270765431,4.678837810947502,90.82222222222221,100.0
unlimited_useful_deadline,cn_fraction_percent,90.0,mean_surviving_coverage_deadline_percent,80,98.45749437431161,4.68154712989036,92.54814814814816,100.0
unlimited_useful_deadline,cn_fraction_percent,100.0,mean_surviving_coverage_deadline_percent,80,98.54824000989365,4.659789365339162,92.58148148148149,100.0
