case_id,scenario_id,family
T180_P10_H1000_I0986_CN100_F1,combined_size_x2p0_satfail_p10_r00,combined_stress
T180_P10_H1000_I0986_CN100_F1,combined_size_x2p0_satfail_p10_r01,combined_stress
T180_P10_H1000_I0986_CN100_F1,combined_size_x2p0_satfail_p10_r02,combined_stress
T180_P10_H1000_I0986_CN100_F1,combined_size_x2p0_satfail_p10_r03,combined_stress
T180_P10_H1000_I0986_CN100_F1,combined_size_x2p0_satfail_p10_r04,combined_stress
T180_P10_H1000_I0986_CN100_F1,combined_size_x2p0_satfail_p10_r05,combined_stress
T180_P10_H1000_I0986_CN100_F1,combined_size_x2p0_satfail_p10_r06,combined_stress
T180_P10_H1000_I0986_CN100_F1,combined_size_x2p0_satfail_p10_r07,combined_stress
T180_P10_H1000_I0986_CN100_F1,combined_size_x2p0_satfail_p10_r08,combined_stress
T180_P10_H1000_I0986_CN100_F1,combined_size_x2p0_satfail_p10_r09,combined_stress
T180_P10_H1000_I0986_CN100_F1,combined_size_x2p0_satfail_p20_r00,combined_stress
T180_P10_H1000_I0986_CN100_F1,combined_size_x2p0_satfail_p20_r01,combined_stress
T180_P10_H1000_I0986_CN100_F1,combined_size_x2p0_satfail_p20_r02,combined_stress
T180_P10_H1000_I0986_CN100_F1,combined_size_x2p0_satfail_p20_r03,combined_stress
T180_P10_H1000_I0986_CN100_F1,combined_size_x2p0_satfail_p20_r04,combined_stress
T180_P10_H1000_I0986_CN100_F1,combined_size_x2p0_satfail_p20_r05,combined_stress
T180_P10_H1000_I0986_CN100_F1,combined_size_x2p0_satfail_p20_r06,combined_stress
T180_P10_H1000_I0986_CN100_F1,combined_size_x2p0_satfail_p20_r07,combined_stress
T180_P10_H1000_I0986_CN100_F1,combined_size_x2p0_satfail_p20_r08,combined_stress
T180_P10_H1000_I0986_CN100_F1,combined_size_x2p0_satfail_p20_r09,combined_stress
T180_P10_H1000_I0986_CN100_F1,combined_size_x4p0_satfail_p10_r00,combined_stress
T180_P10_H1000_I0986_CN100_F1,combined_size_x4p0_satfail_p10_r01,combined_stress
T180_P10_H1000_I0986_CN100_F1,combined_size_x4p0_satfail_p10_r02,combined_stress
T180_P10_H1000_I0986_CN100_F1,combined_size_x4p0_satfail_p10_r03,combined_stress
T180_P10_H1000_I0986_CN100_F1,combined_size_x4p0_satfail_p10_r04,combined_stress
T180_P10_H1000_I0986_CN100_F1,combined_size_x4p0_satfail_p10_r05,combined_stress
T180_P10_H1000_I0986_CN100_F1,combined_size_x4p0_satfail_p10_r06,combined_stress
T180_P10_H1000_I0986_CN100_F1,combined_size_x4p0_satfail_p10_r07,combined_stress
T180_P10_H1000_I0986_CN100_F1,combined_size_x4p0_satfail_p10_r08,combined_stress
T180_P10_H1000_I0986_CN100_F1,combined_size_x4p0_satfail_p10_r09,combined_stress
T180_P10_H1000_I0986_CN100_F1,combined_size_x4p0_satfail_p20_r00,combined_stress
T180_P10_H1000_I0986_CN100_F1,combined_size_x4p0_satfail_p20_r01,combined_stress
T180_P10_H1000_I0986_CN100_F1,combined_size_x4p0_satfail_p20_r02,combined_stress
T180_P10_H1000_I0986_CN100_F1,combined_size_x4p0_satfail_p20_r03,combined_stress
T180_P10_H1000_I0986_CN100_F1,combined_size_x4p0_satfail_p20_r04,combined_stress
T180_P10_H1000_I0986_CN100_F1,combined_size_x4p0_satfail_p20_r05,combined_stress
T180_P10_H1000_I0986_CN100_F1,combined_size_x4p0_satfail_p20_r06,combined_stress
T180_P10_H1000_I0986_CN100_F1,combined_size_x4p0_satfail_p20_r07,combined_stress
T180_P10_H1000_I0986_CN100_F1,combined_size_x4p0_satfail_p20_r08,combined_stress
T180_P10_H1000_I0986_CN100_F1,combined_size_x4p0_satfail_p20_r09,combined_stress
T180_P10_H1000_I0986_CN100_F1,ground_station_outage_p05_r21,ground_station_outage
T180_P10_H1000_I0986_CN100_F1,ground_station_outage_p05_r22,ground_station_outage
T180_P10_H1000_I0986_CN100_F1,ground_station_outage_p05_r23,ground_station_outage
T180_P10_H1000_I0986_CN100_F1,ground_station_outage_p05_r24,ground_station_outage
T180_P10_H1000_I0986_CN100_F1,ground_station_outage_p05_r25,ground_station_outage
T180_P10_H1000_I0986_CN100_F1,ground_station_outage_p05_r26,ground_station_outage
T180_P10_H1000_I0986_CN100_F1,ground_station_outage_p05_r27,ground_station_outage
T180_P10_H1000_I0986_CN100_F1,ground_station_outage_p05_r28,ground_station_outage
T180_P10_H1000_I0986_CN100_F1,ground_station_outage_p05_r29,ground_station_outage
T180_P10_H1000_I0986_CN100_F1,ground_station_outage_p10_r00,ground_station_outage
T180_P10_H1000_I0986_CN100_F1,ground_station_outage_p10_r01,ground_station_outage
T180_P10_H1000_I0986_CN100_F1,ground_station_outage_p10_r02,ground_station_outage
T180_P10_H1000_I0986_CN100_F1,ground_station_outage_p10_r03,ground_station_outage
T180_P10_H1000_I0986_CN100_F1,ground_station_outage_p10_r04,ground_station_outage
T180_P10_H1000_I0986_CN100_F1,ground_station_outage_p10_r05,ground_station_outage
T180_P10_H1000_I0986_CN100_F1,ground_station_outage_p10_r06,ground_station_outage
T180_P10_H1000_I0986_CN100_F1,ground_station_outage_p10_r07,ground_station_outage
T180_P10_H1000_I0986_CN100_F1,ground_station_outage_p10_r08,ground_station_outage
T180_P10_H1000_I0986_CN100_F1,ground_station_outage_p10_r09,ground_station_outage
T180_P10_H1000_I0986_CN100_F1,ground_station_outage_p10_r10,ground_station_outage
T180_P10_H1000_I0986_CN100_F1,ground_station_outage_p10_r11,ground_station_outage
T180_P10_H1000_I0986_CN100_F1,ground_station_outage_p10_r12,ground_station_outage
T180_P10_H1000_I0986_CN100_F1,ground_station_outage_p10_r13,ground_station_outage
T180_P10_H1000_I0986_CN100_F1,ground_station_outage_p10_r14,ground_station_outage
T180_P10_H1000_I0986_CN100_F1,ground_station_outage_p10_r15,ground_station_outage
T180_P10_H1000_I0986_CN100_F1,ground_station_outage_p10_r16,ground_station_outage
T180_P10_H1000_I0986_CN100_F1,ground_station_outage_p10_r17,ground_station_outage
T180_P10_H1000_I0986_CN100_F1,ground_station_outage_p10_r18,ground_station_outage
T180_P10_H1000_I0986_CN100_F1,ground_station_outage_p10_r19,ground_station_outage
T180_P10_H1000_I0986_CN100_F1,ground_station_outage_p10_r20,ground_station_outage
T180_P10_H1000_I0986_CN100_F1,ground_station_outage_p10_r21,ground_station_outage
T180_P10_H1000_I0986_CN100_F1,ground_station_outage_p10_r22,ground_station_outage
T180_P10_H1000_I0986_CN100_F1,ground_station_outage_p10_r23,ground_station_outage
T180_P10_H1000_I0986_CN100_F1,ground_station_outage_p10_r24,ground_station_outage
T180_P10_H1000_I0986_CN100_F1,ground_station_outage_p10_r25,ground_station_outage
T180_P10_H1000_I0986_CN100_F1,ground_station_outage_p10_r26,ground_station_outage
T180_P10_H1000_I0986_CN100_F1,ground_station_outage_p10_r27,ground_station_outage
T180_P10_H1000_I0986_CN100_F1,ground_station_outage_p10_r28,ground_station_outage
T180_P10_H1000_I0986_CN100_F1,ground_station_outage_p10_r29,ground_station_outage
T180_P10_H1000_I0986_CN100_F1,ground_station_outage_p20_r00,ground_station_outage
T180_P10_H1000_I0986_CN100_F1,ground_station_outage_p20_r01,ground_station_outage
T180_P10_H1000_I0986_CN100_F1,ground_station_outage_p20_r02,ground_station_outage
T180_P10_H1000_I0986_CN100_F1,ground_station_outage_p20_r03,ground_station_outage
T180_P10_H1000_I0986_CN100_F1,ground_station_outage_p20_r04,ground_station_outage
T180_P10_H1000_I0986_CN100_F1,ground_station_outage_p20_r05,ground_station_outage
T180_P10_H1000_I0986_CN100_F1,ground_station_outage_p20_r06,ground_station_outage
T180_P10_H1000_I0986_CN100_F1,ground_station_outage_p20_r07,ground_station_outage
T180_P10_H1000_I0986_CN100_F1,ground_station_outage_p20_r08,ground_station_outage
T180_P10_H1000_I0986_CN100_F1,ground_station_outage_p20_r09,ground_station_outage
T180_P10_H1000_I0986_CN100_F1,ground_station_outage_p20_r10,ground_station_outage
T180_P10_H1000_I0986_CN100_F1,ground_station_outage_p20_r11,ground_station_outage
T180_P10_H1000_I0986_CN100_F1,ground_station_outage_p20_r12,ground_station_outage
T180_P10_H1000_I0986_CN100_F1,ground_station_outage_p20_r13,ground_station_outage
T180_P10_H1000_I0986_CN100_F1,ground_station_outage_p20_r14,ground_station_outage
T180_P10_H1000_I0986_CN100_F1,ground_station_outage_p20_r15,ground_station_outage
T180_P10_H1000_I0986_CN100_F1,ground_station_outage_p20_r16,ground_station_outage
T180_P10_H1000_I0986_CN100_F1,ground_station_outage_p20_r17,ground_station_outage
T180_P10_H1000_I0986_CN100_F1,ground_station_outage_p20_r18,ground_station_outage
T180_P10_H1000_I0986_CN100_F1,ground_station_outage_p20_r19,ground_station_outage
T180_P10_H1000_I0986_CN100_F1,ground_station_outage_p20_r20,ground_station_outage
T180_P10_H1000_I0986_CN100_F1,ground_station_outage_p20_r21,ground_station_outage
T180_P10_H1000_I0986_CN100_F1,ground_station_outage_p20_r22,ground_station_outage
T180_P10_H1000_I0986_CN100_F1,ground_station_outage_p20_r23,ground_station_outage
T180_P10_H1000_I0986_CN100_F1,ground_station_outage_p20_r24,ground_station_outage
T180_P10_H1000_I0986_CN100_F1,ground_station_outage_p20_r25,ground_station_outage
T180_P10_H1000_I0986_CN100_F1,ground_station_outage_p20_r26,ground_station_outage
T180_P10_H1000_I0986_CN100_F1,ground_station_outage_p20_r27,ground_station_outage
T180_P10_H1000_I0986_CN100_F1,ground_station_outage_p20_r28,ground_station_outage
T180_P10_H1000_I0986_CN100_F1,ground_station_outage_p20_r29,ground_station_outage
T180_P10_H1000_I0986_CN100_F1,ground_station_outage_p30_r00,ground_station_outage
T180_P10_H1000_I0986_CN100_F1,ground_station_outage_p30_r01,ground_station_outage
T180_P10_H1000_I0986_CN100_F1,ground_station_outage_p30_r02,ground_station_outage
T180_P10_H1000_I0986_CN100_F1,ground_station_outage_p30_r03,ground_station_outage
T180_P10_H1000_I0986_CN100_F1,ground_station_outage_p30_r04,ground_station_outage
T180_P10_H1000_I0986_CN100_F1,ground_station_outage_p30_r05,ground_station_outage
T180_P10_H1000_I0986_CN100_F1,ground_station_outage_p30_r06,ground_station_outage
T180_P10_H1000_I0986_CN100_F1,ground_station_outage_p30_r07,ground_station_outage
T180_P10_H1000_I0986_CN100_F1,ground_station_outage_p30_r08,ground_station_outage
T180_P10_H1000_I0986_CN100_F1,ground_station_outage_p30_r09,ground_station_outage
T180_P10_H1000_I0986_CN100_F1,ground_station_outage_p30_r10,ground_station_outage
T180_P10_H1000_I0986_CN100_F1,ground_station_outage_p30_r11,ground_station_outage
T180_P10_H1000_I0986_CN100_F1,ground_station_outage_p30_r12,ground_station_outage
T180_P10_H1000_I0986_CN100_F1,ground_station_outage_p30_r13,ground_station_outage
T180_P10_H1000_I0986_CN100_F1,ground_station_outage_p30_r14,ground_station_outage
T180_P10_H1000_I0986_CN100_F1,ground_station_outage_p30_r15,ground_station_outage
T180_P10_H1000_I0986_CN100_F1,ground_station_outage_p30_r16,ground_station_outage
T180_P10_H1000_I0986_CN100_F1,ground_station_outage_p30_r17,ground_station_outage
T180_P10_H1000_I0986_CN100_F1,ground_station_outage_p30_r18,ground_station_outage
T180_P10_H1000_I0986_CN100_F1,ground_station_outage_p30_r19,ground_station_outage
T180_P10_H1000_I0986_CN100_F1,ground_station_outage_p30_r20,ground_station_outage
T180_P10_H1000_I0986_CN100_F1,ground_station_outage_p30_r21,ground_station_outage
T180_P10_H1000_I0986_CN100_F1,ground_station_outage_p30_r22,ground_station_outage
T180_P10_H1000_I0986_CN100_F1,ground_station_outage_p30_r23,ground_station_outage
T180_P10_H1000_I0986_CN100_F1,ground_station_outage_p30_r24,ground_station_outage
T180_P10_H1000_I0986_CN100_F1,ground_station_outage_p30_r25,ground_station_outage
T180_P10_H1000_I0986_CN100_F1,ground_station_outage_p30_r26,ground_station_outage
T180_P10_H1000_I0986_CN100_F1,ground_station_outage_p30_r27,ground_station_outage
T180_P10_H1000_I0986_CN100_F1,ground_station_outage_p30_r28,ground_station_outage
T180_P10_H1000_I0986_CN100_F1,ground_station_outage_p30_r29,ground_station_outage
