scenario_id,cn_fraction_percent,sampled_cases,transfer_events,transferred_data_mbits,mean_transfer_duration_sec,p95_transfer_duration_sec,mean_hop_count_after_transfer,ground_station_origin_share_percent
nominal_original,0.0,27,1809,1521.5,8.410724156992814,15.0,1.0,100.0
nominal_original,20.0,27,6118,5684.0,34.80338073454509,78.1250000000925,1.8886891140895719,34.504740111147434
nominal_original,50.0,27,6261,5915.5,34.791600117242005,78.12500000021765,1.8532183357291168,36.12841399137518
nominal_original,80.0,27,5686,5289.0,32.245573924369864,78.1250000001322,1.771895884628913,40.73162152655645
nominal_original,100.0,27,4281,4189.0,34.32142022903582,78.12500000022361,1.7180565288484,39.85050221910769
unlimited_useful_deadline,0.0,27,5508,4051.0,7.354756717501815,10.0,1.0,100.0
unlimited_useful_deadline,20.0,27,17210,14462.0,36.31372264199176,78.1250000000034,2.626205694363742,20.371876815804765
unlimited_useful_deadline,50.0,27,29762,27330.5,43.466752906543576,78.12500000028024,2.9579329346146093,11.410523486324843
unlimited_useful_deadline,80.0,27,41744,39471.5,46.25534008897951,78.1250000003937,3.373251245688003,7.49808355691836
unlimited_useful_deadline,100.0,27,49840,47796.5,47.57137841111084,78.12500000046238,3.666091492776886,5.8988764044943816
