family,failure_level_percent,task_size_multiplier,case_count,scenario_evaluations,observation_success_percent_n,observation_success_percent_mean,observation_success_percent_median,observation_success_percent_std,observation_success_percent_p05,observation_success_percent_p95,observation_success_percent_min,observation_success_percent_max,s100_surviving_before_deadline_percent_n,s100_surviving_before_deadline_percent_mean,s100_surviving_before_deadline_percent_median,s100_surviving_before_deadline_percent_std,s100_surviving_before_deadline_percent_p05,s100_surviving_before_deadline_percent_p95,s100_surviving_before_deadline_percent_min,s100_surviving_before_deadline_percent_max,mean_surviving_coverage_deadline_percent_n,mean_surviving_coverage_deadline_percent_mean,mean_surviving_coverage_deadline_percent_median,mean_surviving_coverage_deadline_percent_std,mean_surviving_coverage_deadline_percent_p05,mean_surviving_coverage_deadline_percent_p95,mean_surviving_coverage_deadline_percent_min,mean_surviving_coverage_deadline_percent_max,p100_t100_surviving_min_n,p100_t100_surviving_min_mean,p100_t100_surviving_min_median,p100_t100_surviving_min_std,p100_t100_surviving_min_p05,p100_t100_surviving_min_p95,p100_t100_surviving_min_min,p100_t100_surviving_min_max,total_transferred_data_mbits_n,total_transferred_data_mbits_mean,total_transferred_data_mbits_median,total_transferred_data_mbits_std,total_transferred_data_mbits_p05,total_transferred_data_mbits_p95,total_transferred_data_mbits_min,total_transferred_data_mbits_max,n_transfer_events_n,n_transfer_events_mean,n_transfer_events_median,n_transfer_events_std,n_transfer_events_p05,n_transfer_events_p95,n_transfer_events_min,n_transfer_events_max,used_capacity_percent_n,used_capacity_percent_mean,used_capacity_percent_median,used_capacity_percent_std,used_capacity_percent_p05,used_capacity_percent_p95,used_capacity_percent_min,used_capacity_percent_max,peak_node_sent_data_mbits_n,peak_node_sent_data_mbits_mean,peak_node_sent_data_mbits_median,peak_node_sent_data_mbits_std,peak_node_sent_data_mbits_p05,peak_node_sent_data_mbits_p95,peak_node_sent_data_mbits_min,peak_node_sent_data_mbits_max,node_sent_data_gini_n,node_sent_data_gini_mean,node_sent_data_gini_median,node_sent_data_gini_std,node_sent_data_gini_p05,node_sent_data_gini_p95,node_sent_data_gini_min,node_sent_data_gini_max,delta_observation_success_percent_n,delta_observation_success_percent_mean,delta_observation_success_percent_median,delta_observation_success_percent_std,delta_observation_success_percent_p05,delta_observation_success_percent_p95,delta_observation_success_percent_min,delta_observation_success_percent_max,delta_s100_surviving_before_deadline_percent_n,delta_s100_surviving_before_deadline_percent_mean,delta_s100_surviving_before_deadline_percent_median,delta_s100_surviving_before_deadline_percent_std,delta_s100_surviving_before_deadline_percent_p05,delta_s100_surviving_before_deadline_percent_p95,delta_s100_surviving_before_deadline_percent_min,delta_s100_surviving_before_deadline_percent_max,delta_mean_surviving_coverage_deadline_percent_n,delta_mean_surviving_coverage_deadline_percent_mean,delta_mean_surviving_coverage_deadline_percent_median,delta_mean_surviving_coverage_deadline_percent_std,delta_mean_surviving_coverage_deadline_percent_p05,delta_mean_surviving_coverage_deadline_percent_p95,delta_mean_surviving_coverage_deadline_percent_min,delta_mean_surviving_coverage_deadline_percent_max,delta_p100_t100_surviving_min_n,delta_p100_t100_surviving_min_mean,delta_p100_t100_surviving_min_median,delta_p100_t100_surviving_min_std,delta_p100_t100_surviving_min_p05,delta_p100_t100_surviving_min_p95,delta_p100_t100_surviving_min_min,delta_p100_t100_surviving_min_max,delta_total_transferred_data_mbits_n,delta_total_transferred_data_mbits_mean,delta_total_transferred_data_mbits_median,delta_total_transferred_data_mbits_std,delta_total_transferred_data_mbits_p05,delta_total_transferred_data_mbits_p95,delta_total_transferred_data_mbits_min,delta_total_transferred_data_mbits_max,delta_n_transfer_events_n,delta_n_transfer_events_mean,delta_n_transfer_events_median,delta_n_transfer_events_std,delta_n_transfer_events_p05,delta_n_transfer_events_p95,delta_n_transfer_events_min,delta_n_transfer_events_max,delta_used_capacity_percent_n,delta_used_capacity_percent_mean,delta_used_capacity_percent_median,delta_used_capacity_percent_std,delta_used_capacity_percent_p05,delta_used_capacity_percent_p95,delta_used_capacity_percent_min,delta_used_capacity_percent_max,delta_peak_node_sent_data_mbits_n,delta_peak_node_sent_data_mbits_mean,delta_peak_node_sent_data_mbits_median,delta_peak_node_sent_data_mbits_std,delta_peak_node_sent_data_mbits_p05,delta_peak_node_sent_data_mbits_p95,delta_peak_node_sent_data_mbits_min,delta_peak_node_sent_data_mbits_max,delta_node_sent_data_gini_n,delta_node_sent_data_gini_mean,delta_node_sent_data_gini_median,delta_node_sent_data_gini_std,delta_node_sent_data_gini_p05,delta_node_sent_data_gini_p95,delta_node_sent_data_gini_min,delta_node_sent_data_gini_max
capacity_degradation,5.0,1.0,890,890,890,77.60884831460675,84.375,23.9636687406196,50.0,100.0,0.0,100.0,890,74.5997191011236,84.375,28.979943656634404,0.0,100.0,0.0,100.0,890,91.07744488393743,98.59375,16.584761595750074,45.016627468693684,100.0,21.611653883060995,100.0,824,101.95341207489213,79.49261695906438,63.39054344742119,44.78040935673108,224.44020467836307,33.653947368426934,358.02105263157915,890,2046.7365168539325,1709.25,1401.7198956551083,270.95,4888.5999999999985,55.0,5670.0,890,2199.6853932584268,1844.0,1425.4965941142746,399.0,5133.449999999999,92.0,5760.0,890,0.4453515528641769,0.4029266916577402,0.1870186282964088,0.20812747221694203,0.8083863558957525,0.14633205589616194,0.9975345949592751,890,180.17696629213484,145.75,104.52857305403161,73.0,392.5999999999999,52.0,675.0,890,0.5870390862443773,0.6184627207339287,0.24078681922069295,0.0,0.9121413256518383,0.0,0.9455105780443112,890,-0.014044943820224719,0.0,0.5132654652300341,0.0,0.0,-3.125,6.25,890,-0.09129213483146068,0.0,0.5470238673144301,0.0,0.0,-6.25,0.0,890,-0.0604536973841395,0.0,0.2563697701704153,-0.4464285714285836,0.0,-2.564102564102569,1.7307692307692406,824,0.1642686687392518,0.04568713450280626,1.3791032901583793,0.004385964912501095,0.8042671783656525,-14.023209064327958,25.763742690059985,890,-0.8320224719101124,0.0,1.9126414339435207,-4.5,0.0,-13.5,6.0,890,-0.553932584269663,0.0,1.27532224735363,-3.0,0.0,-9.0,4.0,890,0.021852012288418217,0.019812402403541846,0.008955939615576707,0.01040637361084713,0.039419520582471744,0.007272638388387737,0.049876729747963866,890,-0.048314606741573035,0.0,3.342456623333206,-5.5,5.5,-19.0,20.5,890,-0.0013917444332836612,-0.000814617329963907,0.0022661054213977128,-0.005448535677134791,0.0006949325636872768,-0.017082532178588128,0.009039476550180003
capacity_degradation,10.0,1.0,890,890,890,77.60533707865169,84.375,23.96336356763281,50.0,100.0,0.0,100.0,890,74.5997191011236,84.375,28.979943656634404,0.0,100.0,0.0,100.0,890,91.07696915200337,98.59375,16.58615402591443,45.016627468693684,100.0,21.611653883060995,100.0,824,102.03167044978282,79.54243827160754,63.38095141253524,44.83117283951246,224.46558641975355,33.73009259259901,358.02592592592606,890,2046.6870786516854,1709.25,1401.6930190216876,270.95,4888.5999999999985,55.0,5670.0,890,2199.6337078651686,1844.0,1425.4732699727952,399.0,5133.449999999999,92.0,5760.0,890,0.470076226329429,0.4251937337226207,0.19739656386333687,0.21969010956232768,0.8528930477935669,0.15446161455705978,1.0529531835681236,890,180.14101123595506,145.75,104.58337750029855,73.0,392.32499999999993,52.0,675.0,890,0.5869317217557171,0.6183818513190136,0.24079028861087107,0.0,0.9121413256518383,0.0,0.9455105780443112,890,-0.0175561797752809,0.0,0.5237511899640555,0.0,0.0,-3.125,6.25,890,-0.09129213483146068,0.0,0.5470238673144301,0.0,0.0,-6.25,0.0,890,-0.06092942931818264,0.0,0.2564075641351778,-0.4464285714285836,0.0,-2.564102564102569,1.7307692307692406,824,0.24252704362992322,0.09645061728394566,1.4335282593100116,0.010648148148271072,0.9792824074102348,-13.92168209876617,25.81450617284088,890,-0.8814606741573033,0.0,1.9328560790152671,-4.5,0.0,-13.5,6.0,890,-0.6056179775280899,0.0,1.3086937433800772,-4.0,0.0,-9.0,4.0,890,0.046576685753670334,0.04223669125917345,0.019297404338445685,0.021969010956232774,0.08383952905166933,0.015402197049285582,0.10529531835681238,890,-0.08426966292134831,0.0,3.5906514937991783,-6.274999999999999,6.0,-19.0,20.5,890,-0.0014991089219438987,-0.0009210779929978985,0.0022835256690875447,-0.005818854830891262,0.0006965263875091537,-0.017082532178588128,0.0092218127325161
capacity_degradation,20.0,1.0,890,890,890,76.98384831460675,84.375,23.898854956180656,50.0,100.0,0.0,100.0,890,73.57794943820225,81.25,28.863207234649643,0.0,100.0,0.0,100.0,890,90.5414438058736,97.91666666666666,16.470831581173723,45.016627468693684,100.0,21.611653883060995,100.0,823,106.4368428935503,84.15173611111119,61.59585389780587,47.95173611111158,225.72586805555545,36.579340277782464,358.0375,890,2025.1314606741573,1693.5,1385.6977232107567,270.95,4868.549999999999,55.0,5666.0,890,2186.311235955056,1833.0,1416.4782008821735,399.0,5123.299999999999,92.0,5758.0,890,0.5238004609569732,0.4748970652685803,0.21987127090393394,0.2399635465864738,0.9454892013011899,0.173109850280386,1.171404320418104,890,193.41460674157304,154.25,112.25446150759603,74.225,420.775,49.0,675.0,890,0.5941745880287459,0.6284815659077585,0.2381850080658911,0.0,0.9112045551872227,0.0,0.9465792570179863,890,-0.6390449438202247,0.0,1.4998404257835818,-3.125,0.0,-9.375,6.25,890,-1.113061797752809,0.0,3.2203722268770902,-3.125,0.0,-43.75,0.0,890,-0.5964547754479722,-0.18518518518518334,0.8727603756756201,-2.34375,0.0,-5.375963583200431,0.0,823,4.920374519035692,3.0468750000080007,10.276908192061605,-1.4952430555607386,17.874236111112126,-80.89149305554054,112.94184027776208,890,-22.437078651685393,-14.0,31.336762147234072,-70.0,0.0,-417.0,5.0,890,-13.92808988764045,-8.0,26.648345271023857,-37.0,0.0,-417.0,5.0,890,0.10030092038121452,0.09221958743653674,0.04202080417335416,0.044170357648980856,0.18137627492268898,0.02233806080273404,0.2237464552067927,890,13.189325842696629,6.5,22.269563601181556,-15.5,55.32499999999993,-43.0,115.0,890,0.005743757351084984,0.00025143214568434935,0.018903166039593265,-0.01667223179315134,0.04262793492285522,-0.04190727965679164,0.12216603258974867
capacity_degradation,30.0,1.0,890,890,890,76.88553370786516,82.8125,23.870494130053597,50.0,100.0,0.0,100.0,890,73.5252808988764,81.25,28.868743386063947,0.0,100.0,0.0,100.0,890,90.50888531454807,97.91666666666666,16.472895814923756,45.016627468693684,100.0,21.543066777436852,100.0,823,107.64473880885322,85.10674603174654,61.30943571968763,49.106746031746056,226.91962301587338,37.20694444444428,358.05238095238116,890,2025.1095505617977,1692.75,1386.399383221227,270.95,4865.549999999999,54.5,5666.0,890,2186.2651685393257,1837.0,1416.9750910995765,399.0,5121.299999999999,91.0,5758.0,890,0.5980422202880129,0.5426653597329447,0.2504122501147871,0.27411483116297364,1.079610648080543,0.19696054076346148,1.3349855058789666,890,196.4252808988764,154.0,115.30447921031299,72.725,429.54999999999995,53.0,675.0,890,0.5888143523524764,0.620629019232023,0.23807077184910344,0.0,0.9107371031746032,0.0,0.9458533097821515,890,-0.7373595505617978,0.0,1.6453680408386056,-3.125,0.0,-9.375,3.125,890,-1.1657303370786516,0.0,3.2645191001618596,-3.125,0.0,-43.75,3.125,890,-0.6290132667734913,-0.2504006410256352,0.9954568550334582,-2.564102564102569,0.0,-5.833333333333343,3.5511363636363598,823,6.128270434338577,4.7886904761903395,10.763308473568918,-0.9885416666227568,19.98968253969634,-80.81398809522057,113.01934523808023,890,-22.458988764044943,-16.0,37.5824815154816,-70.0,0.0,-423.0,324.0,890,-13.974157303370786,-10.0,30.185187809997707,-37.0,0.0,-423.0,216.0,890,0.17454267971225418,0.15943103827438831,0.07253526036383905,0.07904320218389164,0.3173667398989179,0.05195211574502631,0.38732764066765535,890,16.2,7.75,29.003857235429624,-21.5,69.0,-58.0,133.5,890,0.0003835216748154843,-0.0008776543788665547,0.019792780586419163,-0.02640308604060887,0.03692408748193433,-0.06198803657210217,0.11701497641703607
combined_stress,10.0,2.0,890,8900,8900,74.20786516853933,78.125,23.345487720509063,46.875,100.0,0.0,100.0,8900,70.51685393258427,78.125,28.407437501680022,0.0,96.875,0.0,100.0,8900,88.78903277974833,95.8013611251687,16.2930906234689,44.51396915380967,100.0,20.790275712080778,100.0,8233,117.90316021566844,92.60277777778343,64.98654111031838,54.470833333345944,262.3847222222511,23.666666666666668,359.93333333333334,8900,3559.3084269662922,2949.0,2463.499998531612,475.0,8595.05,91.0,10018.0,8900,1939.7624719101123,1619.5,1266.1178490453235,343.0,4565.0,76.0,5137.0,8900,0.8709995001034325,0.787872076661553,0.3546480319567655,0.41381310376270813,1.563893776993691,0.26154050434543274,1.9832788611393894,8900,412.76078651685395,323.0,247.32070460527922,148.0,882.0,87.0,1252.0,8900,0.5781442024834964,0.6035935454399893,0.2372869640425453,0.0,0.9067744598966453,0.0,0.9603174603174602,8900,-3.4150280898876404,0.0,4.857944765534089,-12.5,0.0,-34.375,3.125,8900,-4.174157303370786,-3.125,6.947537753641299,-15.625,0.0,-68.75,18.75,8900,-2.3488658015732358,-1.5625,2.8836824720687244,-8.333333333333329,0.17579506574772402,-24.514868004240476,6.410256410256409,8213,16.33256473477128,11.565972222224325,28.104211084461255,-0.5659722222118205,58.28874999999644,-281.3340277777827,263.3319444444434,8900,1511.7398876404495,1239.25,1066.0857002547498,199.0,3693.5999999999985,-49.0,4348.0,8900,-260.4768539325843,-223.0,166.87450688660343,-594.0,-36.0,-1060.0,0.0,8900,0.447499959527674,0.40849312286850303,0.17856844913434622,0.21700499477041424,0.7973765247763013,0.018536341116758615,1.0356209959280782,8900,232.53550561797752,172.5,162.59177749374896,50.5,540.5,-14.0,744.5,8900,-0.010286628194164513,-0.009985486965675472,0.03136586776314003,-0.059363609821049414,0.046060611673688294,-0.1164632182631209,0.1360651984485941
combined_stress,10.0,4.0,890,8900,8900,68.57338483146067,75.0,21.09801254629001,40.625,93.75,0.0,100.0,8900,58.839185393258425,68.75,26.874434683019267,0.0,87.5,0.0,96.875,8900,81.71428264715843,85.59958320242173,15.186109613063813,44.414302206442024,97.04694177350427,20.443214994170585,100.0,8149,147.2527859587478,137.33888888889,66.24712992321187,68.15555555555572,287.01666666666665,24.333333333333332,359.76666666666665,8900,6433.419101123595,5168.0,4555.794846120298,905.8000000000002,16130.599999999991,188.0,19422.0,8900,1824.4431460674157,1502.0,1208.6897654573997,316.0,4363.199999999997,78.0,5056.0,8900,1.5709720989092373,1.4557854872923948,0.6343329756641751,0.7608564768637899,2.7693286109373223,0.48471298039784144,3.715852429223012,8900,1239.807191011236,924.0,795.3313699282104,406.0,2852.0999999999985,188.0,4296.0,8900,0.5503183966445299,0.5682888520631671,0.24095498394114637,0.0,0.9049619199633374,0.0,0.9629629629629628,8900,-9.049508426966293,-6.25,7.760332356579047,-21.875,0.0,-43.75,0.0,8900,-15.851825842696629,-12.5,13.595759273565807,-43.75,0.0,-90.625,12.5,8900,-9.423615934163134,-9.211561807162134,6.0643614870345,-18.961051752067387,-0.0787085019305312,-35.1471070311148,6.325655137298341,8134,46.31654765320102,40.41909722223784,44.26388169788976,0.25,120.95809027777914,-301.86736111111605,257.4972222222219,8900,4385.850561797753,3454.75,3162.605981753822,615.95,11121.174999999997,133.0,13752.0,8900,-375.7961797752809,-339.0,232.29188771917163,-800.0,-43.0,-1465.0,0.0,8900,1.1474725583334786,1.0710511150497843,0.4599078007431434,0.5645496473713816,2.03631929352014,0.3456535628900672,2.7681945640117007,8900,1059.5819101123595,777.5,730.9770554848492,301.0,2584.5,133.0,4009.5,8900,-0.03811243403313105,-0.0342626501483877,0.045016171573104016,-0.11785244565218929,0.02571122047893186,-0.21229541410676211,0.1505525326163457
combined_stress,20.0,2.0,890,8900,8900,73.09199438202248,78.125,23.03954191348631,43.75,100.0,0.0,100.0,8900,68.92942415730337,78.125,28.872461142212373,0.0,96.875,0.0,100.0,8900,88.08898105086543,94.88393984487735,16.34756310351613,44.457953653196135,100.0,19.709407325557454,100.0,8227,124.37821637427436,98.502777777781,69.04252279528279,55.86666666666667,286.85,23.666666666666668,359.93333333333334,8900,3142.8312359550564,2585.0,2189.0528454843725,412.95000000000005,7613.0999999999985,68.0,8900.0,8900,1717.0086516853933,1423.5,1126.0798291355727,292.95000000000005,4041.0499999999993,57.0,4565.0,8900,0.930480559964125,0.8481877518442538,0.37251237196443315,0.4499335422963649,1.6509856916003136,0.2509907529722589,2.150910523238717,8900,397.6694382022472,314.0,235.31514816464076,145.0,853.0499999999993,68.0,1176.0,8900,0.5791414759080207,0.6043541308243119,0.23717668031053357,0.0,0.9053218271051855,0.0,0.9650735294117647,8900,-4.530898876404494,-3.125,5.789200027171318,-15.625,0.0,-40.625,3.125,8900,-5.761587078651686,-3.125,9.566797983693716,-21.875,0.0,-78.125,46.875,8900,-3.048917530456125,-2.0833333333333286,3.741590254746895,-10.665250030547401,0.37701481777090046,-29.57895617454441,11.88811188811188,8195,22.865402430345082,14.999999999999872,38.07629603377785,-1.9990277777693066,82.49548611112836,-281.3340277777827,273.816666666705,8900,1095.2626966292135,879.0,795.0479840732291,137.0,2732.0249999999996,-81.5,3230.0,8900,-483.2306741573034,-411.0,305.6010201703449,-1105.05,-74.0,-1609.0,-10.0,8900,0.5069810193883663,0.46456502281004053,0.1998202713082815,0.24786994292459186,0.9025187738623113,0.08333089843683716,1.239234745024509,8900,217.4441573033708,158.0,156.54255921261228,44.0,517.5,-25.0,784.5,8900,-0.009289354769640172,-0.008888958986675854,0.03536729024326441,-0.06461355858469604,0.054499342250372985,-0.1569293683099653,0.15469489563651684
combined_stress,20.0,4.0,890,8900,8900,67.55758426966293,75.0,20.782890909003566,37.5,93.75,0.0,100.0,8900,57.35498595505618,68.75,27.304764127288973,0.0,87.5,0.0,96.875,8900,80.95528218770465,84.89583333333334,15.197424461433238,43.911270791607734,96.45351393398268,20.008071449365328,100.0,8132,153.74136436301723,145.33888888888904,68.93137484650374,70.75555555556946,303.50277777782344,24.333333333333332,359.76666666666665,8900,5656.083146067415,4535.0,4012.933155212034,810.0,14240.199999999997,130.0,17136.0,8900,1610.4184269662921,1324.0,1069.6608787485463,280.95000000000005,3861.149999999998,55.0,4475.0,8900,1.6759284146068272,1.5498264959179242,0.6676491223135704,0.8297993751982544,2.9671580667280804,0.4837929366231253,4.007304372687124,8900,1164.0469662921348,874.0,741.3384390691594,382.0,2682.0999999999985,130.0,4030.0,8900,0.5514532170287151,0.5681372127168075,0.24136698127623618,0.0,0.9022196452597061,0.0,0.9739583333333335,8900,-10.065308988764045,-9.375,8.366448168466984,-25.0,0.0,-46.875,0.0,8900,-17.336025280898877,-15.625,15.092114586435942,-50.0,0.0,-90.625,12.5,8900,-10.18261639361691,-10.0,6.489787101262948,-20.08977615124038,0.0,-38.714123295005656,11.88811188811188,8102,53.05611594531142,45.604166666654535,50.43586532415301,0.25,142.13541666667058,-301.86736111111605,277.8666666666667,8900,3608.514606741573,2832.25,2621.8986186244233,514.95,9213.074999999999,75.0,11466.0,8900,-589.8208988764045,-516.5,366.35546697760805,-1297.0,-80.95000000000073,-1914.0,-3.0,8900,1.2524288740310687,1.1557266404347968,0.49478536004263524,0.6326747936869088,2.218277140430641,0.3027596894888518,3.0596465074758132,8900,983.8216853932585,722.0,679.8726003647149,278.5,2414.0249999999996,75.0,3743.5,8900,-0.0369776136489457,-0.03235853388536036,0.04654590753595172,-0.11941426480076987,0.02957179663074182,-0.21552647288423565,0.14803261180623717
ground_station_outage,5.0,1.0,890,26700,26700,76.35404962546816,84.375,23.816883309695125,40.625,100.0,0.0,100.0,26700,73.44534176029963,81.25,28.7698747974272,0.0,100.0,0.0,100.0,26700,89.74471998012255,97.91666666666666,17.00233694019783,43.80401345364121,100.0,16.493299304453483,100.0,24706,121.21658866114792,91.36736111111992,73.59704723479787,45.51961805555899,283.76666666666665,32.71736111111168,359.55138888889053,26700,2008.295243445693,1686.5,1380.3069588099572,258.475,4744.5,42.0,5670.0,26700,2168.0528464419476,1812.5,1408.1425327369573,379.0,5040.0,72.0,5760.0,26700,0.4219784366531135,0.3811458404558953,0.18011842621310872,0.19188580366040817,0.7728495433446781,0.1152999863544419,0.9722676700502009,26700,176.40067415730337,144.0,101.64565146458644,72.0,385.02499999999964,38.5,675.0,26700,0.5880412370651822,0.6203499655455491,0.24075054748518407,0.0,0.9123266219239374,0.0,0.9471844293272864,26700,-1.2688436329588015,0.0,3.6154550181523475,-9.375,0.0,-21.875,6.25,26700,-1.2456694756554307,0.0,3.407402372600487,-9.375,0.0,-21.875,6.25,26700,-1.3931786011990128,0.0,3.678688742778058,-10.0,0.0,-25.925925925925938,4.408482142857139,24706,19.43711249363621,0.0,46.89140697575393,0.0,141.2116319444436,-216.63194444443263,291.483333333335,26700,-39.27329588014981,0.0,127.12019722782024,-254.52499999999998,0.0,-1620.0,78.0,26700,-32.186479400749064,0.0,98.44453215794584,-209.04999999999995,0.0,-1260.0,52.0,26700,-0.0015211039226450973,0.0027125490715038114,0.02346371575078253,-0.04716732768459208,0.019597152924298374,-0.23118152990830698,0.06585705757990712,26700,-3.824606741573034,0.0,14.15690505456707,-31.0,4.0,-226.5,83.5,26700,-0.00038959361247873356,0.0,0.010368696017230514,-0.013779663138176357,0.010370861586735352,-0.10533715384273279,0.13935041936284165
ground_station_outage,10.0,1.0,890,26700,26700,72.91526217228464,78.125,23.504234725600746,31.25,100.0,0.0,100.0,26700,70.08860018726591,78.125,28.00395457529192,0.0,100.0,0.0,100.0,26700,85.86029833478972,91.14583333333333,17.48691387467253,41.17043770915949,100.0,12.064814551894655,100.0,24704,137.6382506375525,101.15104166666708,87.20479460871756,45.8875,326.3666666666667,31.887500000001697,359.93333333333334,26700,1915.5723595505617,1589.5,1328.3804029465525,245.97500000000002,4665.0,31.0,5670.0,26700,2074.5857303370785,1733.0,1358.451869576817,347.95000000000005,4816.0,52.0,5760.0,26700,0.40954409956187215,0.36849543059921175,0.17889374192579297,0.1829378910041284,0.7594577284075327,0.09681040147570046,0.9953679904186272,26700,168.7909925093633,138.5,97.83154221146563,68.5,368.0,31.0,675.0,26700,0.5897884566265457,0.6223045626271433,0.24060749652914779,0.0,0.9126861181540765,0.0,0.9530437710437711,26700,-4.707631086142322,0.0,6.66836113682949,-21.875,0.0,-21.875,3.125,26700,-4.602411048689139,0.0,6.510364094751669,-18.75,0.0,-21.875,6.25,26700,-5.277600246531833,0.0,7.05062733388017,-21.09375,0.0,-26.923076923076934,5.089285714285722,24704,35.84404833787588,0.0,74.7254656975321,-1.0173611111318341,222.62909722222173,-216.63194444443263,325.61527777777906,26700,-131.9961797752809,-7.5,228.95926759055033,-595.525,0.0,-1620.0,39.0,26700,-125.65359550561797,-9.0,205.78493378203862,-573.0,0.0,-1260.0,26.0,26700,-0.01395544101388649,0.0013146505899005179,0.04101105092266465,-0.09364083860932755,0.03427064529878315,-0.2423859091782884,0.09125983892052358,26700,-11.434288389513108,0.0,22.139831097255392,-59.0,4.5,-232.5,105.0,26700,0.0013576259488846895,0.0,0.015322780555179008,-0.0212849286494863,0.026137659131534235,-0.12898869228907772,0.13935041936284165
ground_station_outage,20.0,1.0,890,26700,26700,64.28394194756554,68.75,20.964706952513787,31.25,90.625,0.0,100.0,26700,61.822682584269664,68.75,24.79671918390189,0.0,87.5,0.0,100.0,26700,75.87581742706982,78.125,16.0004571396278,36.715421878405095,95.82191506410255,12.064814551894655,100.0,24661,139.33458854849914,102.36736111111387,88.93748690000703,45.47083333333915,329.06875000000025,31.887500000001697,359.85,26700,1690.8507303370786,1389.0,1180.2882841171988,219.45000000000005,4050.0,29.0,5670.0,26700,1829.81936329588,1517.0,1203.7837496189381,306.0,4225.0,50.0,5760.0,26700,0.37508880131954386,0.3365448324635335,0.16764490030680954,0.16289734669435527,0.7001049254586419,0.08891855192402236,0.993768156742031,26700,150.12426966292134,123.5,86.52286883081807,61.5,322.5,29.0,667.0,26700,0.5948165903097498,0.627037412877674,0.24001383656044742,0.0,0.9133098931211812,0.0,0.9530437710437711,26700,-13.338951310861423,-12.5,7.781324672401024,-25.0,0.0,-37.5,0.0,26700,-12.868328651685394,-12.5,7.9349377147281315,-25.0,0.0,-37.5,0.0,26700,-15.262081154251748,-15.625,7.710547007458653,-28.125,-1.9968735130025501,-42.10526315789474,0.0,24661,37.57204966005679,0.0,79.81739770368388,-9.597916666666308,230.68055555553727,-216.63194444443263,325.61527777777303,26700,-356.71780898876403,-266.0,318.1596107708101,-991.5,-31.5,-2340.0,0.0,26700,-370.41996254681646,-290.0,301.16619455534476,-970.0,-39.0,-2160.0,0.0,26700,-0.048410739256214856,-0.04187662358827288,0.048843511348384355,-0.13904690702896125,0.019866648168105707,-0.3234687019960951,0.15814841390257217,26700,-30.101011235955056,-22.0,30.41246540627653,-87.5,0.0,-271.0,55.0,26700,0.006385759632088851,0.002964869754811361,0.02212533938617124,-0.02674118885693887,0.04456761600094783,-0.10616246498599446,0.15938037132457317
ground_station_outage,30.0,1.0,890,26700,26700,56.1623361423221,59.375,18.601564260922355,28.125,81.25,0.0,87.5,26700,53.85486891385768,59.375,22.011172801343644,0.0,81.25,0.0,87.5,26700,65.9644964246653,67.1875,14.793833962810037,31.700693058199548,85.18518518518519,8.791774069551847,96.29629629629629,24628,133.19499522337202,97.20069444444441,86.07614729383891,44.20069444444453,324.3666666666667,31.887500000001697,359.85,26700,1458.3400561797753,1191.75,1023.1624294253207,193.0,3464.0249999999996,22.5,5130.0,26700,1591.465543071161,1334.0,1052.9408082151108,263.0,3639.0,37.0,5040.0,26700,0.33824190544479804,0.3024167484429109,0.15723381701861674,0.1403009699561007,0.6433933255432472,0.08534940653795367,0.9878692721092137,26700,130.67176029962548,106.0,75.98066599850064,54.0,286.5,22.5,628.0,26700,0.5983000432911068,0.6314112962558197,0.23955699042166093,0.0,0.914030612244898,0.0,0.9547160169367792,26700,-21.46055711610487,-21.875,10.073498362005692,-37.5,-3.125,-37.5,0.0,26700,-20.836142322097377,-21.875,10.801831467459316,-37.5,0.0,-37.5,0.0,26700,-25.173402156656266,-26.150914792149937,9.28107923027325,-37.5,-10.526315789473685,-47.36842105263158,0.0,24628,31.378104021168145,0.0,77.36980084439915,-16.721770833327067,220.51593749999432,-271.6305555555556,323.8159722222258,26700,-589.2284831460674,-465.0,466.181112339989,-1558.5,-68.5,-2340.0,0.0,26700,-608.7737827715356,-491.0,451.2134370929673,-1519.05,-90.0,-2160.0,0.0,26700,-0.08525763513096066,-0.08036104612895312,0.06460672305870549,-0.20329944716032236,0.011247041093408162,-0.3231012028300211,0.2112123832245224,26700,-49.55352059925094,-42.0,39.873930520873884,-122.5,-2.0,-275.5,97.0,26700,0.009869212613445848,0.0037216354546169006,0.026923585138872306,-0.02707262984149006,0.061858122329511836,-0.1286535989904829,0.155150311624503
link_window_outage,5.0,1.0,890,26700,26700,77.38927902621722,84.375,23.90393846785741,50.0,100.0,0.0,100.0,26700,74.05559456928839,81.25,29.31729731599013,0.0,100.0,0.0,100.0,26700,90.7608230159,98.4375,16.899367555190278,43.77893633582793,100.0,19.856546881268,100.0,24654,103.62838124082128,81.86805555555561,61.8835246878693,44.73472222222238,218.71736111111846,33.16875,359.93333333333334,26700,2040.8931086142322,1708.0,1401.2840155917613,262.5,4889.5,50.5,5670.0,26700,2195.4266666666667,1841.0,1425.558447066875,385.0,5136.0,83.0,5760.0,26700,0.4426878591071469,0.40144364534152976,0.18590263884795322,0.2060424497997792,0.8031043400966164,0.128775245506763,1.0030144211687912,26700,178.7345692883895,146.5,101.71171314285577,73.0,385.5,43.5,669.5,26700,0.5852602603372438,0.6157259598786347,0.24026226470340456,0.0,0.9121873194159624,0.0,0.9468206157965193,26700,-0.23361423220973782,0.0,1.1309334414335954,-3.125,0.0,-21.875,3.125,26700,-0.6354166666666666,0.0,2.147556635652848,-6.25,0.0,-28.125,3.125,26700,-0.37707556542155185,0.0,0.9725979584876177,-2.0157956266430204,0.0,-14.81481481481481,1.0416666666666572,24654,2.11224744914045,0.0,17.55788087370704,0.0,17.465972222222987,-221.6833333333333,158.9826388888888,26700,-6.6754307116104865,-3.0,14.93772204866765,-23.0,0.0,-557.0,10.0,26700,-4.812659176029962,-2.0,10.845407637287124,-17.0,0.0,-433.0,8.0,26700,0.01918831853138829,0.017781716567968314,0.009955093490040643,0.005892539635379711,0.03693130763706299,-0.09639798653395648,0.055356555957480014,26700,-1.4907116104868914,-1.5,10.943081284379264,-17.5,15.0,-85.0,106.5,26700,-0.003170570340417228,-0.0022903981211997992,0.008134466860443886,-0.016630056792896596,0.008620783243792944,-0.0703563287558453,0.062367040963910325
link_window_outage,10.0,1.0,890,26700,26700,77.11118913857678,84.375,23.861559936525506,50.0,100.0,0.0,100.0,26700,73.46055711610487,81.25,29.49187475261207,0.0,100.0,0.0,100.0,26700,90.35186516588995,98.29545454545455,17.204100663660668,42.47754858737795,100.0,18.908879777401445,100.0,24566,106.02600336282684,83.73472222222239,60.9750038921642,45.73472222222238,218.71736111111846,31.116666666666667,359.93333333333334,26700,2033.2364981273408,1699.0,1401.4015145973133,254.97500000000002,4879.025,47.5,5670.0,26700,2189.9333333333334,1834.0,1426.2626529322647,372.0,5126.049999999999,79.0,5760.0,26700,0.4637469559523304,0.42108405249576397,0.19456287773957362,0.21556743336581455,0.8412259602046118,0.12563800549666274,1.0542422779593004,26700,177.0064606741573,145.0,99.63204386156907,72.5,377.52499999999964,41.0,655.5,26700,0.5818941643107194,0.6110176225827276,0.2399089594737164,0.0,0.910807657618341,0.0,0.9490577149587751,26700,-0.5117041198501873,0.0,1.7146653596255195,-3.125,0.0,-25.0,3.125,26700,-1.2304541198501873,0.0,3.103893022022608,-6.25,0.0,-28.125,3.125,26700,-0.786033415431612,0.0,1.5299246423144075,-3.846153846153854,0.0,-17.10419210419208,1.0416666666666572,24566,4.999255435470617,2.0013888889012037,21.65289242584316,0.0,30.465972222222007,-221.6833333333333,168.33402777777812,26700,-14.332041198501873,-9.0,24.438196345200378,-42.5,0.0,-691.5,16.5,26700,-10.305992509363296,-6.0,17.853432391952893,-32.0,0.0,-549.0,11.0,26700,0.040247415376571685,0.03710655861518358,0.019223174195081807,0.013193954998943666,0.07630728962236066,-0.08241326739366445,0.11094884440505048,26700,-3.218820224719101,-3.0,16.059862514069845,-29.5,22.5,-102.5,96.5,26700,-0.006536666366941543,-0.005019553520264175,0.012116332331846792,-0.0271586281077573,0.010675332923853404,-0.10226775154428536,0.08520533061669555
link_window_outage,20.0,1.0,890,26700,26700,76.51123595505618,81.25,23.751305752584436,46.875,100.0,0.0,100.0,26700,72.1317883895131,81.25,29.67265591940457,0.0,100.0,0.0,100.0,26700,89.34363271530289,97.60416666666666,17.94453578603315,39.12553971199724,100.0,17.28077899383567,100.0,24312,111.5468850830446,89.20069444444623,60.60341104807527,47.90486111111277,223.11736111111117,31.116666666666667,359.85,26700,2015.0610299625469,1683.5,1402.561200654501,236.97500000000002,4859.5,42.0,5670.0,26700,2176.8319850187268,1822.0,1428.6081921414325,345.0,5114.049999999999,69.0,5760.0,26700,0.5121915159943426,0.4641291884668537,0.2145847591530376,0.2388899215376698,0.9312788234936759,0.12827317763623497,1.183885280504111,26700,173.15286516853934,141.5,95.44139914153114,71.0,363.0,38.0,624.0,26700,0.5751707621155812,0.6022929356030864,0.2392946239241643,0.0,0.9094864134816965,0.0,0.9457948717948719,26700,-1.1116573033707866,0.0,2.6433606338930056,-6.25,0.0,-28.125,3.125,26700,-2.5592228464419478,0.0,4.611509050864951,-12.5,0.0,-40.625,3.125,26700,-1.7942658660186699,-0.5681818181818272,2.679291697431165,-7.691697267104875,0.0,-22.575401688453148,1.0416666666666572,24312,11.782326228930982,7.184027777779804,27.745681240322348,0.0,52.632638888887755,-268.6319444444443,244.9826388888888,26700,-32.50750936329588,-24.5,39.47157762324547,-79.5,-2.0,-904.5,6.0,26700,-23.40734082397004,-17.0,30.259645075980202,-63.0,-1.0,-728.0,3.0,26700,0.08869197541858391,0.08181320343332427,0.04130181051927988,0.02659465292094506,0.1673087776544591,-0.04912284132439754,0.23622741529279967,26700,-7.072415730337078,-6.0,25.825267566716906,-50.5,34.5,-132.0,134.5,26700,-0.01326006856207973,-0.010869867591709381,0.018065418943498338,-0.0449111992167389,0.011778879913803183,-0.16484698261937059,0.09576559047963129
link_window_outage,30.0,1.0,890,26700,26700,75.7121956928839,81.25,23.598248966380538,43.75,100.0,0.0,100.0,26700,70.52680243445693,78.125,29.757070989321964,0.0,100.0,0.0,100.0,26700,88.13385141348691,96.578164160401,18.727629019055303,36.09475039501663,100.0,14.299113785449817,100.0,24144,119.73103031119206,96.73472222222384,63.134116627185044,50.15138888888881,240.85,24.73611111111772,359.76666666666665,26700,1991.7117790262173,1659.0,1403.1799922962073,219.0,4842.0,33.5,5670.0,26700,2160.0122471910113,1804.0,1430.9782914083148,318.0,5100.0,57.0,5760.0,26700,0.5721042873100874,0.5165303253937625,0.23922431394679491,0.26515714746147095,1.035212176368098,0.1303246946678582,1.3268498294965254,26700,168.93211610486892,138.5,91.62457070986859,69.5,346.5,33.5,579.5,26700,0.5675177131747848,0.591447661562404,0.23906994701353282,0.0,0.9081341405831012,0.0,0.9449946751863685,26700,-1.9106975655430711,0.0,3.5832559647922357,-9.375,0.0,-34.375,3.125,26700,-4.164208801498128,0.0,6.146146311031576,-15.625,0.0,-50.0,3.125,26700,-3.004047167834645,-1.3333333333333286,3.828839511330974,-11.164188452919525,0.0,-35.684365760192954,1.0416666666666572,24144,20.771624190044456,13.591666666676009,34.707173978930584,0.0,80.3340277777778,-271.6305555555556,241.33402777777786,26700,-55.85676029962547,-46.0,53.03047394730828,-127.5,-6.5,-969.5,0.0,26700,-40.227078651685396,-31.0,41.644188600769304,-101.0,-4.0,-793.0,0.0,26700,0.14860474673432872,0.1373946629657666,0.06827713080133206,0.04167338753756527,0.27781810791611394,-0.06794587133402816,0.3965195439588305,26700,-11.29316479400749,-9.0,34.90187134439582,-72.5,43.5,-194.5,142.0,26700,-0.020913117502876107,-0.01748400971194275,0.024090753386639668,-0.06409822515576086,0.011097558275030358,-0.1635002827128531,0.09170038518432078
random_cn_failure,5.0,1.0,809,24270,24270,81.77006077461887,87.5,17.160808299633796,53.125,100.0,34.375,100.0,24270,80.6641429748661,84.375,20.523428863768657,46.875,100.0,0.0,100.0,24270,95.30933524062935,98.75,7.9298978251719765,76.92307692307692,100.0,45.56670275293757,100.0,23966,101.26568686426545,81.2,57.925690869170495,45.03680555555717,212.11736111111338,32.90486111111338,359.5513888889322,24270,2106.3694684796046,1743.75,1278.7380930726933,500.5,4700.549999999999,149.0,5386.5,24270,2260.653440461475,1886.0,1298.410932934502,593.0,4936.549999999999,216.0,5472.0,24270,0.44257073698364463,0.4038760614934549,0.18137781572884412,0.20611303634767375,0.7909032653311118,0.1293315574600289,0.9789550446933785,24270,170.0041203131438,144.0,88.5625162201472,74.0,349.5,43.0,626.0,24270,0.6568924903615196,0.6539377464429951,0.15981276627406424,0.39619150635308115,0.9220840336134455,0.25254901960784304,0.9573052992919975,24270,-0.4881283477544293,0.0,1.7760289024374931,-3.125,0.0,-21.875,3.125,24270,-0.9953131437989288,0.0,4.0327445213494375,-6.25,0.0,-56.25,9.375,24270,-0.4260144821635529,0.0,1.3937455876797213,-2.5232645524765047,0.0,-16.84027777777777,3.07692307692308,23966,3.6274131118620825,0.0,18.509260579876372,0.0,16.99999999999612,-217.83333333333576,249.6319444444443,24270,-116.28689740420272,-94.5,74.08390513698014,-272.5,-27.5,-944.0,-12.5,24270,-119.14384013185003,-96.0,74.29423194410727,-281.54999999999995,-30.0,-808.0,-17.0,24270,0.010267646671788167,0.010365981306410074,0.011647741067154627,-0.00726387394263428,0.026671854595884392,-0.13490791398956736,0.04835489438992724,24270,1.6561598681499794,0.0,13.878433980455965,-15.0,26.0,-76.5,145.0,24270,0.00954584103751694,0.008704172675033983,0.0111542501109235,-0.006945236110559749,0.028835916015871033,-0.07681621801262906,0.11103645047906463
random_cn_failure,10.0,1.0,809,24270,24270,81.3963998763906,87.5,17.14622786996314,53.125,100.0,34.375,100.0,24270,79.82205397610218,84.375,21.037975274907343,37.5,100.0,0.0,100.0,24270,95.01582191024451,98.6046774676949,8.103448885625541,76.92307692307692,100.0,45.56670275293757,100.0,23937,105.00511307460265,82.80277777777786,61.55933764476209,45.734722222223255,222.7173611111153,32.90486111111338,359.93333333333334,24270,2004.5189740420271,1661.0,1211.0773613823737,468.0,4453.049999999999,149.0,5103.0,24270,2156.4503090234857,1821.0,1229.9014122149354,559.0,4673.0,216.0,5184.0,24270,0.4522217475752739,0.4121223556688692,0.18314845649194195,0.21416438795282333,0.8069634222122297,0.14105450588883353,0.9956032888216507,24270,171.1422744128554,145.0,89.12804616336696,74.0,350.0,41.0,617.5,24270,0.6646825120237717,0.6633566903284718,0.15887715560881666,0.40441496942182975,0.924991618619586,0.25851851851851837,0.9578237637398559,24270,-0.8617892459826947,0.0,2.3480332567032733,-6.25,0.0,-31.25,3.125,24270,-1.8374021425628349,0.0,5.681024497259285,-9.375,0.0,-75.0,9.375,24270,-0.7195278125483865,0.0,1.7595196075883064,-4.031893004115233,0.0,-15.919129998809225,6.410256410256409,23937,7.501401885969102,1.5833333333185422,27.226693096665123,0.0,29.999999999993793,-225.33263888884352,257.41388888888855,24270,-218.13739184178,-181.5,142.17298069236318,-528.0,-51.0,-1180.5,-12.5,24270,-223.3469715698393,-188.0,143.7849546925751,-543.0,-57.0,-1085.0,-17.0,24270,0.01991865726341746,0.019711143779624032,0.018788350188260774,-0.012523109021604405,0.05019957465701434,-0.13490791398956736,0.08977344462987757,24270,2.7943139678615574,0.0,18.332225444088678,-21.5,37.0,-73.0,166.0,24270,0.01733586269976907,0.01638104597231982,0.01530254534896318,-0.005989366131220375,0.04309429370873272,-0.08184391142257175,0.12493541420690013
random_cn_failure,20.0,1.0,809,24270,24270,80.44203234445818,84.375,17.182973322038887,53.125,100.0,18.75,100.0,24270,77.93791203131438,84.375,22.51338268557486,25.0,100.0,0.0,100.0,24270,94.27642889241652,98.21428571428572,8.803029980121329,76.13529841761266,100.0,36.45836441085309,100.0,23892,111.06527190645329,87.36736111112114,64.89609546231672,47.87875000000045,241.85,24.73611111111772,359.93333333333334,24270,1799.298908117017,1492.5,1073.2613689886832,436.5,3960.7749999999996,103.0,4536.0,24270,1946.1157807993407,1668.0,1090.9829899710985,524.0,4152.549999999999,159.0,4608.0,24270,0.47272277269171736,0.4267401092196541,0.1872294919376292,0.2325141124209501,0.8475786384425745,0.15188159333979578,1.0501292842503676,24270,172.79390193654717,146.5,90.54837493725621,74.5,355.0,44.0,643.0,24270,0.6805721455358525,0.6823190564880024,0.15719655778422842,0.42155016221936176,0.9336149297904379,0.28287269681742044,0.9677081348828349,24270,-1.8161567779151215,0.0,3.491744766948238,-9.375,0.0,-34.375,3.125,24270,-3.7215440873506385,0.0,8.662499533199995,-21.875,0.0,-78.125,12.5,24270,-1.4589208303763836,-0.2840909090909065,2.757024966282995,-7.471284856569102,0.0,-25.366005038992654,7.259259259259267,23892,13.73019121346966,5.868055555575541,36.69601489124624,0.0,63.49993055555407,-270.33263888888763,274.2673611111267,24270,-423.3574577667903,-343.5,281.9156155645015,-1029.5,-90.0,-1508.5,-27.0,24270,-433.68149979398436,-351.0,286.30431944990164,-1054.0,-100.0,-1494.0,-36.0,24270,0.04041968237986096,0.04003462970270921,0.03680302510108136,-0.023656898492970063,0.10256825536884599,-0.22267262453114645,0.1793450029777398,24270,4.445941491553358,1.5,25.760685245780028,-32.5,51.5,-95.0,198.0,24270,0.03322549621184977,0.03179480575711502,0.022204440987611634,-0.0001006697452853422,0.07089121031619884,-0.11100240328761624,0.15827068353695828
random_cn_failure,30.0,1.0,809,24270,24270,79.39379892871858,84.375,17.00958418264403,53.125,100.0,15.625,100.0,24270,75.67753399258343,81.25,23.921550380556013,18.75,100.0,0.0,100.0,24270,93.4858130675885,97.61863499608597,9.118867829915411,73.4151468675783,100.0,36.45836441085309,100.0,23830,118.71591775656653,92.80277777778076,69.80930843505023,49.9347222222374,284.2923611111268,24.73611111111772,359.93333333333334,24270,1594.0135352286775,1344.5,935.0371813925349,399.225,3474.5,103.0,3969.0,24270,1735.537906880923,1530.0,951.9054245627716,486.0,3648.0,159.0,4032.0,24270,0.496817060812335,0.45230375825006647,0.19370322658392194,0.2558388961857812,0.897888948904963,0.1692406327502721,1.1820939416575649,24270,173.516275236918,146.5,92.17163583490219,74.0,361.5,45.0,630.0,24270,0.6964635929431794,0.7017490637540855,0.1556432835946799,0.4357817815540943,0.9384106746911626,0.26823326150680415,0.9713599855063713,24270,-2.864390193654718,0.0,4.496108978949453,-12.5,0.0,-37.5,3.125,24270,-5.9819221260815825,0.0,11.481876206627192,-31.25,0.0,-78.125,12.5,24270,-2.2495366552043983,-0.79195319713061,3.413384116788563,-10.142454041655808,0.0,-26.652464494569756,13.986013986013987,23830,21.53550846272177,10.395833333330906,45.19858704800582,0.0,116.29861111110273,-267.4645833332994,287.00000000002194,24270,-628.6428306551298,-527.0,423.317551657973,-1529.275,-120.5,-1885.5,-27.0,24270,-644.2593737124022,-541.5,430.39766523855434,-1567.0,-131.45000000000073,-1947.0,-36.0,24270,0.06451397050047852,0.06305582670526567,0.057126208248478125,-0.03182185293162188,0.16735746068423327,-0.22267262453114645,0.31691359268310626,24270,5.168314791924186,2.5,30.951506809662394,-40.5,60.0,-112.0,246.0,24270,0.049116943619176644,0.047845905886104045,0.028197219960340726,0.006988340688320616,0.09652671093557293,-0.08498601532325356,0.19470563984250577
random_satellite_failure,5.0,1.0,890,26700,26700,77.25514981273409,84.375,23.892514694822136,50.0,100.0,0.0,100.0,26700,74.22366573033707,84.375,29.04826650237841,0.0,100.0,0.0,100.0,26700,90.9089922261161,98.4375,16.609487401004856,44.70851718946918,100.0,20.63265222596522,100.0,24723,104.33567039464327,80.9368055555579,64.47674856675343,45.03680555555717,234.5513888888905,23.333333333333332,359.20069444446005,26700,1940.5409737827715,1620.0,1330.3519227722084,254.5,4639.5,48.5,5386.5,26700,2087.0555056179774,1745.5,1353.3830509505144,374.0,4877.049999999999,81.0,5472.0,26700,0.4365506203521544,0.3954079798130087,0.18200978335113124,0.20424672515918568,0.7886580603921796,0.1282539518613279,0.991892621196945,26700,178.22194756554308,147.5,99.7969598232302,73.5,380.0,45.0,665.5,26700,0.5909443759818573,0.6232837970033642,0.24002931003946562,0.0,0.9110811360748001,0.0,0.9558072396180324,26700,-0.3677434456928839,0.0,1.4799692918884773,-3.125,0.0,-31.25,3.125,26700,-0.46734550561797755,0.0,3.2244764751523376,-3.125,0.0,-62.5,46.875,26700,-0.22890635520545272,0.0,1.1165897806778968,-1.4977167950513488,0.5080246844827131,-25.366005038992654,7.175461940835632,24695,2.6463326190636765,0.0,16.378064645006127,-0.28124999999939604,12.783333333306771,-302.86736111111605,257.6493055555557,26700,-107.02756554307116,-92.5,77.04928011128747,-261.5,-9.0,-792.0,0.0,26700,-113.1838202247191,-96.0,76.763269152667,-268.0,-13.0,-630.0,0.0,26700,0.013051079776395786,0.013374036068779599,0.01072369479273427,-0.004580621912022661,0.028451731480534793,-0.12190562248681236,0.06711561914618858,26700,-2.0033333333333334,-2.5,13.735650832747005,-21.0,20.5,-79.5,172.5,26700,0.00251354530419635,0.0,0.011632107457065527,-0.013487412925653319,0.02352882053656382,-0.09943794673178674,0.12165662260710808
random_satellite_failure,10.0,1.0,890,26700,26700,76.83871722846442,84.375,23.814442886228996,46.875,100.0,0.0,100.0,26700,73.67755149812734,81.25,29.198326368919723,0.0,100.0,0.0,100.0,26700,90.65859084256292,98.4343096674842,16.64767089026135,44.669219958447535,100.0,20.346679084096404,100.0,24715,107.23475815969105,82.93472222225185,66.22533743645876,45.69444444444785,252.7173611111335,23.333333333333332,359.93333333333334,26700,1833.377191011236,1527.5,1259.7416356639924,240.47500000000002,4392.525,43.5,5103.0,26700,1973.6886891385768,1649.0,1282.022151280469,347.0,4618.0,71.0,5184.0,26700,0.45069570162142925,0.407611834529091,0.1864252234989576,0.21311977078107988,0.8096002834670241,0.12535746464527756,1.0238978812356625,26700,176.05799625468165,147.5,95.84012734871338,72.5,368.0,43.5,635.0,26700,0.5934873570767087,0.6258410242879607,0.23939703440535975,0.0,0.9102985773546788,0.0,0.9671296296296295,26700,-0.7841760299625468,0.0,2.2335178914309077,-6.25,0.0,-31.25,3.125,26700,-1.0134597378277153,0.0,4.827732718736106,-6.25,0.0,-65.625,50.0,26700,-0.47930773875864346,0.0,1.6367554004665608,-2.957967768852569,0.6735356986862722,-23.95122722135106,7.811206162513358,24674,5.5088506907855646,0.8333333333331581,22.92726250300932,-1.131944444449377,23.144097222222456,-302.86736111111605,269.7833333333333,26700,-214.19134831460673,-183.0,147.43277473000688,-512.5,-22.975000000000364,-981.0,0.0,26700,-226.55063670411985,-191.0,148.04147445210273,-525.0,-32.0,-858.0,0.0,26700,0.027196161045670606,0.027653065167158847,0.01893083093083879,-0.005780524859034117,0.056468163621732424,-0.22281180235165343,0.151150331852472,26700,-4.167284644194757,-4.5,20.405481341889818,-35.5,29.5,-134.5,222.0,26700,0.0050565263990479245,0.0016591012652513726,0.017331713271669304,-0.0192488440759501,0.03646933643537587,-0.11995404481546434,0.13827704730857993
random_satellite_failure,20.0,1.0,890,26700,26700,75.87160580524345,81.25,23.646881432253814,43.75,100.0,0.0,100.0,26700,72.41596441947566,81.25,29.528032275610972,0.0,100.0,0.0,100.0,26700,90.0755924713702,97.91666666666667,16.743070907262528,44.707883337226406,100.0,20.70324797833159,100.0,24747,112.733964666877,86.93680555555838,68.95648143109108,47.33888888889516,283.3673611111304,23.333333333333332,359.93333333333334,26700,1619.6879962546816,1343.0,1118.8277673040097,211.5,3893.5,39.0,4536.0,26700,1747.5092134831461,1457.0,1139.5383857517597,298.95000000000005,4100.049999999999,65.0,4608.0,26700,0.4822190338727208,0.43728700975945,0.1966113938521199,0.23047709864071678,0.8626358568195588,0.12876547025149737,1.1115076864055982,26700,170.96619850187267,147.0,88.85722406088226,71.0,343.0,39.0,592.5,26700,0.5979190532111337,0.6306753361600449,0.2381294530911232,0.0,0.9089645276270004,0.0,0.9644607843137256,26700,-1.7512874531835205,0.0,3.479684308465339,-9.375,0.0,-37.5,3.125,26700,-2.2750468164794007,0.0,7.565566291695368,-15.625,3.125,-78.125,50.0,26700,-1.0623061099513629,-0.09244181015698061,2.664400335125562,-6.410224775224779,0.9335810908833192,-32.01952792935766,11.88811188811188,24630,11.121565333603801,4.534027777777254,32.81406696019441,-2.1673263889061136,45.000763888895364,-302.86736111111605,275.9479166666663,26700,-427.88054307116107,-361.5,288.7077805069822,-1011.5,-52.0,-1450.5,-2.0,26700,-452.73011235955056,-382.0,290.82891521799553,-1039.0,-71.0,-1375.0,-4.0,26700,0.058719493296962084,0.05984411119972552,0.03776635018752709,-0.008086755083613232,0.12001331867586819,-0.24987530928106427,0.2053122455327424,26700,-9.259082397003745,-7.5,32.039207931572406,-65.0,39.0,-178.0,173.5,26700,0.009488222533472796,0.004952879594018134,0.025874462520937735,-0.028124090901614208,0.05657265877638509,-0.11539722910879124,0.1528394785388032
random_satellite_failure,30.0,1.0,890,26700,26700,74.61060393258427,78.125,23.445767292381024,40.625,100.0,0.0,100.0,26700,70.78125,81.25,30.025132387812402,0.0,100.0,0.0,100.0,26700,89.31765379555966,97.13541666666667,16.906221394141365,44.564600577411476,100.0,19.307999692615077,100.0,24719,119.58531904158664,91.86805555556633,73.31119027766245,49.2069444444504,304.3667361111133,19.333333333333332,359.93333333333334,26700,1406.7118539325843,1163.0,978.8894138014441,180.0,3399.5249999999996,33.0,3969.0,26700,1521.6592509363295,1265.0,998.2441034540176,250.0,3574.0499999999993,55.0,4032.0,26700,0.5188793381810802,0.4710111502541615,0.20873686300829133,0.25123452499136306,0.9266309124840286,0.11210197501007658,1.225331534304483,26700,164.74084269662922,143.0,82.64629338191537,69.0,325.0,33.0,533.5,26700,0.6014537005884688,0.6334783026703795,0.2375453796871729,0.0,0.9090707710679901,0.0,0.9761904761904763,26700,-3.012289325842697,0.0,4.883230535586683,-12.5,0.0,-71.875,3.125,26700,-3.909761235955056,0.0,10.148414445388973,-25.0,3.125,-81.25,53.125,26700,-1.8202447857619015,-0.5045460540615281,3.7465515435286845,-9.70685958692073,1.0850152572390155,-42.31683433481023,15.567765567765562,24562,18.1232549828549,8.665972222221594,41.95608352563291,-3.000000000003881,92.7326388888886,-302.86736111111605,277.6319444444414,26700,-640.8566853932584,-540.0,428.7556958402793,-1509.0,-83.0,-1938.0,-8.0,26700,-678.580074906367,-571.0,432.2700572178511,-1554.0,-114.0,-2001.0,-14.0,26700,0.09537979760532149,0.09869029135707463,0.06046785704612893,-0.010227948613202541,0.1941971604621335,-0.3087923291313922,0.3309867867353108,26700,-15.48443820224719,-10.0,43.042542296666376,-95.52499999999998,44.0,-278.0,204.5,26700,0.013022869910807932,0.007360679998257513,0.033797844154798744,-0.03674077821094178,0.07446394780089893,-0.1353570139446485,0.17966407733914624
targeted_cn_failure,5.0,1.0,809,809,809,81.9221260815822,90.625,17.261379253383353,53.125,100.0,50.0,100.0,809,80.76328800988875,84.375,20.41469667243653,51.250000000000014,100.0,0.0,100.0,809,95.35056039787584,98.7407363615093,7.90805344937194,76.92307692307692,100.0,50.275784999975286,100.0,800,100.78662413194834,80.76875000000328,56.61367909001158,44.73472222222238,209.86736111111543,34.168750000000486,356.01666666666665,809,2107.0809641532755,1741.0,1278.9263856103898,503.4000000000001,4675.099999999995,186.5,5386.5,809,2261.469715698393,1885.0,1298.9097367952968,596.2,4922.399999999996,258.0,5472.0,809,0.4442134913474779,0.40550388076283933,0.18285311873394738,0.2069279337457231,0.7954370316126838,0.14589596399027227,0.9733395431095213,809,171.79666254635353,144.0,89.36513430273926,75.7,354.59999999999945,53.5,588.5,809,0.6570877125635695,0.6536469419611184,0.1590342618417148,0.40094207588045616,0.9220884168497413,0.3004501102248094,0.954367666232073,809,-0.3360630407911001,0.0,1.3977327538621107,-3.125,0.0,-21.875,3.125,809,-0.896168108776267,0.0,3.256567644497748,-6.25,0.0,-31.25,3.125,809,-0.3847893249170596,0.0,1.1800597244185278,-2.3562172594430613,0.0,-14.577024827024822,0.5208333333333286,800,2.953515624999743,0.0,16.890318652717585,0.0,14.999999999994827,-195.86666666666665,122.46597222222746,809,-115.57540173053152,-94.5,72.79943627119654,-273.0,-28.0,-349.5,-12.5,809,-118.32756489493201,-96.0,73.5216863280714,-280.6,-30.0,-321.0,-17.0,809,0.011910401035621411,0.011531326433860956,0.011130688956543943,-0.004041538154424225,0.02993864175263598,-0.08982347533950563,0.050938059682697046,809,3.4487021013597032,0.0,16.025529645454302,-14.0,31.0,-39.0,116.5,809,0.009741063239566734,0.0080943312288142,0.013942375894396898,-0.00924146924740401,0.03406389451427356,-0.03832932858857174,0.08986995746945836
targeted_cn_failure,10.0,1.0,809,809,809,81.55902348578492,87.5,17.280803019698936,53.125,100.0,50.0,100.0,809,79.68556860321384,84.375,21.241560668049065,37.5,100.0,0.0,100.0,809,95.08770598754434,98.46129596619792,8.017991633389281,76.92307692307692,100.0,50.275784999975286,100.0,799,106.1595762063726,82.45347222222432,63.69540351419616,45.46569444444971,229.24729166666756,34.585416666668124,358.01666666666665,809,2005.2194066749073,1659.0,1210.8831563463957,475.50000000000006,4438.899999999995,186.5,5103.0,809,2157.5080346106306,1820.0,1230.285442507856,564.8000000000001,4660.799999999997,258.0,5184.0,809,0.45446639520227383,0.4148522806873185,0.18493102130570252,0.21546533781204694,0.8085263424611079,0.15250635193938178,0.9845746946810539,809,175.03770086526575,145.5,90.58501149243,76.0,360.5999999999999,54.0,588.0,809,0.6668089208997144,0.6649487615029959,0.15608164610628333,0.419485969696962,0.9241153840775267,0.3070535867146036,0.9576271186440679,809,-0.6991656365883807,0.0,2.010690429854577,-6.25,0.0,-21.875,3.125,809,-1.9738875154511744,0.0,5.668140563620951,-12.5,0.0,-56.25,3.125,809,-0.6476437352485566,0.0,1.4382249599623858,-3.8461538461538396,0.0,-14.577024827024822,3.07692307692308,799,8.592468015574452,2.0,30.851738760976772,0.0,28.05340277778147,-195.86666666666665,250.56597222222126,809,-217.43695920889988,-184.5,141.46882324962357,-526.8,-51.0,-635.0,-18.5,809,-222.2892459826947,-185.0,143.25613319702725,-540.6,-57.0,-610.0,-25.0,809,0.02216330489041741,0.02099880325191844,0.01868580071581691,-0.007925732767846047,0.05344323503722896,-0.08982347533950563,0.08717857761066639,809,6.68974042027194,3.0,21.486097417505004,-19.0,44.0,-57.0,149.0,809,0.019462271575711624,0.017551662864162987,0.01910499255641396,-0.008058974164671317,0.05357319800383289,-0.04304715573253404,0.11562629629329058
targeted_cn_failure,20.0,1.0,809,809,809,80.46199011124845,84.375,17.328460668178664,53.125,100.0,37.5,100.0,809,77.72713226205191,84.375,22.624055918075737,25.0,100.0,0.0,100.0,809,94.29585081405924,98.01136363636364,8.739906726013825,76.92307692307692,100.0,39.63757741755479,100.0,797,113.13486947581559,86.7347222222544,67.40624786666432,49.11250000000039,256.80069444445604,37.206944444444765,359.93333333333334,809,1798.8541409147094,1496.0,1072.0541722568184,438.20000000000005,3939.899999999996,141.5,4536.0,809,1946.7799752781211,1673.0,1090.910190214284,526.4,4131.599999999997,197.0,4608.0,809,0.47537671516260044,0.4280524984705978,0.19066208353794478,0.23333675220516803,0.8578306503526807,0.16611060895976557,1.0838067403669358,809,181.2972805933251,155.5,94.70800457833295,77.7,375.29999999999995,53.0,593.0,809,0.6857533268690664,0.6844017820062671,0.15212525144859035,0.4384631557730123,0.9310896789447405,0.3215477863668308,0.9677081348828349,809,-1.7961990111248456,0.0,3.4270162250320153,-9.375,0.0,-25.0,3.125,809,-3.9323238566131025,0.0,8.417914634633519,-23.749999999999982,0.0,-59.375,3.125,809,-1.439498908733666,-0.42735042735043294,2.6591522938290204,-6.596608329941667,0.0,-21.29726292226291,6.410256410256409,797,15.68825543705503,6.982638888880317,39.45845212523689,0.0,68.47305555555656,-195.86666666666665,263.16597222222225,809,-423.80222496909767,-346.5,283.0296967240658,-1026.0,-90.0,-1212.5,-33.0,809,-433.01730531520394,-352.0,286.77057221112153,-1052.2,-100.40000000000009,-1200.0,-44.0,809,0.04307362485074399,0.04172926087819795,0.03825814490971563,-0.019669526678382652,0.10918706935065646,-0.11428384409658249,0.19142865498102202,809,12.949320148331273,7.0,32.4777231749901,-25.799999999999997,74.59999999999991,-68.0,191.0,809,0.03840667754506384,0.03345203258712859,0.030609202643648723,-0.004394062074190727,0.09401003459132248,-0.06071268489466619,0.16079506052032122
targeted_cn_failure,30.0,1.0,809,809,809,79.31087762669964,81.25,17.224202550441056,53.125,100.0,37.5,100.0,809,75.09270704573548,81.25,23.91107968515566,16.875000000000018,100.0,0.0,100.0,809,93.35318536028329,97.14805479608111,9.043509804909096,75.48055658352393,100.0,39.63757741755479,100.0,796,123.19846192769765,95.73472222222263,72.33939214235771,52.63142361111689,299.12517361111117,39.73472222222917,359.93333333333334,809,1590.2509270704575,1342.5,931.971166413954,402.3,3457.7999999999984,141.5,3967.0,809,1734.344870210136,1531.0,951.2204658906484,492.8,3638.799999999996,197.0,4031.0,809,0.49939038203092534,0.4474527186823003,0.1990371177409703,0.25403929024840705,0.9098379013285561,0.18547245950385474,1.235627869499089,809,186.92274412855377,160.0,98.8615983113679,80.2,384.7999999999997,59.0,635.0,809,0.7073723496415565,0.7112499999999999,0.14693182842047228,0.4754192808628703,0.9376066917036532,0.3317036330391925,0.9677081348828349,809,-2.947311495673671,0.0,4.521322698605969,-12.5,0.0,-28.125,3.125,809,-6.566749072929543,-3.125,11.460747180192675,-29.999999999999982,0.0,-68.75,3.125,809,-2.382164362509598,-1.149847274436084,3.497009483426374,-9.842490842490838,0.0,-21.29726292226291,13.986013986013987,796,25.762427589335072,12.107638888892872,50.62922326872375,0.0,130.8368055555556,-200.3340277777805,258.0819444444434,809,-632.4054388133499,-524.0,426.59655929352704,-1511.5,-123.0,-1953.0,-33.0,809,-645.4524103831891,-539.0,431.35520731007125,-1558.2,-132.4000000000001,-1854.0,-44.0,809,0.06708729171906887,0.06338914650736904,0.06062024391739949,-0.0334797670087463,0.17901891273472173,-0.11428384409658249,0.35755184467955303,809,18.57478368355995,11.0,40.04628704292926,-28.799999999999997,86.79999999999995,-82.0,261.0,809,0.06002570031755375,0.051349987816153186,0.04278691118794289,0.0055030821856251865,0.1385060406829844,-0.04542165447429469,0.2329019105593857
