case_id,region,scenario_id,family,topology,routing_policy,receiver_target,delivery_cutoff,max_forwarding_hops,max_observer_copies,max_cn_copies,task_size_multiplier,failure_type,failure_level_percent,replicate,applicability,n_tasks,n_failed_nodes,failed_nodes,removed_window_count,n_available_windows,available_window_duration_sec,available_window_capacity_mbits,n_transfer_events,total_transferred_data_mbits,used_capacity_percent,cn_related_traffic_share_percent,max_hops_seen,mean_original_coverage_deadline_percent,mean_original_coverage_sim_end_percent,mean_surviving_coverage_deadline_percent,mean_surviving_coverage_sim_end_percent,s100_original_before_deadline_percent,s100_original_by_sim_end_percent,s100_surviving_before_deadline_percent,s100_surviving_by_sim_end_percent,observation_success_percent,geometry_failure_count,communication_failure_count,routing_or_timing_failure_count,disconnected_task_count_original,t100_completed_task_count_surviving,t100_censored_task_count_surviving,median_t100_surviving_min,p90_t100_surviving_min,p95_t100_surviving_min,p100_t100_surviving_min,t100_completed_task_count_original,t100_censored_task_count_original,p100_t100_original_min,peak_node_sent_data_mbits,mean_node_sent_data_mbits,node_sent_data_gini,n_tasks_critical,critical_observation_success_percent,critical_s100_surviving_before_deadline_percent,n_tasks_high,high_observation_success_percent,high_s100_surviving_before_deadline_percent,n_tasks_medium,medium_observation_success_percent,medium_s100_surviving_before_deadline_percent,n_tasks_low,low_observation_success_percent,low_s100_surviving_before_deadline_percent,status,n_satellites,n_planes,altitude_km,inclination_deg,cn_fraction_percent,n_central_nodes,scenario_seed_hex,is_exact_pareto,illustrative_equal_weight_score,illustrative_score_rank
T060_P10_H0800_I0986_CN040_F1,California,unlimited_useful_deadline,unlimited,central_only,targeted_central,all_useful,deadline,-1.0,0.0,0.0,1.0,none,0.0,0,applicable,32.0,0.0,,0.0,30841.0,10699004.0,240603.13599961362,964.0,888.5,0.3692803073029883,100.0,11.0,100.0,100.0,100.0,100.0,100.0,100.0,100.0,100.0,96.875,0.0,0.0,1.0,0.0,32.0,0.0,53.53437500000041,63.93437500000123,65.19201388889475,66.10347222223257,32.0,0.0,66.10347222223257,77.5,13.958333333333334,0.7170248756218907,1.0,0.0,100.0,6.0,100.0,100.0,16.0,100.0,100.0,9.0,100.0,100.0,COMPLETED,60,10,800.0,98.6,40.0,24,b61601c68bb1d296,True,0.9478291654299001,1
T060_P10_H0800_I0986_CN030_F1,California,unlimited_useful_deadline,unlimited,central_only,targeted_central,all_useful,deadline,-1.0,0.0,0.0,1.0,none,0.0,0,applicable,32.0,0.0,,0.0,22342.0,7897440.0,186813.10719976242,833.0,757.0,0.40521781974887183,99.60369881109644,9.0,98.4375,98.4375,98.4375,98.4375,93.75,93.75,93.75,93.75,96.875,0.0,0.0,1.0,0.0,30.0,2.0,57.33437499999976,76.25798611111081,81.10986111111308,85.73472222222675,30.0,2.0,85.73472222222675,95.0,11.691666666666666,0.7647540983606558,1.0,0.0,100.0,6.0,100.0,66.66666666666666,16.0,100.0,100.0,9.0,100.0,100.0,COMPLETED,60,10,800.0,98.6,30.0,18,334cad44a2186206,True,0.9435491547201155,2
T060_P05_H1000_I0986_CN030_F1,California,unlimited_useful_deadline,unlimited,central_only,targeted_central,all_useful,deadline,-1.0,0.0,0.0,1.0,none,0.0,0,applicable,32.0,0.0,,0.0,19530.0,4477200.0,132057.67039974727,794.0,722.5,0.5471094543868182,98.6159169550173,6.0,100.0,100.0,100.0,100.0,93.75,93.75,93.75,93.75,93.75,2.0,0.0,0.0,2.0,30.0,2.0,66.67638888889462,78.35409722222526,80.21215277777803,90.20069444444441,30.0,2.0,90.20069444444441,71.5,11.25,0.7727901234567902,1.0,0.0,0.0,6.0,83.33333333333334,83.33333333333334,16.0,100.0,100.0,9.0,100.0,100.0,COMPLETED,60,5,1000.0,98.6,30.0,18,3a15b430fb458202,True,0.9426869991095281,3
T060_P05_H0800_I0986_CN020_F1,California,unlimited_useful_deadline,unlimited,central_only,targeted_central,all_useful,deadline,-1.0,0.0,0.0,1.0,none,0.0,0,applicable,32.0,0.0,,0.0,14133.0,3134552.0,95103.86559983705,624.0,545.0,0.5730576739048279,99.1743119266055,6.0,96.66666666666667,96.66666666666667,96.66666666666667,96.66666666666667,90.625,90.625,90.625,90.625,90.625,2.0,1.0,0.0,3.0,29.0,3.0,77.73611111111231,105.56805555555579,105.89513888888953,131.7347222222224,29.0,3.0,131.7347222222224,78.0,8.45,0.8434253780407628,1.0,0.0,0.0,6.0,66.66666666666666,66.66666666666666,16.0,100.0,100.0,9.0,100.0,100.0,COMPLETED,60,5,800.0,98.6,20.0,12,6b1f40becec9d0cd,True,0.9360072924125103,5
T060_P05_H0800_I0800_CN050_F1,California,unlimited_useful_deadline,unlimited,central_only,targeted_central,all_useful,deadline,-1.0,0.0,0.0,1.0,none,0.0,0,applicable,32.0,0.0,,0.0,36378.0,7709424.0,183877.3951994412,1150.0,1087.5,0.5914266943038058,100.0,11.0,97.99107142857143,97.99107142857143,97.99107142857143,97.99107142857143,93.75,93.75,93.75,93.75,100.0,0.0,0.0,0.0,0.0,30.0,2.0,49.69340277777786,63.26076388888966,64.57100694444564,68.3673611111124,30.0,2.0,68.3673611111124,80.5,17.241666666666667,0.689681005316578,1.0,100.0,0.0,6.0,100.0,83.33333333333334,16.0,100.0,100.0,9.0,100.0,100.0,COMPLETED,60,5,800.0,80.0,50.0,30,b6cc787b10c5ed63,True,0.926887162868816,11
T060_P05_H0500_I0800_CN060_F1,California,unlimited_useful_deadline,unlimited,central_only,targeted_central,all_useful,deadline,-1.0,0.0,0.0,1.0,none,0.0,0,applicable,32.0,0.0,,0.0,47369.0,10247288.0,216377.80479945778,1324.0,1263.5,0.5839323497948558,100.0,8.0,99.21875,99.21875,99.21875,99.21875,96.875,96.875,96.875,96.875,100.0,0.0,0.0,0.0,0.0,31.0,1.0,48.502777777779556,76.55138888889293,77.74305555555918,78.93472222223149,31.0,1.0,78.93472222223149,125.5,20.341666666666665,0.6470367335791343,1.0,100.0,0.0,6.0,100.0,100.0,16.0,100.0,100.0,9.0,100.0,100.0,COMPLETED,60,5,500.0,80.0,60.0,36,0ad8834554a51826,True,0.9239260874520733,13
T060_P05_H0800_I0986_CN030_F1,California,unlimited_useful_deadline,unlimited,central_only,targeted_central,all_useful,deadline,-1.0,0.0,0.0,1.0,none,0.0,0,applicable,32.0,0.0,,0.0,20975.0,4614712.0,123522.93759973062,770.0,683.5,0.5533385242300864,99.85369422092172,7.0,97.5,97.5,97.5,97.5,87.5,87.5,87.5,87.5,90.625,2.0,0.0,1.0,2.0,28.0,4.0,64.65208333333503,84.96736111111132,92.47388888889431,99.36736111111531,28.0,4.0,99.36736111111531,73.5,10.625,0.7864705882352943,1.0,0.0,0.0,6.0,66.66666666666666,50.0,16.0,100.0,100.0,9.0,100.0,100.0,COMPLETED,60,5,800.0,98.6,30.0,18,47731bc3a4865afd,True,0.922904196676554,14
T060_P05_H0800_I0800_CN070_F1,California,unlimited_useful_deadline,unlimited,central_only,targeted_central,all_useful,deadline,-1.0,0.0,0.0,1.0,none,0.0,0,applicable,32.0,0.0,,0.0,49755.0,11219380.0,251268.55039913335,1467.0,1422.0,0.5659283653848407,100.0,10.0,100.0,100.0,100.0,100.0,100.0,100.0,100.0,100.0,100.0,0.0,0.0,0.0,0.0,32.0,0.0,46.79409722222505,51.5079861111191,52.009861111111086,56.20069444445047,32.0,0.0,56.20069444445047,111.0,22.783333333333335,0.5801633747866375,1.0,100.0,100.0,6.0,100.0,100.0,16.0,100.0,100.0,9.0,100.0,100.0,COMPLETED,60,5,800.0,80.0,70.0,42,f211c2382d3a42f6,True,0.9205352725833581,17
T060_P05_H1000_I0986_CN020_F1,California,unlimited_useful_deadline,unlimited,central_only,targeted_central,all_useful,deadline,-1.0,0.0,0.0,1.0,none,0.0,0,applicable,32.0,0.0,,0.0,13262.0,3110564.0,105818.25919984857,592.0,504.5,0.47676081974397283,95.14370664023787,6.0,93.33333333333333,93.33333333333333,93.33333333333333,93.33333333333333,87.5,87.5,87.5,87.5,87.5,2.0,2.0,0.0,4.0,28.0,4.0,81.55173611111103,107.16854166666685,121.70555555555634,136.7173611111112,28.0,4.0,136.7173611111112,60.0,7.45,0.8333706189410888,1.0,0.0,0.0,6.0,50.0,50.0,16.0,100.0,100.0,9.0,100.0,100.0,COMPLETED,60,5,1000.0,98.6,20.0,12,3d7f7e3a7bf2a852,True,0.9197055415876604,20
T060_P05_H0500_I0986_CN020_F1,California,unlimited_useful_deadline,unlimited,central_only,targeted_central,all_useful,deadline,-1.0,0.0,0.0,1.0,none,0.0,0,applicable,32.0,0.0,,0.0,15393.0,3177100.0,79752.70719985157,575.0,460.5,0.5774098662833317,97.828447339848,6.0,83.33333333333333,83.33333333333333,83.33333333333333,83.33333333333333,78.125,78.125,78.125,78.125,78.125,2.0,5.0,0.0,7.0,25.0,7.0,90.98541666666763,150.0138888889004,150.73444444444445,155.03333333333333,25.0,7.0,155.03333333333333,67.0,7.025,0.8554567022538553,1.0,0.0,0.0,6.0,0.0,0.0,16.0,100.0,100.0,9.0,100.0,100.0,COMPLETED,60,5,500.0,98.6,20.0,12,42ca4ee669ec74a3,True,0.8684999032419322,132
T120_P05_H1000_I0986_CN010_F1,California,unlimited_useful_deadline,unlimited,central_only,targeted_central,all_useful,deadline,-1.0,0.0,0.0,1.0,none,0.0,0,applicable,32.0,0.0,,0.0,27152.0,5993980.0,207182.84159971902,936.0,793.0,0.38275370386708485,95.33417402269862,6.0,98.5925925925926,98.5925925925926,98.5925925925926,98.5925925925926,87.5,87.5,87.5,87.5,93.75,2.0,0.0,0.0,2.0,28.0,4.0,85.0270833333343,101.41638888888939,104.25184027778768,105.73472222222239,28.0,4.0,105.73472222222239,98.5,6.020833333333333,0.9150461361014994,1.0,0.0,0.0,6.0,83.33333333333334,50.0,16.0,100.0,100.0,9.0,100.0,100.0,COMPLETED,120,5,1000.0,98.6,10.0,12,b5a489fa08c127eb,True,0.8494075632594607,157
T060_P03_H0800_I0800_CN020_F1,California,unlimited_useful_deadline,unlimited,central_only,targeted_central,all_useful,deadline,-1.0,0.0,0.0,1.0,none,0.0,0,applicable,32.0,0.0,,0.0,11338.0,2461072.0,83308.12799989671,599.0,539.5,0.6475958744393692,95.36607970342911,7.0,96.93228582117472,96.93228582117472,96.93228582117472,96.93228582117472,68.75,68.75,68.75,68.75,59.375,5.0,0.0,8.0,5.0,22.0,10.0,78.30208333333334,160.01736111111305,163.45885416666664,166.20069444444573,22.0,10.0,166.20069444444573,91.0,7.475,0.8503344481605353,1.0,0.0,0.0,6.0,16.666666666666664,33.33333333333333,16.0,56.25,68.75,9.0,100.0,100.0,COMPLETED,60,3,800.0,80.0,20.0,12,a5e8b77d24aa9342,True,0.8481936294548286,158
T060_P03_H0800_I0986_CN030_F1,California,unlimited_useful_deadline,unlimited,central_only,targeted_central,all_useful,deadline,-1.0,0.0,0.0,1.0,none,0.0,0,applicable,32.0,0.0,,0.0,14423.0,3253240.0,97164.19199985835,709.0,631.5,0.6499307893188888,98.3372921615202,8.0,97.43589743589745,97.43589743589745,97.43589743589745,97.43589743589745,78.125,78.125,78.125,78.125,53.125,6.0,0.0,9.0,6.0,25.0,7.0,75.5375,84.60333333333332,84.91666666666667,87.20069444444538,25.0,7.0,87.20069444444538,92.0,8.991666666666667,0.7797188755020081,1.0,0.0,100.0,6.0,0.0,33.33333333333333,16.0,50.0,81.25,9.0,100.0,100.0,COMPLETED,60,3,800.0,98.6,30.0,18,f72f8077c41a447a,True,0.8461863886729869,160
T060_P05_H0800_I0986_CN010_F1,California,unlimited_useful_deadline,unlimited,central_only,targeted_central,all_useful,deadline,-1.0,0.0,0.0,1.0,none,0.0,0,applicable,32.0,0.0,,0.0,7009.0,1695844.0,67480.67199992677,439.0,353.0,0.5231127514562735,89.51841359773371,6.0,81.22222222222221,81.22222222222221,81.22222222222221,81.22222222222221,53.125,53.125,53.125,53.125,84.375,2.0,3.0,0.0,5.0,17.0,15.0,163.73472222223353,237.06666666666666,244.95680555555757,264.71736111112114,17.0,15.0,264.71736111112114,70.5,4.708333333333333,0.9123008849557523,1.0,0.0,0.0,6.0,33.33333333333333,0.0,16.0,100.0,50.0,9.0,100.0,100.0,COMPLETED,60,5,800.0,98.6,10.0,6,136eed3670d2cedb,True,0.841507743134586,166
T060_P10_H1000_I0800_CN010_F1,California,unlimited_useful_deadline,unlimited,central_only,targeted_central,all_useful,deadline,-1.0,0.0,0.0,1.0,none,0.0,0,applicable,32.0,0.0,,0.0,7083.0,1821144.0,81851.94239994606,459.0,370.0,0.45203569903338525,85.27027027027027,5.0,78.76578282828282,78.76578282828282,78.76578282828282,78.76578282828282,62.5,62.5,62.5,62.5,78.125,0.0,5.0,2.0,5.0,20.0,12.0,119.18472222222783,355.85833333333335,355.9375,356.01666666666665,20.0,12.0,356.01666666666665,93.5,4.608333333333333,0.9056359252561785,1.0,0.0,0.0,6.0,0.0,0.0,16.0,100.0,75.0,9.0,100.0,88.88888888888889,COMPLETED,60,10,1000.0,80.0,10.0,6,3a0e98770c7698b9,True,0.8409886768244439,168
T060_P03_H1000_I0800_CN010_F1,California,unlimited_useful_deadline,unlimited,central_only,targeted_central,all_useful,deadline,-1.0,0.0,0.0,1.0,none,0.0,0,applicable,32.0,0.0,,0.0,5509.0,1478328.0,75944.0703999576,447.0,401.5,0.528678536567121,77.21046077210461,3.0,95.43458550648093,95.43458550648093,95.43458550648093,95.43458550648093,62.5,62.5,62.5,62.5,56.25,5.0,0.0,9.0,5.0,20.0,12.0,105.30138888889398,241.65729166666668,281.7708333333333,281.85,20.0,12.0,281.85,149.5,4.2,0.9160052910052912,1.0,0.0,0.0,6.0,0.0,33.33333333333333,16.0,56.25,68.75,9.0,100.0,77.77777777777779,COMPLETED,60,3,1000.0,80.0,10.0,6,510c042c15169c1f,True,0.8390359959137094,171
T060_P05_H0500_I0986_CN010_F1,California,unlimited_useful_deadline,unlimited,central_only,targeted_central,all_useful,deadline,-1.0,0.0,0.0,1.0,none,0.0,0,applicable,32.0,0.0,,0.0,7656.0,1610832.0,49680.361599929165,433.0,334.5,0.673304278043896,84.60388639760838,6.0,78.26984126984127,78.26984126984127,78.26984126984127,78.26984126984127,59.375,59.375,59.375,59.375,78.125,2.0,5.0,0.0,7.0,19.0,13.0,155.03333333333333,241.78333333333333,242.93673611111132,252.71736111111338,19.0,13.0,252.71736111111338,72.0,4.375,0.9196507936507936,1.0,0.0,0.0,6.0,0.0,0.0,16.0,100.0,62.5,9.0,100.0,100.0,COMPLETED,60,5,500.0,98.6,10.0,6,fc733ac430f38a5e,True,0.8357796143604986,176
T060_P10_H1000_I0986_CN010_F1,California,unlimited_useful_deadline,unlimited,central_only,targeted_central,all_useful,deadline,-1.0,0.0,0.0,1.0,none,0.0,0,applicable,32.0,0.0,,0.0,8101.0,3022664.0,104290.8863999232,456.0,373.0,0.3576534948314282,85.52278820375335,5.0,81.6104418242576,81.6104418242576,81.6104418242576,81.6104418242576,46.875,46.875,46.875,46.875,84.375,0.0,4.0,1.0,4.0,15.0,17.0,112.85138888888905,171.13333333333333,172.39,175.16666666666666,15.0,17.0,175.16666666666666,86.5,4.775,0.9070680628272252,1.0,0.0,100.0,6.0,33.33333333333333,0.0,16.0,100.0,87.5,9.0,100.0,0.0,COMPLETED,60,10,1000.0,98.6,10.0,6,c923eadbdfb0f307,True,0.8313228479698864,185
T060_P03_H1000_I0986_CN020_F1,California,unlimited_useful_deadline,unlimited,central_only,targeted_central,all_useful,deadline,-1.0,0.0,0.0,1.0,none,0.0,0,applicable,32.0,0.0,,0.0,10876.0,2415468.0,92214.82559989544,536.0,457.0,0.49558191649447547,97.15536105032822,7.0,92.3076923076923,92.3076923076923,92.3076923076923,92.3076923076923,68.75,68.75,68.75,68.75,53.125,6.0,1.0,8.0,7.0,22.0,10.0,83.32569444444621,111.19062500000076,113.52968750000157,121.73472222222239,22.0,10.0,121.73472222222239,75.0,6.366666666666666,0.8453752181500873,1.0,0.0,0.0,6.0,0.0,0.0,16.0,50.0,81.25,9.0,100.0,100.0,COMPLETED,60,3,1000.0,98.6,20.0,12,bed9a498f903807a,True,0.8303931053679267,187
T060_P03_H0800_I0986_CN020_F1,California,unlimited_useful_deadline,unlimited,central_only,targeted_central,all_useful,deadline,-1.0,0.0,0.0,1.0,none,0.0,0,applicable,32.0,0.0,,0.0,11323.0,2382632.0,80448.5183998944,520.0,422.5,0.525180585551411,96.44970414201184,7.0,85.8974358974359,85.8974358974359,85.8974358974359,85.8974358974359,68.75,68.75,68.75,68.75,53.125,6.0,3.0,6.0,9.0,22.0,10.0,86.86805555555571,111.72472222222282,120.69822916666652,207.7173611111124,22.0,10.0,207.7173611111124,60.5,6.125,0.8576190476190477,1.0,0.0,0.0,6.0,0.0,0.0,16.0,50.0,81.25,9.0,100.0,100.0,COMPLETED,60,3,800.0,98.6,20.0,12,95f6a8d9f2472af2,True,0.8177878763973809,215
T060_P05_H1000_I0986_CN010_F1,California,unlimited_useful_deadline,unlimited,central_only,targeted_central,all_useful,deadline,-1.0,0.0,0.0,1.0,none,0.0,0,applicable,32.0,0.0,,0.0,6538.0,1759652.0,79880.74879993757,419.0,336.0,0.42062700343673115,83.03571428571429,6.0,79.23200118594856,79.23200118594856,79.23200118594856,79.23200118594856,37.5,37.5,37.5,37.5,81.25,2.0,4.0,0.0,6.0,12.0,20.0,124.08437500000849,273.88229166669066,284.3960069444831,284.6347222222755,12.0,20.0,284.6347222222755,91.5,4.075,0.9182344921608725,1.0,0.0,0.0,6.0,16.666666666666664,0.0,16.0,100.0,37.5,9.0,100.0,66.66666666666666,COMPLETED,60,5,1000.0,98.6,10.0,6,ee3f2e4a4dcb5a27,True,0.8065308028357875,244
T060_P03_H0800_I0800_CN010_F1,California,unlimited_useful_deadline,unlimited,central_only,targeted_central,all_useful,deadline,-1.0,0.0,0.0,1.0,none,0.0,0,applicable,32.0,0.0,,0.0,5586.0,1376952.0,62493.02399995706,433.0,379.0,0.606467691498271,83.64116094986808,3.0,92.05592247258913,92.05592247258913,92.05592247258913,92.05592247258913,50.0,50.0,50.0,50.0,50.0,5.0,0.0,11.0,5.0,16.0,16.0,166.4840277777803,240.97500000000002,251.70416666666668,283.76666666666665,16.0,16.0,283.76666666666665,117.0,4.366666666666666,0.9201653944020356,1.0,0.0,0.0,6.0,0.0,0.0,16.0,43.75,50.0,9.0,100.0,88.88888888888889,COMPLETED,60,3,800.0,80.0,10.0,6,c78d64c9a0838bad,True,0.801270250099774,251
T060_P03_H0500_I0800_CN010_F1,California,unlimited_useful_deadline,unlimited,central_only,targeted_central,all_useful,deadline,-1.0,0.0,0.0,1.0,none,0.0,0,applicable,32.0,0.0,,0.0,5710.0,1241344.0,43376.41599995786,431.0,370.0,0.8529980900228351,86.21621621621621,4.0,88.85634364758772,88.85634364758772,88.85634364758772,88.85634364758772,50.0,50.0,50.0,50.0,50.0,5.0,0.0,11.0,5.0,16.0,16.0,182.71666666666667,320.89166666666665,320.95416666666665,321.01666666666665,16.0,16.0,321.01666666666665,99.0,4.516666666666667,0.9241697416974171,1.0,0.0,0.0,6.0,0.0,0.0,16.0,43.75,50.0,9.0,100.0,88.88888888888889,COMPLETED,60,3,500.0,80.0,10.0,6,e42970d998a8561a,True,0.7947345547337102,267
T060_P05_H1000_I0600_CN010_F1,California,unlimited_useful_deadline,unlimited,central_only,targeted_central,all_useful,deadline,-1.0,0.0,0.0,1.0,none,0.0,0,applicable,32.0,0.0,,0.0,4870.0,1359140.0,92751.93279995199,531.0,427.5,0.4609068372968949,53.333333333333336,4.0,87.85750758636789,87.85750758636789,87.85750758636789,87.85750758636789,28.125,28.125,28.125,28.125,62.5,0.0,0.0,12.0,0.0,9.0,23.0,90.5,110.86694444444448,120.30083333333343,129.7347222222224,9.0,23.0,129.7347222222224,248.5,2.9833333333333334,0.8378026070763502,1.0,0.0,0.0,6.0,0.0,33.33333333333333,16.0,68.75,43.75,9.0,100.0,0.0,COMPLETED,60,5,1000.0,60.0,10.0,6,5a12691b655397ef,True,0.7752791251695396,313
T180_P05_H1000_I0986_CN010_F1,California,unlimited_useful_deadline,unlimited,central_only,targeted_central,all_useful,deadline,-1.0,0.0,0.0,1.0,none,0.0,0,applicable,32.0,0.0,,0.0,59139.0,12688276.0,381847.8623993834,1426.0,1224.5,0.3206774531368903,98.2033483054308,7.0,100.0,100.0,100.0,100.0,96.875,96.875,96.875,96.875,96.875,1.0,0.0,0.0,1.0,31.0,1.0,71.36736111111095,81.73472222222335,87.48506944444574,93.20069444444441,31.0,1.0,93.20069444444441,108.5,6.419444444444444,0.9195562286648398,1.0,0.0,0.0,6.0,100.0,100.0,16.0,100.0,100.0,9.0,100.0,100.0,COMPLETED,180,5,1000.0,98.6,10.0,18,eeeef6161a4f806e,True,0.7715364351439596,317
T060_P05_H0800_I0600_CN010_F1,California,unlimited_useful_deadline,unlimited,central_only,targeted_central,all_useful,deadline,-1.0,0.0,0.0,1.0,none,0.0,0,applicable,32.0,0.0,,0.0,5423.0,1261040.0,78888.68159995033,542.0,442.0,0.5602831623443917,54.751131221719454,4.0,85.37650199274071,85.37650199274071,85.37650199274071,85.37650199274071,15.625,15.625,15.625,15.625,75.0,0.0,0.0,8.0,0.0,5.0,27.0,48.01944444444428,75.7,79.36666666666666,83.03333333333333,5.0,27.0,83.03333333333333,250.5,3.191666666666667,0.8253698868581376,1.0,0.0,0.0,6.0,0.0,33.33333333333333,16.0,93.75,18.75,9.0,100.0,0.0,COMPLETED,60,5,800.0,60.0,10.0,6,afcfd79b7c0590b4,True,0.7695736996938699,326
T060_P03_H0500_I0986_CN020_F1,California,unlimited_useful_deadline,unlimited,central_only,targeted_central,all_useful,deadline,-1.0,0.0,0.0,1.0,none,0.0,0,applicable,32.0,0.0,,0.0,12157.0,2362276.0,64015.65119988571,433.0,319.5,0.499096695903908,94.67918622848201,6.0,65.38461538461539,65.38461538461539,65.38461538461539,65.38461538461539,53.125,53.125,53.125,53.125,53.125,6.0,9.0,0.0,15.0,17.0,15.0,80.93333333333334,107.97777777778033,139.83736111111213,222.7173611111153,17.0,15.0,222.7173611111153,59.0,4.341666666666667,0.8754638515674984,1.0,0.0,0.0,6.0,0.0,0.0,16.0,50.0,50.0,9.0,100.0,100.0,COMPLETED,60,3,500.0,98.6,20.0,12,0b21f01674b980b8,True,0.7511898272772687,361
T060_P03_H1000_I0986_CN010_F1,California,unlimited_useful_deadline,unlimited,central_only,targeted_central,all_useful,deadline,-1.0,0.0,0.0,1.0,none,0.0,0,applicable,32.0,0.0,,0.0,5436.0,1437348.0,73434.92159995668,328.0,256.5,0.34928885932132775,86.1598440545809,3.0,75.7134131150266,75.7134131150266,75.7134131150266,75.7134131150266,31.25,31.25,31.25,31.25,53.125,6.0,4.0,5.0,10.0,10.0,22.0,127.9840277777778,323.4316666666667,332.72416666666663,342.01666666666665,10.0,22.0,342.01666666666665,82.0,2.908333333333333,0.9378701050620821,1.0,0.0,0.0,6.0,0.0,0.0,16.0,50.0,43.75,9.0,100.0,33.33333333333333,COMPLETED,60,3,1000.0,98.6,10.0,6,ef77a7d59513ab32,True,0.7441177831499696,372
T060_P05_H1000_I0600_CN000_F1,California,unlimited_useful_deadline,unlimited,central_only,targeted_central,all_useful,deadline,-1.0,0.0,0.0,1.0,none,0.0,0,applicable,32.0,0.0,,0.0,1203.0,824956.0,82495.6,275.0,229.0,0.27759056240575253,0.0,1.0,67.75527398459383,67.75527398459383,67.75527398459383,67.75527398459383,18.75,18.75,18.75,18.75,56.25,0.0,0.0,14.0,0.0,6.0,26.0,52.24166666666667,95.25,95.29166666666666,95.33333333333333,6.0,26.0,95.33333333333333,229.0,0.0,0.0,1.0,0.0,0.0,6.0,0.0,33.33333333333333,16.0,56.25,25.0,9.0,100.0,0.0,COMPLETED,60,5,1000.0,60.0,0.0,0,c8cf37f11917e9a7,True,0.7179442767355568,432
T060_P03_H0800_I0986_CN010_F1,California,unlimited_useful_deadline,unlimited,central_only,targeted_central,all_useful,deadline,-1.0,0.0,0.0,1.0,none,0.0,0,applicable,32.0,0.0,,0.0,5573.0,1340160.0,60433.05599995651,312.0,244.5,0.40457990408457245,89.77505112474438,4.0,72.68543956043956,72.68543956043956,72.68543956043956,72.68543956043956,18.75,18.75,18.75,18.75,53.125,6.0,3.0,6.0,9.0,6.0,26.0,70.23541666666675,232.05069444445036,286.20868055555854,340.3666666666667,6.0,26.0,340.3666666666667,67.0,2.9583333333333335,0.9342253521126762,1.0,0.0,0.0,6.0,0.0,0.0,16.0,50.0,31.25,9.0,100.0,11.11111111111111,COMPLETED,60,3,800.0,98.6,10.0,6,5b7426672b01b6be,True,0.7172026630034174,436
T060_P05_H0800_I0600_CN000_F1,California,unlimited_useful_deadline,unlimited,central_only,targeted_central,all_useful,deadline,-1.0,0.0,0.0,1.0,none,0.0,0,applicable,32.0,0.0,,0.0,1198.0,676692.0,67669.2,257.0,219.5,0.3243720924733852,0.0,1.0,61.90936499436856,61.90936499436856,61.90936499436856,61.90936499436856,9.375,9.375,9.375,9.375,59.375,0.0,0.0,13.0,0.0,3.0,29.0,39.78333333333333,59.71666666666667,62.208333333333336,64.7,3.0,29.0,64.7,219.5,0.0,0.0,1.0,0.0,0.0,6.0,0.0,33.33333333333333,16.0,62.5,6.25,9.0,100.0,0.0,COMPLETED,60,5,800.0,60.0,0.0,0,b7fed4ea9188db45,True,0.6953802176551065,488
T060_P10_H1000_I0600_CN000_F1,California,unlimited_useful_deadline,unlimited,central_only,targeted_central,all_useful,deadline,-1.0,0.0,0.0,1.0,none,0.0,0,applicable,32.0,0.0,,0.0,1203.0,823388.0,82338.8,207.0,163.0,0.1979625644289205,0.0,1.0,50.37799873737374,50.37799873737374,50.37799873737374,50.37799873737374,3.125,3.125,3.125,3.125,78.125,0.0,0.0,7.0,0.0,1.0,31.0,48.11666666666667,48.11666666666667,48.11666666666667,48.11666666666667,1.0,31.0,48.11666666666667,163.0,0.0,0.0,1.0,0.0,0.0,6.0,0.0,16.666666666666664,16.0,100.0,0.0,9.0,100.0,0.0,COMPLETED,60,10,1000.0,60.0,0.0,0,fb806df049b4d879,True,0.6933730031597288,497
T060_P10_H0800_I0600_CN000_F1,California,unlimited_useful_deadline,unlimited,central_only,targeted_central,all_useful,deadline,-1.0,0.0,0.0,1.0,none,0.0,0,applicable,32.0,0.0,,0.0,1193.0,674652.0,67465.2,195.0,153.5,0.22752470903517666,0.0,1.0,47.41919111484329,47.41919111484329,47.41919111484329,47.41919111484329,6.25,6.25,6.25,6.25,78.125,0.0,0.0,7.0,0.0,2.0,30.0,49.24166666666667,49.34166666666667,49.354166666666664,49.36666666666667,2.0,30.0,49.36666666666667,153.5,0.0,0.0,1.0,0.0,0.0,6.0,0.0,33.33333333333333,16.0,100.0,0.0,9.0,100.0,0.0,COMPLETED,60,10,800.0,60.0,0.0,0,fa56310857b46faf,True,0.6925724019638809,500
T060_P10_H1000_I0986_CN000_F1,California,unlimited_useful_deadline,unlimited,central_only,targeted_central,all_useful,deadline,-1.0,0.0,0.0,1.0,none,0.0,0,applicable,32.0,0.0,,0.0,984.0,572472.0,57247.2,199.0,138.0,0.24105982475998827,0.0,1.0,43.74288586048455,43.74288586048455,43.74288586048455,43.74288586048455,0.0,0.0,0.0,0.0,75.0,0.0,7.0,1.0,7.0,0.0,32.0,,,,,0.0,32.0,,138.0,0.0,0.0,1.0,0.0,0.0,6.0,0.0,0.0,16.0,93.75,0.0,9.0,100.0,0.0,COMPLETED,60,10,1000.0,98.6,0.0,0,645d6250e43037bf,True,0.6695910424769952,551
T060_P10_H0500_I0600_CN000_F1,California,unlimited_useful_deadline,unlimited,central_only,targeted_central,all_useful,deadline,-1.0,0.0,0.0,1.0,none,0.0,0,applicable,32.0,0.0,,0.0,1151.0,415148.0,41514.8,193.0,149.5,0.36011253817915534,0.0,1.0,41.33034251484987,41.33034251484987,41.33034251484987,41.33034251484987,0.0,0.0,0.0,0.0,78.125,0.0,0.0,7.0,0.0,0.0,32.0,,,,,0.0,32.0,,149.5,0.0,0.0,1.0,0.0,0.0,6.0,0.0,0.0,16.0,100.0,0.0,9.0,100.0,0.0,COMPLETED,60,10,500.0,60.0,0.0,0,270044b9aaf3168a,True,0.6693285596601498,552
T060_P05_H1000_I0986_CN000_F1,California,unlimited_useful_deadline,unlimited,central_only,targeted_central,all_useful,deadline,-1.0,0.0,0.0,1.0,none,0.0,0,applicable,32.0,0.0,,0.0,978.0,570488.0,57048.8,161.0,121.0,0.21209911514352622,0.0,1.0,41.97048840392494,41.97048840392494,41.97048840392494,41.97048840392494,0.0,0.0,0.0,0.0,65.625,2.0,6.0,3.0,8.0,0.0,32.0,,,,,0.0,32.0,,121.0,0.0,0.0,1.0,0.0,0.0,6.0,0.0,0.0,16.0,75.0,0.0,9.0,100.0,0.0,COMPLETED,60,5,1000.0,98.6,0.0,0,0d02b43f3d860760,True,0.6507022313517369,591
T060_P03_H1000_I0800_CN000_F1,California,unlimited_useful_deadline,unlimited,central_only,targeted_central,all_useful,deadline,-1.0,0.0,0.0,1.0,none,0.0,0,applicable,32.0,0.0,,0.0,985.0,588616.0,58861.6,254.0,221.5,0.37630645446267175,0.0,1.0,73.50057773260389,73.50057773260389,73.50057773260389,73.50057773260389,21.875,21.875,21.875,21.875,3.125,5.0,2.0,24.0,7.0,7.0,25.0,276.76666666666665,283.81666666666666,285.2916666666667,286.76666666666665,7.0,25.0,286.76666666666665,221.5,0.0,0.0,1.0,0.0,0.0,6.0,0.0,16.666666666666664,16.0,0.0,12.5,9.0,11.11111111111111,44.44444444444444,COMPLETED,60,3,1000.0,80.0,0.0,0,5b293dbe25d9d803,True,0.6470490331033695,600
T060_P03_H0800_I0800_CN000_F1,California,unlimited_useful_deadline,unlimited,central_only,targeted_central,all_useful,deadline,-1.0,0.0,0.0,1.0,none,0.0,0,applicable,32.0,0.0,,0.0,888.0,446232.0,44623.2,261.0,225.5,0.5053425124150667,0.0,1.0,73.11375776245058,73.11375776245058,73.11375776245058,73.11375776245058,25.0,25.0,25.0,25.0,0.0,5.0,3.0,24.0,8.0,8.0,24.0,190.89999999999998,284.39166666666665,285.12083333333334,285.85,8.0,24.0,285.85,225.5,0.0,0.0,1.0,0.0,0.0,6.0,0.0,0.0,16.0,0.0,25.0,9.0,0.0,44.44444444444444,COMPLETED,60,3,800.0,80.0,0.0,0,4e1c7576e3c60a84,True,0.6461078598915578,605
T060_P03_H0500_I0800_CN000_F1,California,unlimited_useful_deadline,unlimited,central_only,targeted_central,all_useful,deadline,-1.0,0.0,0.0,1.0,none,0.0,0,applicable,32.0,0.0,,0.0,688.0,241864.0,24186.4,238.0,182.0,0.7524890020838156,0.0,1.0,59.86678741210015,59.86678741210015,59.86678741210015,59.86678741210015,28.125,28.125,28.125,28.125,0.0,5.0,6.0,21.0,11.0,9.0,23.0,329.85,349.7833333333333,349.81666666666666,349.85,9.0,23.0,349.85,182.0,0.0,0.0,1.0,0.0,0.0,6.0,0.0,0.0,16.0,0.0,25.0,9.0,0.0,55.55555555555556,COMPLETED,60,3,500.0,80.0,0.0,0,b6cebb10bdd9247a,True,0.6244421144606521,635
T060_P03_H1000_I0986_CN000_F1,California,unlimited_useful_deadline,unlimited,central_only,targeted_central,all_useful,deadline,-1.0,0.0,0.0,1.0,none,0.0,0,applicable,32.0,0.0,,0.0,972.0,567300.0,56730.0,132.0,80.0,0.14101886127269522,0.0,1.0,52.21481668552399,52.21481668552399,52.21481668552399,52.21481668552399,21.875,21.875,21.875,21.875,6.25,6.0,8.0,16.0,14.0,7.0,25.0,136.33333333333334,339.0266666666667,348.52166666666665,358.01666666666665,7.0,25.0,358.01666666666665,80.0,0.0,0.0,1.0,0.0,0.0,6.0,0.0,0.0,16.0,6.25,31.25,9.0,11.11111111111111,22.22222222222222,COMPLETED,60,3,1000.0,98.6,0.0,0,742c106a6c38f1ca,True,0.6112003561359697,661
T120_P05_H0800_I0600_CN000_F1,California,unlimited_useful_deadline,unlimited,central_only,targeted_central,all_useful,deadline,-1.0,0.0,0.0,1.0,none,0.0,0,applicable,32.0,0.0,,0.0,2398.0,1352656.0,135265.6,499.0,422.5,0.3123484463159887,0.0,1.0,60.99665317428124,60.99665317428124,60.99665317428124,60.99665317428124,12.5,12.5,12.5,12.5,59.375,0.0,0.0,13.0,0.0,4.0,28.0,42.65833333333333,62.675000000000004,66.93749999999999,71.2,4.0,28.0,71.2,422.5,0.0,0.0,1.0,0.0,0.0,6.0,0.0,33.33333333333333,16.0,62.5,12.5,9.0,100.0,0.0,COMPLETED,120,5,800.0,60.0,0.0,0,cd9543d75db85416,True,0.6092891135994124,663
T120_P10_H1000_I0600_CN000_F1,California,unlimited_useful_deadline,unlimited,central_only,targeted_central,all_useful,deadline,-1.0,0.0,0.0,1.0,none,0.0,0,applicable,32.0,0.0,,0.0,2407.0,1646848.0,164684.8,423.0,332.0,0.2015972330172548,0.0,1.0,52.35915614126594,52.35915614126594,52.35915614126594,52.35915614126594,0.0,0.0,0.0,0.0,78.125,0.0,0.0,7.0,0.0,0.0,32.0,,,,,0.0,32.0,,332.0,0.0,0.0,1.0,0.0,0.0,6.0,0.0,0.0,16.0,100.0,0.0,9.0,100.0,0.0,COMPLETED,120,10,1000.0,60.0,0.0,0,8f57c453938c38c4,True,0.6040272814540014,672
T060_P05_H0800_I0986_CN000_F1,California,unlimited_useful_deadline,unlimited,central_only,targeted_central,all_useful,deadline,-1.0,0.0,0.0,1.0,none,0.0,0,applicable,32.0,0.0,,0.0,878.0,432184.0,43218.4,151.0,110.5,0.25567813708975806,0.0,1.0,34.384040008266005,34.384040008266005,34.384040008266005,34.384040008266005,0.0,0.0,0.0,0.0,46.875,2.0,8.0,7.0,10.0,0.0,32.0,,,,,0.0,32.0,,110.5,0.0,0.0,1.0,0.0,0.0,6.0,0.0,0.0,16.0,50.0,0.0,9.0,77.77777777777779,0.0,COMPLETED,60,5,800.0,98.6,0.0,0,5d406c9ef0d03a3d,True,0.6036338449567581,673
T060_P03_H0800_I0986_CN000_F1,California,unlimited_useful_deadline,unlimited,central_only,targeted_central,all_useful,deadline,-1.0,0.0,0.0,1.0,none,0.0,0,applicable,32.0,0.0,,0.0,875.0,429480.0,42948.0,109.0,69.5,0.16182360063332402,0.0,1.0,45.016671362825214,45.016671362825214,45.016671362825214,45.016671362825214,18.75,18.75,18.75,18.75,6.25,6.0,8.0,16.0,14.0,6.0,26.0,134.75,240.7,290.53333333333336,340.3666666666667,6.0,26.0,340.3666666666667,69.5,0.0,0.0,1.0,0.0,0.0,6.0,0.0,0.0,16.0,6.25,31.25,9.0,11.11111111111111,11.11111111111111,COMPLETED,60,3,800.0,98.6,0.0,0,caf3bb886accf46e,True,0.5909992333494547,690
T120_P03_H1000_I0800_CN000_F1,California,unlimited_useful_deadline,unlimited,central_only,targeted_central,all_useful,deadline,-1.0,0.0,0.0,1.0,none,0.0,0,applicable,32.0,0.0,,0.0,1965.0,1177352.0,117735.2,504.0,435.5,0.3698978725139126,0.0,1.0,73.53229047179819,73.53229047179819,73.53229047179819,73.53229047179819,25.0,25.0,25.0,25.0,3.125,5.0,2.0,24.0,7.0,8.0,24.0,191.39999999999998,283.725,284.74583333333334,285.76666666666665,8.0,24.0,285.76666666666665,435.5,0.0,0.0,1.0,0.0,0.0,6.0,0.0,0.0,16.0,0.0,25.0,9.0,11.11111111111111,44.44444444444444,COMPLETED,120,3,1000.0,80.0,0.0,0,e64653d686e561d0,True,0.5626394264192062,722
T120_P03_H0500_I0800_CN000_F1,California,unlimited_useful_deadline,unlimited,central_only,targeted_central,all_useful,deadline,-1.0,0.0,0.0,1.0,none,0.0,0,applicable,32.0,0.0,,0.0,1375.0,483372.0,48337.2,474.0,362.5,0.7499400047996161,0.0,1.0,59.92738448554573,59.92738448554573,59.92738448554573,59.92738448554573,28.125,28.125,28.125,28.125,0.0,5.0,6.0,21.0,11.0,9.0,23.0,330.85,349.7833333333333,349.81666666666666,349.85,9.0,23.0,349.85,362.5,0.0,0.0,1.0,0.0,0.0,6.0,0.0,0.0,16.0,0.0,25.0,9.0,0.0,55.55555555555556,COMPLETED,120,3,500.0,80.0,0.0,0,2cf23dcfe034991a,True,0.5358799476880748,759
T180_P05_H0800_I0600_CN000_F1,California,unlimited_useful_deadline,unlimited,central_only,targeted_central,all_useful,deadline,-1.0,0.0,0.0,1.0,none,0.0,0,applicable,32.0,0.0,,0.0,3595.0,2027788.0,202778.8,751.0,636.5,0.31388882861522016,0.0,1.0,60.84528212733903,60.84528212733903,60.84528212733903,60.84528212733903,9.375,9.375,9.375,9.375,62.5,0.0,0.0,12.0,0.0,3.0,29.0,43.78333333333333,65.71666666666667,68.45833333333333,71.2,3.0,29.0,71.2,636.5,0.0,0.0,1.0,0.0,0.0,6.0,0.0,33.33333333333333,16.0,68.75,6.25,9.0,100.0,0.0,COMPLETED,180,5,800.0,60.0,0.0,0,6fa4bb2ac9b9899f,True,0.51928190698978,789
T060_P03_H0500_I0986_CN000_F1,California,unlimited_useful_deadline,unlimited,central_only,targeted_central,all_useful,deadline,-1.0,0.0,0.0,1.0,none,0.0,0,applicable,32.0,0.0,,0.0,669.0,230940.0,23094.0,92.0,55.0,0.23815709708149302,0.0,1.0,23.00246115782553,23.00246115782553,23.00246115782553,23.00246115782553,0.0,0.0,0.0,0.0,0.0,6.0,13.0,13.0,19.0,0.0,32.0,,,,,0.0,32.0,,55.0,0.0,0.0,1.0,0.0,0.0,6.0,0.0,0.0,16.0,0.0,0.0,9.0,0.0,0.0,COMPLETED,60,3,500.0,98.6,0.0,0,8ae504034e939ed6,True,0.5029570876787598,804
