region,base_id,case_id_from,case_id_to,cn_from_percent,cn_to_percent,delta_observation_success_percent,observation_drop,delta_total_transferred_data_mbits,delta_n_transfer_events,delta_used_capacity_percent,delta_cn_related_traffic_share_percent,delta_max_hops_seen,delta_peak_node_sent_data_mbits,delta_node_sent_data_gini
India,T180_P05_H0500_I0986_F1,T180_P05_H0500_I0986_CN090_F1,T180_P05_H0500_I0986_CN100_F1,90.0,100.0,-59.109311740890696,True,-1232.0,-1713.0,-0.05291349385859384,2.3382602374606307,0.0,-80.0,0.12699909520884978
India,T180_P03_H1000_I0800_F1,T180_P03_H1000_I0800_CN090_F1,T180_P03_H1000_I0800_CN100_F1,90.0,100.0,-56.81511470985156,True,-1067.5,-1569.0,-0.07885914916725578,6.561514195583598,0.0,-265.5,0.05280100489040507
India,T180_P03_H0500_I0600_F1,T180_P03_H0500_I0600_CN090_F1,T180_P03_H0500_I0600_CN100_F1,90.0,100.0,-55.3306342780027,True,-1228.0,-1730.0,-0.10666438450112858,14.26146010186757,0.0,-592.0,0.07551472980570662
India,T180_P03_H0500_I0800_F1,T180_P03_H0500_I0800_CN090_F1,T180_P03_H0500_I0800_CN100_F1,90.0,100.0,-52.49662618083671,True,-1074.5,-1575.0,-0.0747088185828563,3.4261241970021388,0.0,-36.0,0.11271458969551396
India,T180_P03_H0800_I0800_F1,T180_P03_H0800_I0800_CN090_F1,T180_P03_H0800_I0800_CN100_F1,90.0,100.0,-50.74224021592442,True,-1124.0,-1625.0,-0.08021168461324588,4.391639711370985,0.0,-108.5,0.03940598984355326
India,T180_P05_H1000_I0986_F1,T180_P05_H1000_I0986_CN090_F1,T180_P05_H1000_I0986_CN100_F1,90.0,100.0,-45.74898785425101,True,-1098.0,-1595.0,-0.05382913894390956,5.259203606311047,0.0,-107.0,0.08224676088736227
India,T180_P10_H0800_I0800_F1,T180_P10_H0800_I0800_CN090_F1,T180_P10_H0800_I0800_CN100_F1,90.0,100.0,-45.34412955465587,True,-1074.5,-1570.0,-0.051647303601342134,2.20430784733594,0.0,-30.0,0.12005874857773535
India,T180_P10_H1000_I0800_F1,T180_P10_H1000_I0800_CN090_F1,T180_P10_H1000_I0800_CN100_F1,90.0,100.0,-45.20917678812417,True,-1002.5,-1498.0,-0.050941201161287,5.221295702373311,0.0,-124.5,0.13853279465503476
India,T180_P03_H0800_I0600_F1,T180_P03_H0800_I0600_CN090_F1,T180_P03_H0800_I0600_CN100_F1,90.0,100.0,-42.914979757085035,True,-1131.0,-1633.0,-0.10016353411942089,15.027322404371589,0.0,-571.5,0.05970972938246266
India,T180_P03_H1000_I0600_F1,T180_P03_H1000_I0600_CN090_F1,T180_P03_H1000_I0600_CN100_F1,90.0,100.0,-42.37516869095816,True,-1154.5,-1656.0,-0.10304391586411601,14.569699962958396,0.0,-605.5,0.09012242470958198
India,T180_P05_H0500_I0800_F1,T180_P05_H0500_I0800_CN090_F1,T180_P05_H0500_I0800_CN100_F1,90.0,100.0,-39.40620782726045,True,-1086.5,-1554.0,-0.0496663337683695,2.6246389551676543,0.0,-54.0,0.11780282426340283
India,T180_P10_H0500_I0986_F1,T180_P10_H0500_I0986_CN090_F1,T180_P10_H0500_I0986_CN100_F1,90.0,100.0,-38.596491228070185,True,-1047.0,-1541.0,-0.043762410175581315,1.7250126839167876,0.0,-51.5,0.1490322913201223
India,T180_P05_H1000_I0800_F1,T180_P05_H1000_I0800_CN090_F1,T180_P05_H1000_I0800_CN100_F1,90.0,100.0,-38.19163292847503,True,-1005.0,-1481.0,-0.053207189574582384,7.538461538461533,0.0,-319.5,0.10176185951461214
India,T180_P05_H0800_I0986_F1,T180_P05_H0800_I0986_CN090_F1,T180_P05_H0800_I0986_CN100_F1,90.0,100.0,-37.78677462887989,True,-988.5,-1479.0,-0.047450007327362584,3.0513711857860244,0.0,-64.5,0.09038779760417182
India,T180_P10_H0800_I0986_F1,T180_P10_H0800_I0986_CN090_F1,T180_P10_H0800_I0986_CN100_F1,90.0,100.0,-36.16734143049933,True,-1027.0,-1526.0,-0.04482246708803336,4.653238143804188,0.0,-140.5,0.09980689898485129
India,T180_P03_H0500_I0986_F1,T180_P03_H0500_I0986_CN090_F1,T180_P03_H0500_I0986_CN100_F1,90.0,100.0,-32.928475033738195,True,-1002.0,-1491.0,-0.06964327023553726,4.273168174072623,0.0,-150.5,0.07096970635289268
India,T180_P10_H0500_I0800_F1,T180_P10_H0500_I0800_CN090_F1,T180_P10_H0500_I0800_CN100_F1,90.0,100.0,-31.30904183535762,True,-1212.5,-1704.0,-0.05421341064782567,1.2051125989044493,0.0,21.0,0.16445662004504902
India,T180_P05_H0800_I0800_F1,T180_P05_H0800_I0800_CN090_F1,T180_P05_H0800_I0800_CN100_F1,90.0,100.0,-29.824561403508767,True,-978.5,-1431.0,-0.049025853810871683,4.040273654317801,0.0,-133.0,0.10009990179145922
India,T180_P03_H1000_I0986_F1,T180_P03_H1000_I0986_CN090_F1,T180_P03_H1000_I0986_CN100_F1,90.0,100.0,-29.01484480431849,True,-906.5,-1409.0,-0.0692551052832725,10.96935420228857,0.0,-379.0,0.12992538816359733
India,T180_P03_H0800_I0986_F1,T180_P03_H0800_I0986_CN090_F1,T180_P03_H0800_I0986_CN100_F1,90.0,100.0,-28.609986504723345,True,-936.5,-1439.0,-0.06883047346460652,7.484160506863773,0.0,-297.0,0.1104279205779406
India,T180_P05_H0500_I0600_F1,T180_P05_H0500_I0600_CN090_F1,T180_P05_H0500_I0600_CN100_F1,90.0,100.0,-19.028340080971667,True,-948.5,-1439.0,-0.07732806831079053,15.02536750357747,0.0,-533.5,0.062085730702259534
India,T180_P10_H1000_I0986_F1,T180_P10_H1000_I0986_CN090_F1,T180_P10_H1000_I0986_CN100_F1,90.0,100.0,-18.62348178137652,True,-945.0,-1430.0,-0.04339876419433873,8.828125,0.0,-309.5,0.06082578773070635
India,T180_P10_H1000_I0986_F1,T180_P10_H1000_I0986_CN080_F1,T180_P10_H1000_I0986_CN090_F1,80.0,90.0,-17.54385964912281,True,-527.0,-538.0,-0.037442454823729654,-1.2142023986718584,0.0,281.0,0.06834047467006621
India,T180_P05_H1000_I0800_F1,T180_P05_H1000_I0800_CN080_F1,T180_P05_H1000_I0800_CN090_F1,80.0,90.0,-17.27395411605937,True,-596.5,-611.0,-0.04892006112691652,0.44552600740748005,0.0,-69.5,0.02734039841144087
India,T180_P05_H0800_I0800_F1,T180_P05_H0800_I0800_CN080_F1,T180_P05_H0800_I0800_CN090_F1,80.0,90.0,-16.734143049932527,True,-546.5,-584.0,-0.044339491754035704,-1.0085994461730081,0.0,116.0,0.022187864227777743
India,T180_P10_H1000_I0600_F1,T180_P10_H1000_I0600_CN090_F1,T180_P10_H1000_I0600_CN100_F1,90.0,100.0,-12.955465587044529,True,-1072.5,-1534.0,-0.07216337560503364,19.49590422180215,0.0,-711.0,0.05684025019593952
India,T180_P05_H0500_I0800_F1,T180_P05_H0500_I0800_CN080_F1,T180_P05_H0500_I0800_CN090_F1,80.0,90.0,-12.01079622132255,True,-529.0,-548.0,-0.04189150303217859,-0.9285963878247827,0.0,70.0,0.038858100510487104
India,T180_P10_H0500_I0986_F1,T180_P10_H0500_I0986_CN080_F1,T180_P10_H0500_I0986_CN090_F1,80.0,90.0,-11.875843454790825,True,-509.5,-512.0,-0.034912986383681927,-1.4554406295530953,0.0,163.0,0.031342750600177105
India,T180_P10_H1000_I0800_F1,T180_P10_H1000_I0800_CN080_F1,T180_P10_H1000_I0800_CN090_F1,80.0,90.0,-11.605937921727389,True,-514.5,-513.0,-0.04218354318883277,-1.0621841883207281,0.0,4.5,-0.010019251344857816
India,T180_P05_H0800_I0986_F1,T180_P05_H0800_I0986_CN080_F1,T180_P05_H0800_I0986_CN090_F1,80.0,90.0,-11.201079622132255,True,-513.0,-514.0,-0.04192865226510359,-0.8223253538742767,0.0,38.0,-0.0024103418461676185
India,T180_P03_H1000_I0800_F1,T180_P03_H1000_I0800_CN080_F1,T180_P03_H1000_I0800_CN090_F1,80.0,90.0,-9.31174089068827,True,-422.0,-423.0,-0.05646333155230068,-1.1218973635617004,0.0,109.5,-0.01227399266342899
India,T180_P10_H0500_I0600_F1,T180_P10_H0500_I0600_CN090_F1,T180_P10_H0500_I0600_CN100_F1,90.0,100.0,-8.232118758434552,True,-1264.5,-1744.0,-0.08014121084747489,17.838682533958405,0.0,-747.5,0.048807396786063384
India,T180_P10_H0500_I0800_F1,T180_P10_H0500_I0800_CN080_F1,T180_P10_H0500_I0800_CN090_F1,80.0,90.0,-8.232118758434552,True,-434.5,-435.0,-0.03727077872091053,-0.192342893928668,0.0,89.0,0.026033453852617017
India,T180_P03_H0500_I0600_F1,T180_P03_H0500_I0600_CN080_F1,T180_P03_H0500_I0600_CN090_F1,80.0,90.0,-8.097165991902827,True,-368.5,-369.0,-0.06644531250803226,-1.5040293994296263,0.0,27.5,-0.012310007032329429
India,T180_P05_H1000_I0986_F1,T180_P05_H1000_I0986_CN080_F1,T180_P05_H1000_I0986_CN090_F1,80.0,90.0,-7.827260458839405,True,-428.5,-425.0,-0.040489975812258466,-0.9733277723180578,0.0,68.0,-0.006220341384054473
India,T180_P05_H0800_I0800_F1,T180_P05_H0800_I0800_CN070_F1,T180_P05_H0800_I0800_CN080_F1,70.0,80.0,-7.1524966261808345,True,-180.0,-177.0,-0.039179419294811446,-0.6077611646665275,0.0,89.5,-0.019323009990732
India,T180_P10_H0800_I0600_F1,T180_P10_H0800_I0600_CN090_F1,T180_P10_H0800_I0600_CN100_F1,90.0,100.0,-6.882591093117412,True,-1191.5,-1674.0,-0.07748273936665437,18.548880460051393,0.0,-711.0,0.04583778913763048
India,T180_P03_H0500_I0986_F1,T180_P03_H0500_I0986_CN080_F1,T180_P03_H0500_I0986_CN090_F1,80.0,90.0,-6.882591093117405,True,-401.5,-413.0,-0.05174100109604238,-3.5141548913401692,0.0,128.5,-0.02522568034742867
India,T180_P03_H0800_I0600_F1,T180_P03_H0800_I0600_CN080_F1,T180_P03_H0800_I0600_CN090_F1,80.0,90.0,-6.207827260458828,True,-338.5,-339.0,-0.06171415818655718,-1.5779009357039229,0.0,7.5,-0.022616734833710073
India,T180_P03_H0800_I0800_F1,T180_P03_H0800_I0800_CN080_F1,T180_P03_H0800_I0800_CN090_F1,80.0,90.0,-5.26315789473685,True,-433.5,-435.0,-0.057037582949339166,-1.7526728388274648,0.0,71.5,-0.0020847379251480724
India,T180_P05_H0800_I0600_F1,T180_P05_H0800_I0600_CN090_F1,T180_P05_H0800_I0600_CN100_F1,90.0,100.0,-5.128205128205124,True,-936.0,-1421.0,-0.07733780542949759,15.492038632210907,0.0,-580.0,0.024634278002699128
India,T180_P05_H1000_I0986_F1,T180_P05_H1000_I0986_CN070_F1,T180_P05_H1000_I0986_CN080_F1,70.0,80.0,-4.5883940620782795,True,-126.0,-123.0,-0.03632218562350001,0.07915989992675065,0.0,1.5,-0.018110796361408
India,T180_P10_H0800_I0800_F1,T180_P10_H0800_I0800_CN070_F1,T180_P10_H0800_I0800_CN080_F1,70.0,80.0,-4.453441295546554,True,-68.0,-73.0,-0.030381911971776504,-0.14392800296018038,0.0,-13.0,-0.022069920297412393
India,T180_P10_H0800_I0986_F1,T180_P10_H0800_I0986_CN070_F1,T180_P10_H0800_I0986_CN080_F1,70.0,80.0,-4.318488529014843,True,-182.5,-183.0,-0.030843275998965913,1.5620871952363302,0.0,-93.5,-0.027700741879702173
India,T180_P05_H0800_I0986_F1,T180_P05_H0800_I0986_CN070_F1,T180_P05_H0800_I0986_CN080_F1,70.0,80.0,-3.778677462887984,True,-117.0,-115.0,-0.03512300524775261,0.806292597245232,0.0,-19.5,-0.0025276302580543586
India,T180_P03_H1000_I0600_F1,T180_P03_H1000_I0600_CN070_F1,T180_P03_H1000_I0600_CN080_F1,70.0,80.0,-3.6437246963562586,True,-140.0,-140.0,-0.056393815692956595,-0.7474074490222051,0.0,17.5,0.0006146594345988188
India,T180_P03_H1000_I0800_F1,T180_P03_H1000_I0800_CN070_F1,T180_P03_H1000_I0800_CN080_F1,70.0,80.0,-3.238866396761125,True,-126.0,-126.0,-0.04926242116757962,-0.47342683091336824,0.0,-46.0,-0.026621525322265915
India,T180_P03_H0800_I0800_F1,T180_P03_H0800_I0800_CN070_F1,T180_P03_H0800_I0800_CN080_F1,70.0,80.0,-3.103913630229414,True,-85.0,-85.0,-0.047346077218741955,0.5456061302112971,0.0,87.0,-0.015548610050266864
India,T180_P03_H0500_I0800_F1,T180_P03_H0500_I0800_CN080_F1,T180_P03_H0500_I0800_CN090_F1,80.0,90.0,-2.8340080971659916,True,-359.0,-361.0,-0.05078830816957511,-0.05313124332303687,0.0,32.5,0.017815887284278187
India,T180_P05_H0500_I0800_F1,T180_P05_H0500_I0800_CN070_F1,T180_P05_H0500_I0800_CN080_F1,70.0,80.0,-2.8340080971659773,True,-84.5,-84.0,-0.03413574800738342,0.4911173891315599,0.0,79.5,-0.005957029489806365
India,T180_P03_H0800_I0600_F1,T180_P03_H0800_I0600_CN070_F1,T180_P03_H0800_I0600_CN080_F1,70.0,80.0,-2.6990553306342804,True,-157.0,-157.0,-0.0600846102875402,-1.1747338649963126,0.0,75.0,-0.023473640608653756
India,T180_P03_H0500_I0800_F1,T180_P03_H0500_I0800_CN070_F1,T180_P03_H0500_I0800_CN080_F1,70.0,80.0,-2.699055330634266,True,-105.0,-105.0,-0.04758834466813988,0.3486716453961236,0.0,69.0,-0.030096071978255923
India,T180_P10_H0800_I0986_F1,T180_P10_H0800_I0986_CN080_F1,T180_P10_H0800_I0986_CN090_F1,80.0,90.0,-2.564102564102569,True,-298.5,-297.0,-0.02813977358739919,-0.6963609965467583,0.0,103.5,0.039874440707288406
India,T180_P10_H0500_I0986_F1,T180_P10_H0500_I0986_CN070_F1,T180_P10_H0500_I0986_CN080_F1,70.0,80.0,-2.564102564102555,True,-105.0,-105.0,-0.02804109344118194,0.21325467667986686,0.0,-55.5,-0.023248217789492154
India,T180_P05_H1000_I0600_F1,T180_P05_H1000_I0600_CN070_F1,T180_P05_H1000_I0600_CN080_F1,70.0,80.0,-2.429149797570844,True,-89.0,-87.0,-0.04226606216804757,4.765828145327106,0.0,-159.5,-0.03046943600135088
India,T180_P03_H1000_I0600_F1,T180_P03_H1000_I0600_CN080_F1,T180_P03_H1000_I0600_CN090_F1,80.0,90.0,-2.294197031039147,True,-261.0,-262.0,-0.055134164289192655,-0.45300816386316,0.0,44.0,-0.0238361717463329
India,T180_P03_H1000_I0986_F1,T180_P03_H1000_I0986_CN070_F1,T180_P03_H1000_I0986_CN080_F1,70.0,80.0,-2.2941970310391397,True,-134.0,-134.0,-0.04641740204437178,-0.545362604444307,0.0,-9.0,-0.0011500124110688237
India,T180_P10_H0800_I0800_F1,T180_P10_H0800_I0800_CN080_F1,T180_P10_H0800_I0800_CN090_F1,80.0,90.0,-2.0242914979757103,True,-456.0,-452.0,-0.03893223440361429,-0.04635959290141045,0.0,-38.5,0.02599333760634437
India,T180_P05_H1000_I0600_F1,T180_P05_H1000_I0600_CN090_F1,T180_P05_H1000_I0600_CN100_F1,90.0,100.0,-2.0242914979757103,True,-821.5,-1271.0,-0.07100060035435463,14.866137494954927,0.0,-545.0,0.06392578281151784
India,T180_P05_H0500_I0986_F1,T180_P05_H0500_I0986_CN080_F1,T180_P05_H0500_I0986_CN090_F1,80.0,90.0,-1.889338731443985,True,-278.5,-291.0,-0.03215879788116488,-2.145319595081787,0.0,64.0,0.009837990063395585
India,T180_P05_H0500_I0986_F1,T180_P05_H0500_I0986_CN070_F1,T180_P05_H0500_I0986_CN080_F1,70.0,80.0,-1.6194331983805768,True,-86.0,-85.0,-0.03282827654173992,-0.03709070360559963,0.0,64.0,-0.021216994363531416
India,T180_P03_H0800_I0986_F1,T180_P03_H0800_I0986_CN080_F1,T180_P03_H0800_I0986_CN090_F1,80.0,90.0,-1.6194331983805696,True,-298.0,-298.0,-0.046346078048891404,-3.0176896307012697,0.0,129.0,-0.007266118944770472
India,T180_P10_H0500_I0800_F1,T180_P10_H0500_I0800_CN070_F1,T180_P10_H0500_I0800_CN080_F1,70.0,80.0,-1.4844804318488514,True,-58.5,-59.0,-0.03005107945950286,0.9435393918615205,0.0,-47.0,-0.018159301025538088
India,T180_P03_H1000_I0986_F1,T180_P03_H1000_I0986_CN080_F1,T180_P03_H1000_I0986_CN090_F1,80.0,90.0,-1.4844804318488514,True,-218.0,-218.0,-0.04191871458252047,-1.1547006384124643,0.0,53.5,-0.0009228379810151122
India,T180_P03_H0500_I0986_F1,T180_P03_H0500_I0986_CN070_F1,T180_P03_H0500_I0986_CN080_F1,70.0,80.0,-1.3495276653171402,True,-156.0,-158.0,-0.04953418198462889,-0.5417214254588885,0.0,31.5,-0.021843988844557183
India,T180_P03_H0800_I0986_F1,T180_P03_H0800_I0986_CN070_F1,T180_P03_H0800_I0986_CN080_F1,70.0,80.0,-1.349527665317133,True,-216.0,-218.0,-0.05287602930265517,-0.25912545542796295,0.0,-16.5,-0.037428972356003065
India,T180_P05_H0800_I0600_F1,T180_P05_H0800_I0600_CN070_F1,T180_P05_H0800_I0600_CN080_F1,70.0,80.0,-0.8097165991902813,True,-92.5,-92.0,-0.04329312905321131,3.2367560400720805,0.0,-74.0,-0.009218912608852214
India,T180_P03_H0500_I0600_F1,T180_P03_H0500_I0600_CN070_F1,T180_P03_H0500_I0600_CN080_F1,70.0,80.0,-0.8097165991902813,True,-86.0,-86.0,-0.058363945695854125,-0.5782936188770549,0.0,79.0,-0.010675028720283475
India,T180_P05_H0500_I0600_F1,T180_P05_H0500_I0600_CN080_F1,T180_P05_H0500_I0600_CN090_F1,80.0,90.0,-0.40485829959514774,True,-150.0,-154.0,-0.04043254739038185,1.7769362400058526,0.0,-48.5,0.0010080986515028645
India,T180_P10_H1000_I0800_F1,T180_P10_H1000_I0800_CN070_F1,T180_P10_H1000_I0800_CN080_F1,70.0,80.0,-0.26990553306343656,True,-30.0,-30.0,-0.028570219545563602,0.38838961156650953,0.0,-113.0,-0.02450104485018678
India,T180_P10_H0500_I0600_F1,T180_P10_H0500_I0600_CN080_F1,T180_P10_H0500_I0600_CN090_F1,80.0,90.0,-0.26990553306342235,True,-416.5,-437.0,-0.049810763697837795,2.3317720114961418,0.0,-77.5,0.0020003294422319406
India,T180_P10_H0800_I0600_F1,T180_P10_H0800_I0600_CN070_F1,T180_P10_H0800_I0600_CN080_F1,70.0,80.0,0.0,False,-47.5,-48.0,-0.03608933586292212,2.5634320260238894,0.0,-111.0,-0.0047182170378397
India,T180_P10_H0500_I0600_F1,T180_P10_H0500_I0600_CN070_F1,T180_P10_H0500_I0600_CN080_F1,70.0,80.0,0.0,False,-20.0,-18.0,-0.03483159777487699,1.9574827913600785,0.0,-90.0,0.019024727349935988
India,T180_P10_H0800_I0600_F1,T180_P10_H0800_I0600_CN080_F1,T180_P10_H0800_I0600_CN090_F1,80.0,90.0,0.0,False,-456.0,-473.0,-0.05176712515893567,4.268951130482449,0.0,-191.0,2.092323425295639e-05
India,T180_P10_H1000_I0600_F1,T180_P10_H1000_I0600_CN070_F1,T180_P10_H1000_I0600_CN080_F1,70.0,80.0,0.0,False,-51.5,-50.0,-0.035938272526618464,2.769472274709784,0.0,-25.5,-0.007915000697041874
India,T180_P10_H1000_I0600_F1,T180_P10_H1000_I0600_CN080_F1,T180_P10_H1000_I0600_CN090_F1,80.0,90.0,0.0,False,-574.5,-613.0,-0.058314033697864726,5.327961916462925,0.0,-424.5,0.04030582717452624
India,T180_P05_H1000_I0800_F1,T180_P05_H1000_I0800_CN070_F1,T180_P05_H1000_I0800_CN080_F1,70.0,80.0,0.26990553306340814,False,-94.5,-94.0,-0.036220690456029686,-1.482136097382849,0.0,260.0,-0.013489213426100433
India,T180_P05_H0800_I0600_F1,T180_P05_H0800_I0600_CN080_F1,T180_P05_H0800_I0600_CN090_F1,80.0,90.0,1.0796221322537178,False,-130.0,-142.0,-0.03799656068658103,1.5869818171705674,0.0,-12.5,0.014610393339075323
India,T180_P10_H1000_I0986_F1,T180_P10_H1000_I0986_CN070_F1,T180_P10_H1000_I0986_CN080_F1,70.0,80.0,1.4844804318488514,False,-102.5,-102.0,-0.02855697548538355,3.0584121117270087,0.0,-235.0,-0.021218886188197228
India,T180_P05_H0500_I0600_F1,T180_P05_H0500_I0600_CN070_F1,T180_P05_H0500_I0600_CN080_F1,70.0,80.0,1.4844804318488656,False,-89.0,-87.0,-0.04508501178220814,2.6465633721545885,0.0,-52.0,0.013126660362137388
India,T180_P05_H1000_I0600_F1,T180_P05_H1000_I0600_CN080_F1,T180_P05_H1000_I0600_CN090_F1,80.0,90.0,1.7543859649122737,False,-278.0,-328.0,-0.04724012969718161,3.5466801292784,0.0,-114.0,0.013632509897716139
