region,case_id,base_id,priority_class,unique_tasks
India,T180_P03_H0500_I0600_CN030_F1,T180_P03_H0500_I0600_F1,High,11
India,T180_P03_H0500_I0600_CN030_F1,T180_P03_H0500_I0600_F1,Low,335
India,T180_P03_H0500_I0600_CN030_F1,T180_P03_H0500_I0600_F1,Medium,395
India,T180_P03_H0500_I0600_CN040_F1,T180_P03_H0500_I0600_F1,High,11
India,T180_P03_H0500_I0600_CN040_F1,T180_P03_H0500_I0600_F1,Low,335
India,T180_P03_H0500_I0600_CN040_F1,T180_P03_H0500_I0600_F1,Medium,395
India,T180_P03_H0500_I0600_CN050_F1,T180_P03_H0500_I0600_F1,High,11
India,T180_P03_H0500_I0600_CN050_F1,T180_P03_H0500_I0600_F1,Low,335
India,T180_P03_H0500_I0600_CN050_F1,T180_P03_H0500_I0600_F1,Medium,395
India,T180_P03_H0500_I0600_CN060_F1,T180_P03_H0500_I0600_F1,High,11
India,T180_P03_H0500_I0600_CN060_F1,T180_P03_H0500_I0600_F1,Low,335
India,T180_P03_H0500_I0600_CN060_F1,T180_P03_H0500_I0600_F1,Medium,395
India,T180_P03_H0500_I0600_CN070_F1,T180_P03_H0500_I0600_F1,High,11
India,T180_P03_H0500_I0600_CN070_F1,T180_P03_H0500_I0600_F1,Low,335
India,T180_P03_H0500_I0600_CN070_F1,T180_P03_H0500_I0600_F1,Medium,395
India,T180_P03_H0500_I0600_CN080_F1,T180_P03_H0500_I0600_F1,High,11
India,T180_P03_H0500_I0600_CN080_F1,T180_P03_H0500_I0600_F1,Low,335
India,T180_P03_H0500_I0600_CN080_F1,T180_P03_H0500_I0600_F1,Medium,395
India,T180_P03_H0500_I0600_CN090_F1,T180_P03_H0500_I0600_F1,High,11
India,T180_P03_H0500_I0600_CN090_F1,T180_P03_H0500_I0600_F1,Low,335
India,T180_P03_H0500_I0600_CN090_F1,T180_P03_H0500_I0600_F1,Medium,395
India,T180_P03_H0500_I0600_CN100_F1,T180_P03_H0500_I0600_F1,High,11
India,T180_P03_H0500_I0600_CN100_F1,T180_P03_H0500_I0600_F1,Low,335
India,T180_P03_H0500_I0600_CN100_F1,T180_P03_H0500_I0600_F1,Medium,395
India,T180_P03_H0500_I0800_CN030_F1,T180_P03_H0500_I0800_F1,High,11
India,T180_P03_H0500_I0800_CN030_F1,T180_P03_H0500_I0800_F1,Low,335
India,T180_P03_H0500_I0800_CN030_F1,T180_P03_H0500_I0800_F1,Medium,395
India,T180_P03_H0500_I0800_CN040_F1,T180_P03_H0500_I0800_F1,High,11
India,T180_P03_H0500_I0800_CN040_F1,T180_P03_H0500_I0800_F1,Low,335
India,T180_P03_H0500_I0800_CN040_F1,T180_P03_H0500_I0800_F1,Medium,395
India,T180_P03_H0500_I0800_CN050_F1,T180_P03_H0500_I0800_F1,High,11
India,T180_P03_H0500_I0800_CN050_F1,T180_P03_H0500_I0800_F1,Low,335
India,T180_P03_H0500_I0800_CN050_F1,T180_P03_H0500_I0800_F1,Medium,395
India,T180_P03_H0500_I0800_CN060_F1,T180_P03_H0500_I0800_F1,High,11
India,T180_P03_H0500_I0800_CN060_F1,T180_P03_H0500_I0800_F1,Low,335
India,T180_P03_H0500_I0800_CN060_F1,T180_P03_H0500_I0800_F1,Medium,395
India,T180_P03_H0500_I0800_CN070_F1,T180_P03_H0500_I0800_F1,High,11
India,T180_P03_H0500_I0800_CN070_F1,T180_P03_H0500_I0800_F1,Low,335
India,T180_P03_H0500_I0800_CN070_F1,T180_P03_H0500_I0800_F1,Medium,395
India,T180_P03_H0500_I0800_CN080_F1,T180_P03_H0500_I0800_F1,High,11
India,T180_P03_H0500_I0800_CN080_F1,T180_P03_H0500_I0800_F1,Low,335
India,T180_P03_H0500_I0800_CN080_F1,T180_P03_H0500_I0800_F1,Medium,395
India,T180_P03_H0500_I0800_CN090_F1,T180_P03_H0500_I0800_F1,High,11
India,T180_P03_H0500_I0800_CN090_F1,T180_P03_H0500_I0800_F1,Low,335
India,T180_P03_H0500_I0800_CN090_F1,T180_P03_H0500_I0800_F1,Medium,395
India,T180_P03_H0500_I0800_CN100_F1,T180_P03_H0500_I0800_F1,High,11
India,T180_P03_H0500_I0800_CN100_F1,T180_P03_H0500_I0800_F1,Low,335
India,T180_P03_H0500_I0800_CN100_F1,T180_P03_H0500_I0800_F1,Medium,395
India,T180_P03_H0500_I0986_CN030_F1,T180_P03_H0500_I0986_F1,High,11
India,T180_P03_H0500_I0986_CN030_F1,T180_P03_H0500_I0986_F1,Low,335
India,T180_P03_H0500_I0986_CN030_F1,T180_P03_H0500_I0986_F1,Medium,395
India,T180_P03_H0500_I0986_CN040_F1,T180_P03_H0500_I0986_F1,High,11
India,T180_P03_H0500_I0986_CN040_F1,T180_P03_H0500_I0986_F1,Low,335
India,T180_P03_H0500_I0986_CN040_F1,T180_P03_H0500_I0986_F1,Medium,395
India,T180_P03_H0500_I0986_CN050_F1,T180_P03_H0500_I0986_F1,High,11
India,T180_P03_H0500_I0986_CN050_F1,T180_P03_H0500_I0986_F1,Low,335
India,T180_P03_H0500_I0986_CN050_F1,T180_P03_H0500_I0986_F1,Medium,395
India,T180_P03_H0500_I0986_CN060_F1,T180_P03_H0500_I0986_F1,High,11
India,T180_P03_H0500_I0986_CN060_F1,T180_P03_H0500_I0986_F1,Low,335
India,T180_P03_H0500_I0986_CN060_F1,T180_P03_H0500_I0986_F1,Medium,395
India,T180_P03_H0500_I0986_CN070_F1,T180_P03_H0500_I0986_F1,High,11
India,T180_P03_H0500_I0986_CN070_F1,T180_P03_H0500_I0986_F1,Low,335
India,T180_P03_H0500_I0986_CN070_F1,T180_P03_H0500_I0986_F1,Medium,395
India,T180_P03_H0500_I0986_CN080_F1,T180_P03_H0500_I0986_F1,High,11
India,T180_P03_H0500_I0986_CN080_F1,T180_P03_H0500_I0986_F1,Low,335
India,T180_P03_H0500_I0986_CN080_F1,T180_P03_H0500_I0986_F1,Medium,395
India,T180_P03_H0500_I0986_CN090_F1,T180_P03_H0500_I0986_F1,High,11
India,T180_P03_H0500_I0986_CN090_F1,T180_P03_H0500_I0986_F1,Low,335
India,T180_P03_H0500_I0986_CN090_F1,T180_P03_H0500_I0986_F1,Medium,395
India,T180_P03_H0500_I0986_CN100_F1,T180_P03_H0500_I0986_F1,High,11
India,T180_P03_H0500_I0986_CN100_F1,T180_P03_H0500_I0986_F1,Low,335
India,T180_P03_H0500_I0986_CN100_F1,T180_P03_H0500_I0986_F1,Medium,395
India,T180_P03_H0800_I0600_CN030_F1,T180_P03_H0800_I0600_F1,High,11
India,T180_P03_H0800_I0600_CN030_F1,T180_P03_H0800_I0600_F1,Low,335
India,T180_P03_H0800_I0600_CN030_F1,T180_P03_H0800_I0600_F1,Medium,395
India,T180_P03_H0800_I0600_CN040_F1,T180_P03_H0800_I0600_F1,High,11
India,T180_P03_H0800_I0600_CN040_F1,T180_P03_H0800_I0600_F1,Low,335
India,T180_P03_H0800_I0600_CN040_F1,T180_P03_H0800_I0600_F1,Medium,395
India,T180_P03_H0800_I0600_CN050_F1,T180_P03_H0800_I0600_F1,High,11
India,T180_P03_H0800_I0600_CN050_F1,T180_P03_H0800_I0600_F1,Low,335
India,T180_P03_H0800_I0600_CN050_F1,T180_P03_H0800_I0600_F1,Medium,395
India,T180_P03_H0800_I0600_CN060_F1,T180_P03_H0800_I0600_F1,High,11
India,T180_P03_H0800_I0600_CN060_F1,T180_P03_H0800_I0600_F1,Low,335
India,T180_P03_H0800_I0600_CN060_F1,T180_P03_H0800_I0600_F1,Medium,395
India,T180_P03_H0800_I0600_CN070_F1,T180_P03_H0800_I0600_F1,High,11
India,T180_P03_H0800_I0600_CN070_F1,T180_P03_H0800_I0600_F1,Low,335
India,T180_P03_H0800_I0600_CN070_F1,T180_P03_H0800_I0600_F1,Medium,395
India,T180_P03_H0800_I0600_CN080_F1,T180_P03_H0800_I0600_F1,High,11
India,T180_P03_H0800_I0600_CN080_F1,T180_P03_H0800_I0600_F1,Low,335
India,T180_P03_H0800_I0600_CN080_F1,T180_P03_H0800_I0600_F1,Medium,395
India,T180_P03_H0800_I0600_CN090_F1,T180_P03_H0800_I0600_F1,High,11
India,T180_P03_H0800_I0600_CN090_F1,T180_P03_H0800_I0600_F1,Low,335
India,T180_P03_H0800_I0600_CN090_F1,T180_P03_H0800_I0600_F1,Medium,395
India,T180_P03_H0800_I0600_CN100_F1,T180_P03_H0800_I0600_F1,High,11
India,T180_P03_H0800_I0600_CN100_F1,T180_P03_H0800_I0600_F1,Low,335
India,T180_P03_H0800_I0600_CN100_F1,T180_P03_H0800_I0600_F1,Medium,395
India,T180_P03_H0800_I0800_CN030_F1,T180_P03_H0800_I0800_F1,High,11
India,T180_P03_H0800_I0800_CN030_F1,T180_P03_H0800_I0800_F1,Low,335
India,T180_P03_H0800_I0800_CN030_F1,T180_P03_H0800_I0800_F1,Medium,395
India,T180_P03_H0800_I0800_CN040_F1,T180_P03_H0800_I0800_F1,High,11
India,T180_P03_H0800_I0800_CN040_F1,T180_P03_H0800_I0800_F1,Low,335
India,T180_P03_H0800_I0800_CN040_F1,T180_P03_H0800_I0800_F1,Medium,395
India,T180_P03_H0800_I0800_CN050_F1,T180_P03_H0800_I0800_F1,High,11
India,T180_P03_H0800_I0800_CN050_F1,T180_P03_H0800_I0800_F1,Low,335
India,T180_P03_H0800_I0800_CN050_F1,T180_P03_H0800_I0800_F1,Medium,395
India,T180_P03_H0800_I0800_CN060_F1,T180_P03_H0800_I0800_F1,High,11
India,T180_P03_H0800_I0800_CN060_F1,T180_P03_H0800_I0800_F1,Low,335
India,T180_P03_H0800_I0800_CN060_F1,T180_P03_H0800_I0800_F1,Medium,395
India,T180_P03_H0800_I0800_CN070_F1,T180_P03_H0800_I0800_F1,High,11
India,T180_P03_H0800_I0800_CN070_F1,T180_P03_H0800_I0800_F1,Low,335
India,T180_P03_H0800_I0800_CN070_F1,T180_P03_H0800_I0800_F1,Medium,395
India,T180_P03_H0800_I0800_CN080_F1,T180_P03_H0800_I0800_F1,High,11
India,T180_P03_H0800_I0800_CN080_F1,T180_P03_H0800_I0800_F1,Low,335
India,T180_P03_H0800_I0800_CN080_F1,T180_P03_H0800_I0800_F1,Medium,395
India,T180_P03_H0800_I0800_CN090_F1,T180_P03_H0800_I0800_F1,High,11
India,T180_P03_H0800_I0800_CN090_F1,T180_P03_H0800_I0800_F1,Low,335
India,T180_P03_H0800_I0800_CN090_F1,T180_P03_H0800_I0800_F1,Medium,395
India,T180_P03_H0800_I0800_CN100_F1,T180_P03_H0800_I0800_F1,High,11
India,T180_P03_H0800_I0800_CN100_F1,T180_P03_H0800_I0800_F1,Low,335
India,T180_P03_H0800_I0800_CN100_F1,T180_P03_H0800_I0800_F1,Medium,395
India,T180_P03_H0800_I0986_CN030_F1,T180_P03_H0800_I0986_F1,High,11
India,T180_P03_H0800_I0986_CN030_F1,T180_P03_H0800_I0986_F1,Low,335
India,T180_P03_H0800_I0986_CN030_F1,T180_P03_H0800_I0986_F1,Medium,395
India,T180_P03_H0800_I0986_CN040_F1,T180_P03_H0800_I0986_F1,High,11
India,T180_P03_H0800_I0986_CN040_F1,T180_P03_H0800_I0986_F1,Low,335
India,T180_P03_H0800_I0986_CN040_F1,T180_P03_H0800_I0986_F1,Medium,395
India,T180_P03_H0800_I0986_CN050_F1,T180_P03_H0800_I0986_F1,High,11
India,T180_P03_H0800_I0986_CN050_F1,T180_P03_H0800_I0986_F1,Low,335
India,T180_P03_H0800_I0986_CN050_F1,T180_P03_H0800_I0986_F1,Medium,395
India,T180_P03_H0800_I0986_CN060_F1,T180_P03_H0800_I0986_F1,High,11
India,T180_P03_H0800_I0986_CN060_F1,T180_P03_H0800_I0986_F1,Low,335
India,T180_P03_H0800_I0986_CN060_F1,T180_P03_H0800_I0986_F1,Medium,395
India,T180_P03_H0800_I0986_CN070_F1,T180_P03_H0800_I0986_F1,High,11
India,T180_P03_H0800_I0986_CN070_F1,T180_P03_H0800_I0986_F1,Low,335
India,T180_P03_H0800_I0986_CN070_F1,T180_P03_H0800_I0986_F1,Medium,395
India,T180_P03_H0800_I0986_CN080_F1,T180_P03_H0800_I0986_F1,High,11
India,T180_P03_H0800_I0986_CN080_F1,T180_P03_H0800_I0986_F1,Low,335
India,T180_P03_H0800_I0986_CN080_F1,T180_P03_H0800_I0986_F1,Medium,395
India,T180_P03_H0800_I0986_CN090_F1,T180_P03_H0800_I0986_F1,High,11
India,T180_P03_H0800_I0986_CN090_F1,T180_P03_H0800_I0986_F1,Low,335
India,T180_P03_H0800_I0986_CN090_F1,T180_P03_H0800_I0986_F1,Medium,395
India,T180_P03_H0800_I0986_CN100_F1,T180_P03_H0800_I0986_F1,High,11
India,T180_P03_H0800_I0986_CN100_F1,T180_P03_H0800_I0986_F1,Low,335
India,T180_P03_H0800_I0986_CN100_F1,T180_P03_H0800_I0986_F1,Medium,395
India,T180_P03_H1000_I0600_CN030_F1,T180_P03_H1000_I0600_F1,High,11
India,T180_P03_H1000_I0600_CN030_F1,T180_P03_H1000_I0600_F1,Low,335
India,T180_P03_H1000_I0600_CN030_F1,T180_P03_H1000_I0600_F1,Medium,395
India,T180_P03_H1000_I0600_CN040_F1,T180_P03_H1000_I0600_F1,High,11
India,T180_P03_H1000_I0600_CN040_F1,T180_P03_H1000_I0600_F1,Low,335
India,T180_P03_H1000_I0600_CN040_F1,T180_P03_H1000_I0600_F1,Medium,395
India,T180_P03_H1000_I0600_CN050_F1,T180_P03_H1000_I0600_F1,High,11
India,T180_P03_H1000_I0600_CN050_F1,T180_P03_H1000_I0600_F1,Low,335
India,T180_P03_H1000_I0600_CN050_F1,T180_P03_H1000_I0600_F1,Medium,395
India,T180_P03_H1000_I0600_CN060_F1,T180_P03_H1000_I0600_F1,High,11
India,T180_P03_H1000_I0600_CN060_F1,T180_P03_H1000_I0600_F1,Low,335
India,T180_P03_H1000_I0600_CN060_F1,T180_P03_H1000_I0600_F1,Medium,395
India,T180_P03_H1000_I0600_CN070_F1,T180_P03_H1000_I0600_F1,High,11
India,T180_P03_H1000_I0600_CN070_F1,T180_P03_H1000_I0600_F1,Low,335
India,T180_P03_H1000_I0600_CN070_F1,T180_P03_H1000_I0600_F1,Medium,395
India,T180_P03_H1000_I0600_CN080_F1,T180_P03_H1000_I0600_F1,High,11
India,T180_P03_H1000_I0600_CN080_F1,T180_P03_H1000_I0600_F1,Low,335
India,T180_P03_H1000_I0600_CN080_F1,T180_P03_H1000_I0600_F1,Medium,395
India,T180_P03_H1000_I0600_CN090_F1,T180_P03_H1000_I0600_F1,High,11
India,T180_P03_H1000_I0600_CN090_F1,T180_P03_H1000_I0600_F1,Low,335
India,T180_P03_H1000_I0600_CN090_F1,T180_P03_H1000_I0600_F1,Medium,395
India,T180_P03_H1000_I0600_CN100_F1,T180_P03_H1000_I0600_F1,High,11
India,T180_P03_H1000_I0600_CN100_F1,T180_P03_H1000_I0600_F1,Low,335
India,T180_P03_H1000_I0600_CN100_F1,T180_P03_H1000_I0600_F1,Medium,395
India,T180_P03_H1000_I0800_CN030_F1,T180_P03_H1000_I0800_F1,High,11
India,T180_P03_H1000_I0800_CN030_F1,T180_P03_H1000_I0800_F1,Low,335
India,T180_P03_H1000_I0800_CN030_F1,T180_P03_H1000_I0800_F1,Medium,395
India,T180_P03_H1000_I0800_CN040_F1,T180_P03_H1000_I0800_F1,High,11
India,T180_P03_H1000_I0800_CN040_F1,T180_P03_H1000_I0800_F1,Low,335
India,T180_P03_H1000_I0800_CN040_F1,T180_P03_H1000_I0800_F1,Medium,395
India,T180_P03_H1000_I0800_CN050_F1,T180_P03_H1000_I0800_F1,High,11
India,T180_P03_H1000_I0800_CN050_F1,T180_P03_H1000_I0800_F1,Low,335
India,T180_P03_H1000_I0800_CN050_F1,T180_P03_H1000_I0800_F1,Medium,395
India,T180_P03_H1000_I0800_CN060_F1,T180_P03_H1000_I0800_F1,High,11
India,T180_P03_H1000_I0800_CN060_F1,T180_P03_H1000_I0800_F1,Low,335
India,T180_P03_H1000_I0800_CN060_F1,T180_P03_H1000_I0800_F1,Medium,395
India,T180_P03_H1000_I0800_CN070_F1,T180_P03_H1000_I0800_F1,High,11
India,T180_P03_H1000_I0800_CN070_F1,T180_P03_H1000_I0800_F1,Low,335
India,T180_P03_H1000_I0800_CN070_F1,T180_P03_H1000_I0800_F1,Medium,395
India,T180_P03_H1000_I0800_CN080_F1,T180_P03_H1000_I0800_F1,High,11
India,T180_P03_H1000_I0800_CN080_F1,T180_P03_H1000_I0800_F1,Low,335
India,T180_P03_H1000_I0800_CN080_F1,T180_P03_H1000_I0800_F1,Medium,395
India,T180_P03_H1000_I0800_CN090_F1,T180_P03_H1000_I0800_F1,High,11
India,T180_P03_H1000_I0800_CN090_F1,T180_P03_H1000_I0800_F1,Low,335
India,T180_P03_H1000_I0800_CN090_F1,T180_P03_H1000_I0800_F1,Medium,395
India,T180_P03_H1000_I0800_CN100_F1,T180_P03_H1000_I0800_F1,High,11
India,T180_P03_H1000_I0800_CN100_F1,T180_P03_H1000_I0800_F1,Low,335
India,T180_P03_H1000_I0800_CN100_F1,T180_P03_H1000_I0800_F1,Medium,395
India,T180_P03_H1000_I0986_CN030_F1,T180_P03_H1000_I0986_F1,High,11
India,T180_P03_H1000_I0986_CN030_F1,T180_P03_H1000_I0986_F1,Low,335
India,T180_P03_H1000_I0986_CN030_F1,T180_P03_H1000_I0986_F1,Medium,395
India,T180_P03_H1000_I0986_CN040_F1,T180_P03_H1000_I0986_F1,High,11
India,T180_P03_H1000_I0986_CN040_F1,T180_P03_H1000_I0986_F1,Low,335
India,T180_P03_H1000_I0986_CN040_F1,T180_P03_H1000_I0986_F1,Medium,395
India,T180_P03_H1000_I0986_CN050_F1,T180_P03_H1000_I0986_F1,High,11
India,T180_P03_H1000_I0986_CN050_F1,T180_P03_H1000_I0986_F1,Low,335
India,T180_P03_H1000_I0986_CN050_F1,T180_P03_H1000_I0986_F1,Medium,395
India,T180_P03_H1000_I0986_CN060_F1,T180_P03_H1000_I0986_F1,High,11
India,T180_P03_H1000_I0986_CN060_F1,T180_P03_H1000_I0986_F1,Low,335
India,T180_P03_H1000_I0986_CN060_F1,T180_P03_H1000_I0986_F1,Medium,395
India,T180_P03_H1000_I0986_CN070_F1,T180_P03_H1000_I0986_F1,High,11
India,T180_P03_H1000_I0986_CN070_F1,T180_P03_H1000_I0986_F1,Low,335
India,T180_P03_H1000_I0986_CN070_F1,T180_P03_H1000_I0986_F1,Medium,395
India,T180_P03_H1000_I0986_CN080_F1,T180_P03_H1000_I0986_F1,High,11
India,T180_P03_H1000_I0986_CN080_F1,T180_P03_H1000_I0986_F1,Low,335
India,T180_P03_H1000_I0986_CN080_F1,T180_P03_H1000_I0986_F1,Medium,395
India,T180_P03_H1000_I0986_CN090_F1,T180_P03_H1000_I0986_F1,High,11
India,T180_P03_H1000_I0986_CN090_F1,T180_P03_H1000_I0986_F1,Low,335
India,T180_P03_H1000_I0986_CN090_F1,T180_P03_H1000_I0986_F1,Medium,395
India,T180_P03_H1000_I0986_CN100_F1,T180_P03_H1000_I0986_F1,High,11
India,T180_P03_H1000_I0986_CN100_F1,T180_P03_H1000_I0986_F1,Low,335
India,T180_P03_H1000_I0986_CN100_F1,T180_P03_H1000_I0986_F1,Medium,395
India,T180_P05_H0500_I0600_CN030_F1,T180_P05_H0500_I0600_F1,High,11
India,T180_P05_H0500_I0600_CN030_F1,T180_P05_H0500_I0600_F1,Low,335
India,T180_P05_H0500_I0600_CN030_F1,T180_P05_H0500_I0600_F1,Medium,395
India,T180_P05_H0500_I0600_CN040_F1,T180_P05_H0500_I0600_F1,High,11
India,T180_P05_H0500_I0600_CN040_F1,T180_P05_H0500_I0600_F1,Low,335
India,T180_P05_H0500_I0600_CN040_F1,T180_P05_H0500_I0600_F1,Medium,395
India,T180_P05_H0500_I0600_CN050_F1,T180_P05_H0500_I0600_F1,High,11
India,T180_P05_H0500_I0600_CN050_F1,T180_P05_H0500_I0600_F1,Low,335
India,T180_P05_H0500_I0600_CN050_F1,T180_P05_H0500_I0600_F1,Medium,395
India,T180_P05_H0500_I0600_CN060_F1,T180_P05_H0500_I0600_F1,High,11
India,T180_P05_H0500_I0600_CN060_F1,T180_P05_H0500_I0600_F1,Low,335
India,T180_P05_H0500_I0600_CN060_F1,T180_P05_H0500_I0600_F1,Medium,395
India,T180_P05_H0500_I0600_CN070_F1,T180_P05_H0500_I0600_F1,High,11
India,T180_P05_H0500_I0600_CN070_F1,T180_P05_H0500_I0600_F1,Low,335
India,T180_P05_H0500_I0600_CN070_F1,T180_P05_H0500_I0600_F1,Medium,395
India,T180_P05_H0500_I0600_CN080_F1,T180_P05_H0500_I0600_F1,High,11
India,T180_P05_H0500_I0600_CN080_F1,T180_P05_H0500_I0600_F1,Low,335
India,T180_P05_H0500_I0600_CN080_F1,T180_P05_H0500_I0600_F1,Medium,395
India,T180_P05_H0500_I0600_CN090_F1,T180_P05_H0500_I0600_F1,High,11
India,T180_P05_H0500_I0600_CN090_F1,T180_P05_H0500_I0600_F1,Low,335
India,T180_P05_H0500_I0600_CN090_F1,T180_P05_H0500_I0600_F1,Medium,395
India,T180_P05_H0500_I0600_CN100_F1,T180_P05_H0500_I0600_F1,High,11
India,T180_P05_H0500_I0600_CN100_F1,T180_P05_H0500_I0600_F1,Low,335
India,T180_P05_H0500_I0600_CN100_F1,T180_P05_H0500_I0600_F1,Medium,395
India,T180_P05_H0500_I0800_CN030_F1,T180_P05_H0500_I0800_F1,High,11
India,T180_P05_H0500_I0800_CN030_F1,T180_P05_H0500_I0800_F1,Low,335
India,T180_P05_H0500_I0800_CN030_F1,T180_P05_H0500_I0800_F1,Medium,395
India,T180_P05_H0500_I0800_CN040_F1,T180_P05_H0500_I0800_F1,High,11
India,T180_P05_H0500_I0800_CN040_F1,T180_P05_H0500_I0800_F1,Low,335
India,T180_P05_H0500_I0800_CN040_F1,T180_P05_H0500_I0800_F1,Medium,395
India,T180_P05_H0500_I0800_CN050_F1,T180_P05_H0500_I0800_F1,High,11
India,T180_P05_H0500_I0800_CN050_F1,T180_P05_H0500_I0800_F1,Low,335
India,T180_P05_H0500_I0800_CN050_F1,T180_P05_H0500_I0800_F1,Medium,395
India,T180_P05_H0500_I0800_CN060_F1,T180_P05_H0500_I0800_F1,High,11
India,T180_P05_H0500_I0800_CN060_F1,T180_P05_H0500_I0800_F1,Low,335
India,T180_P05_H0500_I0800_CN060_F1,T180_P05_H0500_I0800_F1,Medium,395
India,T180_P05_H0500_I0800_CN070_F1,T180_P05_H0500_I0800_F1,High,11
India,T180_P05_H0500_I0800_CN070_F1,T180_P05_H0500_I0800_F1,Low,335
India,T180_P05_H0500_I0800_CN070_F1,T180_P05_H0500_I0800_F1,Medium,395
India,T180_P05_H0500_I0800_CN080_F1,T180_P05_H0500_I0800_F1,High,11
India,T180_P05_H0500_I0800_CN080_F1,T180_P05_H0500_I0800_F1,Low,335
India,T180_P05_H0500_I0800_CN080_F1,T180_P05_H0500_I0800_F1,Medium,395
India,T180_P05_H0500_I0800_CN090_F1,T180_P05_H0500_I0800_F1,High,11
India,T180_P05_H0500_I0800_CN090_F1,T180_P05_H0500_I0800_F1,Low,335
India,T180_P05_H0500_I0800_CN090_F1,T180_P05_H0500_I0800_F1,Medium,395
India,T180_P05_H0500_I0800_CN100_F1,T180_P05_H0500_I0800_F1,High,11
India,T180_P05_H0500_I0800_CN100_F1,T180_P05_H0500_I0800_F1,Low,335
India,T180_P05_H0500_I0800_CN100_F1,T180_P05_H0500_I0800_F1,Medium,395
India,T180_P05_H0500_I0986_CN030_F1,T180_P05_H0500_I0986_F1,High,11
India,T180_P05_H0500_I0986_CN030_F1,T180_P05_H0500_I0986_F1,Low,335
India,T180_P05_H0500_I0986_CN030_F1,T180_P05_H0500_I0986_F1,Medium,395
India,T180_P05_H0500_I0986_CN040_F1,T180_P05_H0500_I0986_F1,High,11
India,T180_P05_H0500_I0986_CN040_F1,T180_P05_H0500_I0986_F1,Low,335
India,T180_P05_H0500_I0986_CN040_F1,T180_P05_H0500_I0986_F1,Medium,395
India,T180_P05_H0500_I0986_CN050_F1,T180_P05_H0500_I0986_F1,High,11
India,T180_P05_H0500_I0986_CN050_F1,T180_P05_H0500_I0986_F1,Low,335
India,T180_P05_H0500_I0986_CN050_F1,T180_P05_H0500_I0986_F1,Medium,395
India,T180_P05_H0500_I0986_CN060_F1,T180_P05_H0500_I0986_F1,High,11
India,T180_P05_H0500_I0986_CN060_F1,T180_P05_H0500_I0986_F1,Low,335
India,T180_P05_H0500_I0986_CN060_F1,T180_P05_H0500_I0986_F1,Medium,395
India,T180_P05_H0500_I0986_CN070_F1,T180_P05_H0500_I0986_F1,High,11
India,T180_P05_H0500_I0986_CN070_F1,T180_P05_H0500_I0986_F1,Low,335
India,T180_P05_H0500_I0986_CN070_F1,T180_P05_H0500_I0986_F1,Medium,395
India,T180_P05_H0500_I0986_CN080_F1,T180_P05_H0500_I0986_F1,High,11
India,T180_P05_H0500_I0986_CN080_F1,T180_P05_H0500_I0986_F1,Low,335
India,T180_P05_H0500_I0986_CN080_F1,T180_P05_H0500_I0986_F1,Medium,395
India,T180_P05_H0500_I0986_CN090_F1,T180_P05_H0500_I0986_F1,High,11
India,T180_P05_H0500_I0986_CN090_F1,T180_P05_H0500_I0986_F1,Low,335
India,T180_P05_H0500_I0986_CN090_F1,T180_P05_H0500_I0986_F1,Medium,395
India,T180_P05_H0500_I0986_CN100_F1,T180_P05_H0500_I0986_F1,High,11
India,T180_P05_H0500_I0986_CN100_F1,T180_P05_H0500_I0986_F1,Low,335
India,T180_P05_H0500_I0986_CN100_F1,T180_P05_H0500_I0986_F1,Medium,395
India,T180_P05_H0800_I0600_CN030_F1,T180_P05_H0800_I0600_F1,High,11
India,T180_P05_H0800_I0600_CN030_F1,T180_P05_H0800_I0600_F1,Low,335
India,T180_P05_H0800_I0600_CN030_F1,T180_P05_H0800_I0600_F1,Medium,395
India,T180_P05_H0800_I0600_CN040_F1,T180_P05_H0800_I0600_F1,High,11
India,T180_P05_H0800_I0600_CN040_F1,T180_P05_H0800_I0600_F1,Low,335
India,T180_P05_H0800_I0600_CN040_F1,T180_P05_H0800_I0600_F1,Medium,395
India,T180_P05_H0800_I0600_CN050_F1,T180_P05_H0800_I0600_F1,High,11
India,T180_P05_H0800_I0600_CN050_F1,T180_P05_H0800_I0600_F1,Low,335
India,T180_P05_H0800_I0600_CN050_F1,T180_P05_H0800_I0600_F1,Medium,395
India,T180_P05_H0800_I0600_CN060_F1,T180_P05_H0800_I0600_F1,High,11
India,T180_P05_H0800_I0600_CN060_F1,T180_P05_H0800_I0600_F1,Low,335
India,T180_P05_H0800_I0600_CN060_F1,T180_P05_H0800_I0600_F1,Medium,395
India,T180_P05_H0800_I0600_CN070_F1,T180_P05_H0800_I0600_F1,High,11
India,T180_P05_H0800_I0600_CN070_F1,T180_P05_H0800_I0600_F1,Low,335
India,T180_P05_H0800_I0600_CN070_F1,T180_P05_H0800_I0600_F1,Medium,395
India,T180_P05_H0800_I0600_CN080_F1,T180_P05_H0800_I0600_F1,High,11
India,T180_P05_H0800_I0600_CN080_F1,T180_P05_H0800_I0600_F1,Low,335
India,T180_P05_H0800_I0600_CN080_F1,T180_P05_H0800_I0600_F1,Medium,395
India,T180_P05_H0800_I0600_CN090_F1,T180_P05_H0800_I0600_F1,High,11
India,T180_P05_H0800_I0600_CN090_F1,T180_P05_H0800_I0600_F1,Low,335
India,T180_P05_H0800_I0600_CN090_F1,T180_P05_H0800_I0600_F1,Medium,395
India,T180_P05_H0800_I0600_CN100_F1,T180_P05_H0800_I0600_F1,High,11
India,T180_P05_H0800_I0600_CN100_F1,T180_P05_H0800_I0600_F1,Low,335
India,T180_P05_H0800_I0600_CN100_F1,T180_P05_H0800_I0600_F1,Medium,395
India,T180_P05_H0800_I0800_CN030_F1,T180_P05_H0800_I0800_F1,High,11
India,T180_P05_H0800_I0800_CN030_F1,T180_P05_H0800_I0800_F1,Low,335
India,T180_P05_H0800_I0800_CN030_F1,T180_P05_H0800_I0800_F1,Medium,395
India,T180_P05_H0800_I0800_CN040_F1,T180_P05_H0800_I0800_F1,High,11
India,T180_P05_H0800_I0800_CN040_F1,T180_P05_H0800_I0800_F1,Low,335
India,T180_P05_H0800_I0800_CN040_F1,T180_P05_H0800_I0800_F1,Medium,395
India,T180_P05_H0800_I0800_CN050_F1,T180_P05_H0800_I0800_F1,High,11
India,T180_P05_H0800_I0800_CN050_F1,T180_P05_H0800_I0800_F1,Low,335
India,T180_P05_H0800_I0800_CN050_F1,T180_P05_H0800_I0800_F1,Medium,395
India,T180_P05_H0800_I0800_CN060_F1,T180_P05_H0800_I0800_F1,High,11
India,T180_P05_H0800_I0800_CN060_F1,T180_P05_H0800_I0800_F1,Low,335
India,T180_P05_H0800_I0800_CN060_F1,T180_P05_H0800_I0800_F1,Medium,395
India,T180_P05_H0800_I0800_CN070_F1,T180_P05_H0800_I0800_F1,High,11
India,T180_P05_H0800_I0800_CN070_F1,T180_P05_H0800_I0800_F1,Low,335
India,T180_P05_H0800_I0800_CN070_F1,T180_P05_H0800_I0800_F1,Medium,395
India,T180_P05_H0800_I0800_CN080_F1,T180_P05_H0800_I0800_F1,High,11
India,T180_P05_H0800_I0800_CN080_F1,T180_P05_H0800_I0800_F1,Low,335
India,T180_P05_H0800_I0800_CN080_F1,T180_P05_H0800_I0800_F1,Medium,395
India,T180_P05_H0800_I0800_CN090_F1,T180_P05_H0800_I0800_F1,High,11
India,T180_P05_H0800_I0800_CN090_F1,T180_P05_H0800_I0800_F1,Low,335
India,T180_P05_H0800_I0800_CN090_F1,T180_P05_H0800_I0800_F1,Medium,395
India,T180_P05_H0800_I0800_CN100_F1,T180_P05_H0800_I0800_F1,High,11
India,T180_P05_H0800_I0800_CN100_F1,T180_P05_H0800_I0800_F1,Low,335
India,T180_P05_H0800_I0800_CN100_F1,T180_P05_H0800_I0800_F1,Medium,395
India,T180_P05_H0800_I0986_CN030_F1,T180_P05_H0800_I0986_F1,High,11
India,T180_P05_H0800_I0986_CN030_F1,T180_P05_H0800_I0986_F1,Low,335
India,T180_P05_H0800_I0986_CN030_F1,T180_P05_H0800_I0986_F1,Medium,395
India,T180_P05_H0800_I0986_CN040_F1,T180_P05_H0800_I0986_F1,High,11
India,T180_P05_H0800_I0986_CN040_F1,T180_P05_H0800_I0986_F1,Low,335
India,T180_P05_H0800_I0986_CN040_F1,T180_P05_H0800_I0986_F1,Medium,395
India,T180_P05_H0800_I0986_CN050_F1,T180_P05_H0800_I0986_F1,High,11
India,T180_P05_H0800_I0986_CN050_F1,T180_P05_H0800_I0986_F1,Low,335
India,T180_P05_H0800_I0986_CN050_F1,T180_P05_H0800_I0986_F1,Medium,395
India,T180_P05_H0800_I0986_CN060_F1,T180_P05_H0800_I0986_F1,High,11
India,T180_P05_H0800_I0986_CN060_F1,T180_P05_H0800_I0986_F1,Low,335
India,T180_P05_H0800_I0986_CN060_F1,T180_P05_H0800_I0986_F1,Medium,395
India,T180_P05_H0800_I0986_CN070_F1,T180_P05_H0800_I0986_F1,High,11
India,T180_P05_H0800_I0986_CN070_F1,T180_P05_H0800_I0986_F1,Low,335
India,T180_P05_H0800_I0986_CN070_F1,T180_P05_H0800_I0986_F1,Medium,395
India,T180_P05_H0800_I0986_CN080_F1,T180_P05_H0800_I0986_F1,High,11
India,T180_P05_H0800_I0986_CN080_F1,T180_P05_H0800_I0986_F1,Low,335
India,T180_P05_H0800_I0986_CN080_F1,T180_P05_H0800_I0986_F1,Medium,395
India,T180_P05_H0800_I0986_CN090_F1,T180_P05_H0800_I0986_F1,High,11
India,T180_P05_H0800_I0986_CN090_F1,T180_P05_H0800_I0986_F1,Low,335
India,T180_P05_H0800_I0986_CN090_F1,T180_P05_H0800_I0986_F1,Medium,395
India,T180_P05_H0800_I0986_CN100_F1,T180_P05_H0800_I0986_F1,High,11
India,T180_P05_H0800_I0986_CN100_F1,T180_P05_H0800_I0986_F1,Low,335
India,T180_P05_H0800_I0986_CN100_F1,T180_P05_H0800_I0986_F1,Medium,395
India,T180_P05_H1000_I0600_CN030_F1,T180_P05_H1000_I0600_F1,High,11
India,T180_P05_H1000_I0600_CN030_F1,T180_P05_H1000_I0600_F1,Low,335
India,T180_P05_H1000_I0600_CN030_F1,T180_P05_H1000_I0600_F1,Medium,395
India,T180_P05_H1000_I0600_CN040_F1,T180_P05_H1000_I0600_F1,High,11
India,T180_P05_H1000_I0600_CN040_F1,T180_P05_H1000_I0600_F1,Low,335
India,T180_P05_H1000_I0600_CN040_F1,T180_P05_H1000_I0600_F1,Medium,395
India,T180_P05_H1000_I0600_CN050_F1,T180_P05_H1000_I0600_F1,High,11
India,T180_P05_H1000_I0600_CN050_F1,T180_P05_H1000_I0600_F1,Low,335
India,T180_P05_H1000_I0600_CN050_F1,T180_P05_H1000_I0600_F1,Medium,395
India,T180_P05_H1000_I0600_CN060_F1,T180_P05_H1000_I0600_F1,High,11
India,T180_P05_H1000_I0600_CN060_F1,T180_P05_H1000_I0600_F1,Low,335
India,T180_P05_H1000_I0600_CN060_F1,T180_P05_H1000_I0600_F1,Medium,395
India,T180_P05_H1000_I0600_CN070_F1,T180_P05_H1000_I0600_F1,High,11
India,T180_P05_H1000_I0600_CN070_F1,T180_P05_H1000_I0600_F1,Low,335
India,T180_P05_H1000_I0600_CN070_F1,T180_P05_H1000_I0600_F1,Medium,395
India,T180_P05_H1000_I0600_CN080_F1,T180_P05_H1000_I0600_F1,High,11
India,T180_P05_H1000_I0600_CN080_F1,T180_P05_H1000_I0600_F1,Low,335
India,T180_P05_H1000_I0600_CN080_F1,T180_P05_H1000_I0600_F1,Medium,395
India,T180_P05_H1000_I0600_CN090_F1,T180_P05_H1000_I0600_F1,High,11
India,T180_P05_H1000_I0600_CN090_F1,T180_P05_H1000_I0600_F1,Low,335
India,T180_P05_H1000_I0600_CN090_F1,T180_P05_H1000_I0600_F1,Medium,395
India,T180_P05_H1000_I0600_CN100_F1,T180_P05_H1000_I0600_F1,High,11
India,T180_P05_H1000_I0600_CN100_F1,T180_P05_H1000_I0600_F1,Low,335
India,T180_P05_H1000_I0600_CN100_F1,T180_P05_H1000_I0600_F1,Medium,395
India,T180_P05_H1000_I0800_CN030_F1,T180_P05_H1000_I0800_F1,High,11
India,T180_P05_H1000_I0800_CN030_F1,T180_P05_H1000_I0800_F1,Low,335
India,T180_P05_H1000_I0800_CN030_F1,T180_P05_H1000_I0800_F1,Medium,395
India,T180_P05_H1000_I0800_CN040_F1,T180_P05_H1000_I0800_F1,High,11
India,T180_P05_H1000_I0800_CN040_F1,T180_P05_H1000_I0800_F1,Low,335
India,T180_P05_H1000_I0800_CN040_F1,T180_P05_H1000_I0800_F1,Medium,395
India,T180_P05_H1000_I0800_CN050_F1,T180_P05_H1000_I0800_F1,High,11
India,T180_P05_H1000_I0800_CN050_F1,T180_P05_H1000_I0800_F1,Low,335
India,T180_P05_H1000_I0800_CN050_F1,T180_P05_H1000_I0800_F1,Medium,395
India,T180_P05_H1000_I0800_CN060_F1,T180_P05_H1000_I0800_F1,High,11
India,T180_P05_H1000_I0800_CN060_F1,T180_P05_H1000_I0800_F1,Low,335
India,T180_P05_H1000_I0800_CN060_F1,T180_P05_H1000_I0800_F1,Medium,395
India,T180_P05_H1000_I0800_CN070_F1,T180_P05_H1000_I0800_F1,High,11
India,T180_P05_H1000_I0800_CN070_F1,T180_P05_H1000_I0800_F1,Low,335
India,T180_P05_H1000_I0800_CN070_F1,T180_P05_H1000_I0800_F1,Medium,395
India,T180_P05_H1000_I0800_CN080_F1,T180_P05_H1000_I0800_F1,High,11
India,T180_P05_H1000_I0800_CN080_F1,T180_P05_H1000_I0800_F1,Low,335
India,T180_P05_H1000_I0800_CN080_F1,T180_P05_H1000_I0800_F1,Medium,395
India,T180_P05_H1000_I0800_CN090_F1,T180_P05_H1000_I0800_F1,High,11
India,T180_P05_H1000_I0800_CN090_F1,T180_P05_H1000_I0800_F1,Low,335
India,T180_P05_H1000_I0800_CN090_F1,T180_P05_H1000_I0800_F1,Medium,395
India,T180_P05_H1000_I0800_CN100_F1,T180_P05_H1000_I0800_F1,High,11
India,T180_P05_H1000_I0800_CN100_F1,T180_P05_H1000_I0800_F1,Low,335
India,T180_P05_H1000_I0800_CN100_F1,T180_P05_H1000_I0800_F1,Medium,395
India,T180_P05_H1000_I0986_CN030_F1,T180_P05_H1000_I0986_F1,High,11
India,T180_P05_H1000_I0986_CN030_F1,T180_P05_H1000_I0986_F1,Low,335
India,T180_P05_H1000_I0986_CN030_F1,T180_P05_H1000_I0986_F1,Medium,395
India,T180_P05_H1000_I0986_CN040_F1,T180_P05_H1000_I0986_F1,High,11
India,T180_P05_H1000_I0986_CN040_F1,T180_P05_H1000_I0986_F1,Low,335
India,T180_P05_H1000_I0986_CN040_F1,T180_P05_H1000_I0986_F1,Medium,395
India,T180_P05_H1000_I0986_CN050_F1,T180_P05_H1000_I0986_F1,High,11
India,T180_P05_H1000_I0986_CN050_F1,T180_P05_H1000_I0986_F1,Low,335
India,T180_P05_H1000_I0986_CN050_F1,T180_P05_H1000_I0986_F1,Medium,395
India,T180_P05_H1000_I0986_CN060_F1,T180_P05_H1000_I0986_F1,High,11
India,T180_P05_H1000_I0986_CN060_F1,T180_P05_H1000_I0986_F1,Low,335
India,T180_P05_H1000_I0986_CN060_F1,T180_P05_H1000_I0986_F1,Medium,395
India,T180_P05_H1000_I0986_CN070_F1,T180_P05_H1000_I0986_F1,High,11
India,T180_P05_H1000_I0986_CN070_F1,T180_P05_H1000_I0986_F1,Low,335
India,T180_P05_H1000_I0986_CN070_F1,T180_P05_H1000_I0986_F1,Medium,395
India,T180_P05_H1000_I0986_CN080_F1,T180_P05_H1000_I0986_F1,High,11
India,T180_P05_H1000_I0986_CN080_F1,T180_P05_H1000_I0986_F1,Low,335
India,T180_P05_H1000_I0986_CN080_F1,T180_P05_H1000_I0986_F1,Medium,395
India,T180_P05_H1000_I0986_CN090_F1,T180_P05_H1000_I0986_F1,High,11
India,T180_P05_H1000_I0986_CN090_F1,T180_P05_H1000_I0986_F1,Low,335
India,T180_P05_H1000_I0986_CN090_F1,T180_P05_H1000_I0986_F1,Medium,395
India,T180_P05_H1000_I0986_CN100_F1,T180_P05_H1000_I0986_F1,High,11
India,T180_P05_H1000_I0986_CN100_F1,T180_P05_H1000_I0986_F1,Low,335
India,T180_P05_H1000_I0986_CN100_F1,T180_P05_H1000_I0986_F1,Medium,395
India,T180_P10_H0500_I0600_CN030_F1,T180_P10_H0500_I0600_F1,High,11
India,T180_P10_H0500_I0600_CN030_F1,T180_P10_H0500_I0600_F1,Low,335
India,T180_P10_H0500_I0600_CN030_F1,T180_P10_H0500_I0600_F1,Medium,395
India,T180_P10_H0500_I0600_CN040_F1,T180_P10_H0500_I0600_F1,High,11
India,T180_P10_H0500_I0600_CN040_F1,T180_P10_H0500_I0600_F1,Low,335
India,T180_P10_H0500_I0600_CN040_F1,T180_P10_H0500_I0600_F1,Medium,395
India,T180_P10_H0500_I0600_CN050_F1,T180_P10_H0500_I0600_F1,High,11
India,T180_P10_H0500_I0600_CN050_F1,T180_P10_H0500_I0600_F1,Low,335
India,T180_P10_H0500_I0600_CN050_F1,T180_P10_H0500_I0600_F1,Medium,395
India,T180_P10_H0500_I0600_CN060_F1,T180_P10_H0500_I0600_F1,High,11
India,T180_P10_H0500_I0600_CN060_F1,T180_P10_H0500_I0600_F1,Low,335
India,T180_P10_H0500_I0600_CN060_F1,T180_P10_H0500_I0600_F1,Medium,395
India,T180_P10_H0500_I0600_CN070_F1,T180_P10_H0500_I0600_F1,High,11
India,T180_P10_H0500_I0600_CN070_F1,T180_P10_H0500_I0600_F1,Low,335
India,T180_P10_H0500_I0600_CN070_F1,T180_P10_H0500_I0600_F1,Medium,395
India,T180_P10_H0500_I0600_CN080_F1,T180_P10_H0500_I0600_F1,High,11
India,T180_P10_H0500_I0600_CN080_F1,T180_P10_H0500_I0600_F1,Low,335
India,T180_P10_H0500_I0600_CN080_F1,T180_P10_H0500_I0600_F1,Medium,395
India,T180_P10_H0500_I0600_CN090_F1,T180_P10_H0500_I0600_F1,High,11
India,T180_P10_H0500_I0600_CN090_F1,T180_P10_H0500_I0600_F1,Low,335
India,T180_P10_H0500_I0600_CN090_F1,T180_P10_H0500_I0600_F1,Medium,395
India,T180_P10_H0500_I0600_CN100_F1,T180_P10_H0500_I0600_F1,High,11
India,T180_P10_H0500_I0600_CN100_F1,T180_P10_H0500_I0600_F1,Low,335
India,T180_P10_H0500_I0600_CN100_F1,T180_P10_H0500_I0600_F1,Medium,395
India,T180_P10_H0500_I0800_CN030_F1,T180_P10_H0500_I0800_F1,High,11
India,T180_P10_H0500_I0800_CN030_F1,T180_P10_H0500_I0800_F1,Low,335
India,T180_P10_H0500_I0800_CN030_F1,T180_P10_H0500_I0800_F1,Medium,395
India,T180_P10_H0500_I0800_CN040_F1,T180_P10_H0500_I0800_F1,High,11
India,T180_P10_H0500_I0800_CN040_F1,T180_P10_H0500_I0800_F1,Low,335
India,T180_P10_H0500_I0800_CN040_F1,T180_P10_H0500_I0800_F1,Medium,395
India,T180_P10_H0500_I0800_CN050_F1,T180_P10_H0500_I0800_F1,High,11
India,T180_P10_H0500_I0800_CN050_F1,T180_P10_H0500_I0800_F1,Low,335
India,T180_P10_H0500_I0800_CN050_F1,T180_P10_H0500_I0800_F1,Medium,395
India,T180_P10_H0500_I0800_CN060_F1,T180_P10_H0500_I0800_F1,High,11
India,T180_P10_H0500_I0800_CN060_F1,T180_P10_H0500_I0800_F1,Low,335
India,T180_P10_H0500_I0800_CN060_F1,T180_P10_H0500_I0800_F1,Medium,395
India,T180_P10_H0500_I0800_CN070_F1,T180_P10_H0500_I0800_F1,High,11
India,T180_P10_H0500_I0800_CN070_F1,T180_P10_H0500_I0800_F1,Low,335
India,T180_P10_H0500_I0800_CN070_F1,T180_P10_H0500_I0800_F1,Medium,395
India,T180_P10_H0500_I0800_CN080_F1,T180_P10_H0500_I0800_F1,High,11
India,T180_P10_H0500_I0800_CN080_F1,T180_P10_H0500_I0800_F1,Low,335
India,T180_P10_H0500_I0800_CN080_F1,T180_P10_H0500_I0800_F1,Medium,395
India,T180_P10_H0500_I0800_CN090_F1,T180_P10_H0500_I0800_F1,High,11
India,T180_P10_H0500_I0800_CN090_F1,T180_P10_H0500_I0800_F1,Low,335
India,T180_P10_H0500_I0800_CN090_F1,T180_P10_H0500_I0800_F1,Medium,395
India,T180_P10_H0500_I0800_CN100_F1,T180_P10_H0500_I0800_F1,High,11
India,T180_P10_H0500_I0800_CN100_F1,T180_P10_H0500_I0800_F1,Low,335
India,T180_P10_H0500_I0800_CN100_F1,T180_P10_H0500_I0800_F1,Medium,395
India,T180_P10_H0500_I0986_CN030_F1,T180_P10_H0500_I0986_F1,High,11
India,T180_P10_H0500_I0986_CN030_F1,T180_P10_H0500_I0986_F1,Low,335
India,T180_P10_H0500_I0986_CN030_F1,T180_P10_H0500_I0986_F1,Medium,395
India,T180_P10_H0500_I0986_CN040_F1,T180_P10_H0500_I0986_F1,High,11
India,T180_P10_H0500_I0986_CN040_F1,T180_P10_H0500_I0986_F1,Low,335
India,T180_P10_H0500_I0986_CN040_F1,T180_P10_H0500_I0986_F1,Medium,395
India,T180_P10_H0500_I0986_CN050_F1,T180_P10_H0500_I0986_F1,High,11
India,T180_P10_H0500_I0986_CN050_F1,T180_P10_H0500_I0986_F1,Low,335
India,T180_P10_H0500_I0986_CN050_F1,T180_P10_H0500_I0986_F1,Medium,395
India,T180_P10_H0500_I0986_CN060_F1,T180_P10_H0500_I0986_F1,High,11
India,T180_P10_H0500_I0986_CN060_F1,T180_P10_H0500_I0986_F1,Low,335
India,T180_P10_H0500_I0986_CN060_F1,T180_P10_H0500_I0986_F1,Medium,395
India,T180_P10_H0500_I0986_CN070_F1,T180_P10_H0500_I0986_F1,High,11
India,T180_P10_H0500_I0986_CN070_F1,T180_P10_H0500_I0986_F1,Low,335
India,T180_P10_H0500_I0986_CN070_F1,T180_P10_H0500_I0986_F1,Medium,395
India,T180_P10_H0500_I0986_CN080_F1,T180_P10_H0500_I0986_F1,High,11
India,T180_P10_H0500_I0986_CN080_F1,T180_P10_H0500_I0986_F1,Low,335
India,T180_P10_H0500_I0986_CN080_F1,T180_P10_H0500_I0986_F1,Medium,395
India,T180_P10_H0500_I0986_CN090_F1,T180_P10_H0500_I0986_F1,High,11
India,T180_P10_H0500_I0986_CN090_F1,T180_P10_H0500_I0986_F1,Low,335
India,T180_P10_H0500_I0986_CN090_F1,T180_P10_H0500_I0986_F1,Medium,395
India,T180_P10_H0500_I0986_CN100_F1,T180_P10_H0500_I0986_F1,High,11
India,T180_P10_H0500_I0986_CN100_F1,T180_P10_H0500_I0986_F1,Low,335
India,T180_P10_H0500_I0986_CN100_F1,T180_P10_H0500_I0986_F1,Medium,395
India,T180_P10_H0800_I0600_CN030_F1,T180_P10_H0800_I0600_F1,High,11
India,T180_P10_H0800_I0600_CN030_F1,T180_P10_H0800_I0600_F1,Low,335
India,T180_P10_H0800_I0600_CN030_F1,T180_P10_H0800_I0600_F1,Medium,395
India,T180_P10_H0800_I0600_CN040_F1,T180_P10_H0800_I0600_F1,High,11
India,T180_P10_H0800_I0600_CN040_F1,T180_P10_H0800_I0600_F1,Low,335
India,T180_P10_H0800_I0600_CN040_F1,T180_P10_H0800_I0600_F1,Medium,395
India,T180_P10_H0800_I0600_CN050_F1,T180_P10_H0800_I0600_F1,High,11
India,T180_P10_H0800_I0600_CN050_F1,T180_P10_H0800_I0600_F1,Low,335
India,T180_P10_H0800_I0600_CN050_F1,T180_P10_H0800_I0600_F1,Medium,395
India,T180_P10_H0800_I0600_CN060_F1,T180_P10_H0800_I0600_F1,High,11
India,T180_P10_H0800_I0600_CN060_F1,T180_P10_H0800_I0600_F1,Low,335
India,T180_P10_H0800_I0600_CN060_F1,T180_P10_H0800_I0600_F1,Medium,395
India,T180_P10_H0800_I0600_CN070_F1,T180_P10_H0800_I0600_F1,High,11
India,T180_P10_H0800_I0600_CN070_F1,T180_P10_H0800_I0600_F1,Low,335
India,T180_P10_H0800_I0600_CN070_F1,T180_P10_H0800_I0600_F1,Medium,395
India,T180_P10_H0800_I0600_CN080_F1,T180_P10_H0800_I0600_F1,High,11
India,T180_P10_H0800_I0600_CN080_F1,T180_P10_H0800_I0600_F1,Low,335
India,T180_P10_H0800_I0600_CN080_F1,T180_P10_H0800_I0600_F1,Medium,395
India,T180_P10_H0800_I0600_CN090_F1,T180_P10_H0800_I0600_F1,High,11
India,T180_P10_H0800_I0600_CN090_F1,T180_P10_H0800_I0600_F1,Low,335
India,T180_P10_H0800_I0600_CN090_F1,T180_P10_H0800_I0600_F1,Medium,395
India,T180_P10_H0800_I0600_CN100_F1,T180_P10_H0800_I0600_F1,High,11
India,T180_P10_H0800_I0600_CN100_F1,T180_P10_H0800_I0600_F1,Low,335
India,T180_P10_H0800_I0600_CN100_F1,T180_P10_H0800_I0600_F1,Medium,395
India,T180_P10_H0800_I0800_CN030_F1,T180_P10_H0800_I0800_F1,High,11
India,T180_P10_H0800_I0800_CN030_F1,T180_P10_H0800_I0800_F1,Low,335
India,T180_P10_H0800_I0800_CN030_F1,T180_P10_H0800_I0800_F1,Medium,395
India,T180_P10_H0800_I0800_CN040_F1,T180_P10_H0800_I0800_F1,High,11
India,T180_P10_H0800_I0800_CN040_F1,T180_P10_H0800_I0800_F1,Low,335
India,T180_P10_H0800_I0800_CN040_F1,T180_P10_H0800_I0800_F1,Medium,395
India,T180_P10_H0800_I0800_CN050_F1,T180_P10_H0800_I0800_F1,High,11
India,T180_P10_H0800_I0800_CN050_F1,T180_P10_H0800_I0800_F1,Low,335
India,T180_P10_H0800_I0800_CN050_F1,T180_P10_H0800_I0800_F1,Medium,395
India,T180_P10_H0800_I0800_CN060_F1,T180_P10_H0800_I0800_F1,High,11
India,T180_P10_H0800_I0800_CN060_F1,T180_P10_H0800_I0800_F1,Low,335
India,T180_P10_H0800_I0800_CN060_F1,T180_P10_H0800_I0800_F1,Medium,395
India,T180_P10_H0800_I0800_CN070_F1,T180_P10_H0800_I0800_F1,High,11
India,T180_P10_H0800_I0800_CN070_F1,T180_P10_H0800_I0800_F1,Low,335
India,T180_P10_H0800_I0800_CN070_F1,T180_P10_H0800_I0800_F1,Medium,395
India,T180_P10_H0800_I0800_CN080_F1,T180_P10_H0800_I0800_F1,High,11
India,T180_P10_H0800_I0800_CN080_F1,T180_P10_H0800_I0800_F1,Low,335
India,T180_P10_H0800_I0800_CN080_F1,T180_P10_H0800_I0800_F1,Medium,395
India,T180_P10_H0800_I0800_CN090_F1,T180_P10_H0800_I0800_F1,High,11
India,T180_P10_H0800_I0800_CN090_F1,T180_P10_H0800_I0800_F1,Low,335
India,T180_P10_H0800_I0800_CN090_F1,T180_P10_H0800_I0800_F1,Medium,395
India,T180_P10_H0800_I0800_CN100_F1,T180_P10_H0800_I0800_F1,High,11
India,T180_P10_H0800_I0800_CN100_F1,T180_P10_H0800_I0800_F1,Low,335
India,T180_P10_H0800_I0800_CN100_F1,T180_P10_H0800_I0800_F1,Medium,395
India,T180_P10_H0800_I0986_CN030_F1,T180_P10_H0800_I0986_F1,High,11
India,T180_P10_H0800_I0986_CN030_F1,T180_P10_H0800_I0986_F1,Low,335
India,T180_P10_H0800_I0986_CN030_F1,T180_P10_H0800_I0986_F1,Medium,395
India,T180_P10_H0800_I0986_CN040_F1,T180_P10_H0800_I0986_F1,High,11
India,T180_P10_H0800_I0986_CN040_F1,T180_P10_H0800_I0986_F1,Low,335
India,T180_P10_H0800_I0986_CN040_F1,T180_P10_H0800_I0986_F1,Medium,395
India,T180_P10_H0800_I0986_CN050_F1,T180_P10_H0800_I0986_F1,High,11
India,T180_P10_H0800_I0986_CN050_F1,T180_P10_H0800_I0986_F1,Low,335
India,T180_P10_H0800_I0986_CN050_F1,T180_P10_H0800_I0986_F1,Medium,395
India,T180_P10_H0800_I0986_CN060_F1,T180_P10_H0800_I0986_F1,High,11
India,T180_P10_H0800_I0986_CN060_F1,T180_P10_H0800_I0986_F1,Low,335
India,T180_P10_H0800_I0986_CN060_F1,T180_P10_H0800_I0986_F1,Medium,395
India,T180_P10_H0800_I0986_CN070_F1,T180_P10_H0800_I0986_F1,High,11
India,T180_P10_H0800_I0986_CN070_F1,T180_P10_H0800_I0986_F1,Low,335
India,T180_P10_H0800_I0986_CN070_F1,T180_P10_H0800_I0986_F1,Medium,395
India,T180_P10_H0800_I0986_CN080_F1,T180_P10_H0800_I0986_F1,High,11
India,T180_P10_H0800_I0986_CN080_F1,T180_P10_H0800_I0986_F1,Low,335
India,T180_P10_H0800_I0986_CN080_F1,T180_P10_H0800_I0986_F1,Medium,395
India,T180_P10_H0800_I0986_CN090_F1,T180_P10_H0800_I0986_F1,High,11
India,T180_P10_H0800_I0986_CN090_F1,T180_P10_H0800_I0986_F1,Low,335
India,T180_P10_H0800_I0986_CN090_F1,T180_P10_H0800_I0986_F1,Medium,395
India,T180_P10_H0800_I0986_CN100_F1,T180_P10_H0800_I0986_F1,High,11
India,T180_P10_H0800_I0986_CN100_F1,T180_P10_H0800_I0986_F1,Low,335
India,T180_P10_H0800_I0986_CN100_F1,T180_P10_H0800_I0986_F1,Medium,395
India,T180_P10_H1000_I0600_CN030_F1,T180_P10_H1000_I0600_F1,High,11
India,T180_P10_H1000_I0600_CN030_F1,T180_P10_H1000_I0600_F1,Low,335
India,T180_P10_H1000_I0600_CN030_F1,T180_P10_H1000_I0600_F1,Medium,395
India,T180_P10_H1000_I0600_CN040_F1,T180_P10_H1000_I0600_F1,High,11
India,T180_P10_H1000_I0600_CN040_F1,T180_P10_H1000_I0600_F1,Low,335
India,T180_P10_H1000_I0600_CN040_F1,T180_P10_H1000_I0600_F1,Medium,395
India,T180_P10_H1000_I0600_CN050_F1,T180_P10_H1000_I0600_F1,High,11
India,T180_P10_H1000_I0600_CN050_F1,T180_P10_H1000_I0600_F1,Low,335
India,T180_P10_H1000_I0600_CN050_F1,T180_P10_H1000_I0600_F1,Medium,395
India,T180_P10_H1000_I0600_CN060_F1,T180_P10_H1000_I0600_F1,High,11
India,T180_P10_H1000_I0600_CN060_F1,T180_P10_H1000_I0600_F1,Low,335
India,T180_P10_H1000_I0600_CN060_F1,T180_P10_H1000_I0600_F1,Medium,395
India,T180_P10_H1000_I0600_CN070_F1,T180_P10_H1000_I0600_F1,High,11
India,T180_P10_H1000_I0600_CN070_F1,T180_P10_H1000_I0600_F1,Low,335
India,T180_P10_H1000_I0600_CN070_F1,T180_P10_H1000_I0600_F1,Medium,395
India,T180_P10_H1000_I0600_CN080_F1,T180_P10_H1000_I0600_F1,High,11
India,T180_P10_H1000_I0600_CN080_F1,T180_P10_H1000_I0600_F1,Low,335
India,T180_P10_H1000_I0600_CN080_F1,T180_P10_H1000_I0600_F1,Medium,395
India,T180_P10_H1000_I0600_CN090_F1,T180_P10_H1000_I0600_F1,High,11
India,T180_P10_H1000_I0600_CN090_F1,T180_P10_H1000_I0600_F1,Low,335
India,T180_P10_H1000_I0600_CN090_F1,T180_P10_H1000_I0600_F1,Medium,395
India,T180_P10_H1000_I0600_CN100_F1,T180_P10_H1000_I0600_F1,High,11
India,T180_P10_H1000_I0600_CN100_F1,T180_P10_H1000_I0600_F1,Low,335
India,T180_P10_H1000_I0600_CN100_F1,T180_P10_H1000_I0600_F1,Medium,395
India,T180_P10_H1000_I0800_CN030_F1,T180_P10_H1000_I0800_F1,High,11
India,T180_P10_H1000_I0800_CN030_F1,T180_P10_H1000_I0800_F1,Low,335
India,T180_P10_H1000_I0800_CN030_F1,T180_P10_H1000_I0800_F1,Medium,395
India,T180_P10_H1000_I0800_CN040_F1,T180_P10_H1000_I0800_F1,High,11
India,T180_P10_H1000_I0800_CN040_F1,T180_P10_H1000_I0800_F1,Low,335
India,T180_P10_H1000_I0800_CN040_F1,T180_P10_H1000_I0800_F1,Medium,395
India,T180_P10_H1000_I0800_CN050_F1,T180_P10_H1000_I0800_F1,High,11
India,T180_P10_H1000_I0800_CN050_F1,T180_P10_H1000_I0800_F1,Low,335
India,T180_P10_H1000_I0800_CN050_F1,T180_P10_H1000_I0800_F1,Medium,395
India,T180_P10_H1000_I0800_CN060_F1,T180_P10_H1000_I0800_F1,High,11
India,T180_P10_H1000_I0800_CN060_F1,T180_P10_H1000_I0800_F1,Low,335
India,T180_P10_H1000_I0800_CN060_F1,T180_P10_H1000_I0800_F1,Medium,395
India,T180_P10_H1000_I0800_CN070_F1,T180_P10_H1000_I0800_F1,High,11
India,T180_P10_H1000_I0800_CN070_F1,T180_P10_H1000_I0800_F1,Low,335
India,T180_P10_H1000_I0800_CN070_F1,T180_P10_H1000_I0800_F1,Medium,395
India,T180_P10_H1000_I0800_CN080_F1,T180_P10_H1000_I0800_F1,High,11
India,T180_P10_H1000_I0800_CN080_F1,T180_P10_H1000_I0800_F1,Low,335
India,T180_P10_H1000_I0800_CN080_F1,T180_P10_H1000_I0800_F1,Medium,395
India,T180_P10_H1000_I0800_CN090_F1,T180_P10_H1000_I0800_F1,High,11
India,T180_P10_H1000_I0800_CN090_F1,T180_P10_H1000_I0800_F1,Low,335
India,T180_P10_H1000_I0800_CN090_F1,T180_P10_H1000_I0800_F1,Medium,395
India,T180_P10_H1000_I0800_CN100_F1,T180_P10_H1000_I0800_F1,High,11
India,T180_P10_H1000_I0800_CN100_F1,T180_P10_H1000_I0800_F1,Low,335
India,T180_P10_H1000_I0800_CN100_F1,T180_P10_H1000_I0800_F1,Medium,395
India,T180_P10_H1000_I0986_CN030_F1,T180_P10_H1000_I0986_F1,High,11
India,T180_P10_H1000_I0986_CN030_F1,T180_P10_H1000_I0986_F1,Low,335
India,T180_P10_H1000_I0986_CN030_F1,T180_P10_H1000_I0986_F1,Medium,395
India,T180_P10_H1000_I0986_CN040_F1,T180_P10_H1000_I0986_F1,High,11
India,T180_P10_H1000_I0986_CN040_F1,T180_P10_H1000_I0986_F1,Low,335
India,T180_P10_H1000_I0986_CN040_F1,T180_P10_H1000_I0986_F1,Medium,395
India,T180_P10_H1000_I0986_CN050_F1,T180_P10_H1000_I0986_F1,High,11
India,T180_P10_H1000_I0986_CN050_F1,T180_P10_H1000_I0986_F1,Low,335
India,T180_P10_H1000_I0986_CN050_F1,T180_P10_H1000_I0986_F1,Medium,395
India,T180_P10_H1000_I0986_CN060_F1,T180_P10_H1000_I0986_F1,High,11
India,T180_P10_H1000_I0986_CN060_F1,T180_P10_H1000_I0986_F1,Low,335
India,T180_P10_H1000_I0986_CN060_F1,T180_P10_H1000_I0986_F1,Medium,395
India,T180_P10_H1000_I0986_CN070_F1,T180_P10_H1000_I0986_F1,High,11
India,T180_P10_H1000_I0986_CN070_F1,T180_P10_H1000_I0986_F1,Low,335
India,T180_P10_H1000_I0986_CN070_F1,T180_P10_H1000_I0986_F1,Medium,395
India,T180_P10_H1000_I0986_CN080_F1,T180_P10_H1000_I0986_F1,High,11
India,T180_P10_H1000_I0986_CN080_F1,T180_P10_H1000_I0986_F1,Low,335
India,T180_P10_H1000_I0986_CN080_F1,T180_P10_H1000_I0986_F1,Medium,395
India,T180_P10_H1000_I0986_CN090_F1,T180_P10_H1000_I0986_F1,High,11
India,T180_P10_H1000_I0986_CN090_F1,T180_P10_H1000_I0986_F1,Low,335
India,T180_P10_H1000_I0986_CN090_F1,T180_P10_H1000_I0986_F1,Medium,395
India,T180_P10_H1000_I0986_CN100_F1,T180_P10_H1000_I0986_F1,High,11
India,T180_P10_H1000_I0986_CN100_F1,T180_P10_H1000_I0986_F1,Low,335
India,T180_P10_H1000_I0986_CN100_F1,T180_P10_H1000_I0986_F1,Medium,395
