region,scenario_id,cn_fraction_percent,n_base_architectures,n_central_nodes_median,observation_success_percent_mean,observation_success_percent_median,observation_success_percent_bootstrap_low,observation_success_percent_bootstrap_high,s100_surviving_before_deadline_percent_mean,s100_surviving_before_deadline_percent_median,s100_surviving_before_deadline_percent_bootstrap_low,s100_surviving_before_deadline_percent_bootstrap_high,mean_surviving_coverage_deadline_percent_mean,mean_surviving_coverage_deadline_percent_median,mean_surviving_coverage_deadline_percent_bootstrap_low,mean_surviving_coverage_deadline_percent_bootstrap_high,p100_t100_surviving_min_mean,p100_t100_surviving_min_median,p100_t100_surviving_min_bootstrap_low,p100_t100_surviving_min_bootstrap_high,total_transferred_data_mbits_mean,total_transferred_data_mbits_median,total_transferred_data_mbits_bootstrap_low,total_transferred_data_mbits_bootstrap_high
India,nominal_original,30.0,27,54.0,87.7292947468386,94.46693657219973,81.35627530364374,92.93784675363622,0.2599090318388564,0.0,0.0099965012245714,0.6452741540460835,11.35199615146187,10.408805105901996,9.921604870275988,13.032213852849207,81.16302083333333,87.95833333333334,59.834895833333334,95.69583333333334,4543.185185185185,4602.0,4490.153240740741,4585.745833333333
India,nominal_original,40.0,27,72.0,87.57434897785775,95.27665317139001,81.7112760533813,92.44876793122405,0.149947518368571,0.0,0.019493177387914257,0.3448792922477133,11.20397737324332,9.941784518352872,9.823817382050771,12.918875916137562,90.13888888888887,89.35,84.85,96.21666666666665,4540.055555555556,4599.0,4490.456018518518,4582.9532407407405
India,nominal_original,50.0,27,90.0,87.19448193132403,94.73684210526315,80.83645723996601,92.99257759784076,0.0599790073474284,0.0,0.014869795571549965,0.12508122157244952,10.932492225444692,9.81745279836919,9.716609789485371,12.34557754483041,78.17552083333334,86.53333333333333,56.31822916666667,90.8,4526.592592592592,4587.0,4471.013888888889,4576.631018518518
India,nominal_original,60.0,27,108.0,85.8449542660069,92.98245614035088,79.76608187134504,91.60356375268654,0.054980756735142695,0.0,0.0,0.12495626530714252,10.676006257721758,9.72186157049392,9.529041892864159,12.118036471428933,88.48333333333333,88.88333333333334,84.01666666666667,92.55,4505.759259259259,4576.5,4445.092129629629,4556.209722222222
India,nominal_original,70.0,27,126.0,84.23551756885091,90.01349527665316,77.37679312240716,89.9635127705303,0.0599790073474284,0.0,0.0,0.1449492677562853,10.240031308867685,9.084414029988853,9.174077935888624,11.477133602055789,90.82268518518653,87.11666666666666,84.01666666666667,101.33472222222626,4450.407407407408,4510.5,4381.160185185186,4509.6717592592595
India,nominal_original,80.0,27,144.0,82.22622082271207,86.3697705802969,75.7328684960264,87.65432098765432,0.0199930024491428,0.0,0.0,0.044984255510571294,9.49220704592806,8.825892306582237,8.580205915268516,10.516410124778277,87.19444444444444,87.45,84.01666666666667,90.11666666666666,4345.62962962963,4405.5,4277.583796296296,4413.076388888889
India,nominal_original,90.0,27,162.0,76.2033288349078,75.97840755735493,69.89478682461139,82.20747738291598,0.0149947518368571,0.0,0.0,0.044984255510571294,7.4191574960110875,6.319368472912019,6.588303559099227,8.32524303656174,89.21666666666667,89.21666666666667,89.21666666666667,89.21666666666667,3947.962962962963,3962.5,3908.7907407407406,3993.180555555555
India,nominal_original,100.0,27,180.0,42.4701354525916,39.27125506072874,34.75271155095716,51.07849752586594,0.0,0.0,0.0,0.0,2.017796729782282,1.3912547671682984,1.5413980821125037,2.5911821071464893,,,,,2890.3333333333335,2895.0,2882.6111111111113,2895.0
India,unlimited_useful_deadline,30.0,27,54.0,89.63862648073174,96.221322537112,84.84942770030489,94.4870545309142,88.5040235917429,88.12415654520917,84.9250262408157,91.84460438846405,95.55212859136593,99.39155646466877,92.89830323045022,97.83788246653407,257.0827674897159,257.3875000000001,242.1364390432133,272.9569785236658,43975.61111111111,44940.0,42787.05138888889,45068.639814814815
India,unlimited_useful_deadline,40.0,27,72.0,90.81321537461888,98.24561403508771,85.2749037836757,95.97665816964064,92.95246663667716,98.38056680161942,89.3386064877293,95.87669315739491,97.43999713911617,99.89619017959099,95.15707793622396,99.17400192774804,226.5068415637917,213.7861111111124,208.30211998457185,245.503964120374,52759.0,53692.0,51471.50324074074,53847.55972222222
India,unlimited_useful_deadline,50.0,27,90.0,91.4679862048283,98.9203778677463,85.84945269155797,96.23256860098962,94.6168840905683,99.59514170040485,91.60793722197232,97.16136852101764,98.38233098291275,99.95847607183639,96.0565280198601,99.74816227437744,199.73675411523476,179.95347222225067,177.59536458333812,224.0694669495943,61331.01851851852,62031.5,59847.879166666666,62356.54722222222
India,unlimited_useful_deadline,60.0,27,108.0,91.77287949217772,99.32523616734143,86.3297845753986,96.71177587844254,95.69650622282201,99.86504723346829,92.91697905732994,98.17114010096465,98.71854568129902,100.0,96.67212875006676,99.91301905411181,185.72013888889666,166.16180555557548,162.707091692394,209.32173739712786,69751.85185185185,70489.5,68152.36203703703,70825.19166666667
India,unlimited_useful_deadline,70.0,27,126.0,91.84785325136201,99.32523616734143,85.91980306892587,96.87609336732145,96.11635927425404,99.86504723346829,93.32208726945568,98.34083070925176,98.87751070837885,100.0,97.1007758762064,99.96037559335493,174.1910236625609,156.42569444445436,151.00057291667775,202.1125122170867,77934.16666666667,78757.5,76323.31851851851,79022.64861111112
India,unlimited_useful_deadline,80.0,27,144.0,91.98280601789372,99.32523616734143,86.39276253311343,96.73314339981005,96.52121757384914,99.86504723346829,94.01659419203281,98.61161093617234,98.99342829248272,100.0,97.3048814795671,99.97817677006623,158.02811213992842,146.81736111111508,137.77457497428654,183.29603073560276,86377.01851851853,87499.5,84619.40601851852,87505.76296296297
India,unlimited_useful_deadline,90.0,27,162.0,92.00279902034288,99.32523616734143,86.38339081321539,96.83648223121907,96.77113010446345,99.86504723346829,94.36697155995404,98.71120107962214,99.05400521936217,100.0,97.4051406584248,99.97539357205962,149.08713991770273,137.65138888889317,126.78102559157112,173.942436985606,94576.29629629629,95780.5,92579.55972222221,95742.15555555555
India,unlimited_useful_deadline,100.0,27,180.0,92.0277902734043,99.46018893387314,86.62568101164592,97.18660968660969,97.04103563752687,99.86504723346829,94.67136502224221,98.8855150697256,99.13054325254696,100.0,97.65508346884317,99.9825595444272,142.03449074074985,134.25138888889074,119.62201838992917,167.51117862654974,102880.33333333333,104220.0,100753.30555555555,104112.03055555555
