metric_a,metric_b,pearson_r,spearman_rho,max_absolute_correlation,possible_double_counting,severe_redundancy_0p98
total_transferred_data_mbits,n_transfer_events,0.9988621940187086,0.9989542172262339,0.9989542172262339,True,True
n_transfer_events,node_sent_data_gini,-0.9808966915230503,-0.9765359059804378,0.9808966915230503,True,True
total_transferred_data_mbits,node_sent_data_gini,-0.9762190537300289,-0.9732584522889083,0.9762190537300289,True,False
observation_success_percent,s100_surviving_before_deadline_percent,0.8374186216607326,0.905747227651603,0.905747227651603,False,False
s100_surviving_before_deadline_percent,mean_surviving_coverage_deadline_percent,0.826042897624858,0.78977339187465,0.826042897624858,False,False
mean_surviving_coverage_deadline_percent,p100_t100_surviving_min,-0.6482522055024151,-0.8097314598559495,0.8097314598559495,False,False
s100_surviving_before_deadline_percent,p100_t100_surviving_min,-0.7096799500793276,-0.7333719511273452,0.7333719511273452,False,False
used_capacity_percent,peak_node_sent_data_mbits,0.7274660561655415,0.7147574735224222,0.7274660561655415,False,False
used_capacity_percent,cn_related_traffic_share_percent,-0.6110066344749736,-0.7157819354131061,0.7157819354131061,False,False
s100_surviving_before_deadline_percent,used_capacity_percent,-0.390499192028447,-0.7101624235759867,0.7101624235759867,False,False
total_transferred_data_mbits,cn_related_traffic_share_percent,0.5743556070487065,0.7073387154949803,0.7073387154949803,False,False
n_transfer_events,cn_related_traffic_share_percent,0.5726242504868526,0.7017406215885154,0.7017406215885154,False,False
observation_success_percent,used_capacity_percent,-0.26757736635426044,-0.6812195988958255,0.6812195988958255,False,False
observation_success_percent,mean_surviving_coverage_deadline_percent,0.6467393683272605,0.6679139567918262,0.6679139567918262,False,False
observation_success_percent,p100_t100_surviving_min,-0.527508128292293,-0.649242184294039,0.649242184294039,False,False
cn_related_traffic_share_percent,node_sent_data_gini,-0.5023426554079721,-0.6437984833324621,0.6437984833324621,False,False
p100_t100_surviving_min,total_transferred_data_mbits,-0.6053982320897703,-0.6348151011457328,0.6348151011457328,False,False
p100_t100_surviving_min,n_transfer_events,-0.5799645091188637,-0.6209436791848726,0.6209436791848726,False,False
observation_success_percent,peak_node_sent_data_mbits,-0.3863534818065169,-0.6141941186550915,0.6141941186550915,False,False
s100_surviving_before_deadline_percent,cn_related_traffic_share_percent,0.48204143926694554,0.6140020455611482,0.6140020455611482,False,False
p100_t100_surviving_min,node_sent_data_gini,0.5579446524726277,0.6048692544771147,0.6048692544771147,False,False
p100_t100_surviving_min,cn_related_traffic_share_percent,-0.4426656327869754,-0.5951747874134186,0.5951747874134186,False,False
p100_t100_surviving_min,used_capacity_percent,0.4906003586679265,0.5676170732019784,0.5676170732019784,False,False
s100_surviving_before_deadline_percent,peak_node_sent_data_mbits,-0.30498212140875136,-0.5628341718166081,0.5628341718166081,False,False
mean_surviving_coverage_deadline_percent,total_transferred_data_mbits,0.35588750117816853,0.5403518062779459,0.5403518062779459,False,False
observation_success_percent,cn_related_traffic_share_percent,0.21301017364056873,0.5383253279493142,0.5383253279493142,False,False
mean_surviving_coverage_deadline_percent,n_transfer_events,0.3147121892801781,0.5255593079200581,0.5255593079200581,False,False
mean_surviving_coverage_deadline_percent,cn_related_traffic_share_percent,0.23260383961021164,0.5136961664886452,0.5136961664886452,False,False
total_transferred_data_mbits,max_hops_seen,0.4336213761904052,0.5057087546129851,0.5057087546129851,False,False
n_transfer_events,max_hops_seen,0.4199053970265043,0.5011506643168513,0.5011506643168513,False,False
mean_surviving_coverage_deadline_percent,node_sent_data_gini,-0.25694522412113324,-0.4744497703149795,0.4744497703149795,False,False
observation_success_percent,max_hops_seen,0.44799245208570726,0.2223455246114695,0.44799245208570726,False,False
mean_surviving_coverage_deadline_percent,max_hops_seen,0.3799560510234355,0.4361092511942924,0.4361092511942924,False,False
s100_surviving_before_deadline_percent,total_transferred_data_mbits,0.43057419704316924,0.38178290693453376,0.43057419704316924,False,False
max_hops_seen,node_sent_data_gini,-0.35375216371091406,-0.41470844494085796,0.41470844494085796,False,False
s100_surviving_before_deadline_percent,n_transfer_events,0.39768356010525596,0.36431271310492125,0.39768356010525596,False,False
cn_related_traffic_share_percent,peak_node_sent_data_mbits,-0.33952261446831355,-0.3828395125188818,0.3828395125188818,False,False
mean_surviving_coverage_deadline_percent,used_capacity_percent,-0.0769990937195321,-0.37921470026520876,0.37921470026520876,False,False
p100_t100_surviving_min,max_hops_seen,-0.3030619232616095,-0.3769236835001959,0.3769236835001959,False,False
s100_surviving_before_deadline_percent,max_hops_seen,0.3667058159842902,0.26473231966990846,0.3667058159842902,False,False
total_transferred_data_mbits,used_capacity_percent,-0.32581289909421296,-0.3497997027963267,0.3497997027963267,False,False
n_transfer_events,used_capacity_percent,-0.32401500156713386,-0.3461280495510559,0.3461280495510559,False,False
used_capacity_percent,node_sent_data_gini,0.3309832778168346,0.345039831386418,0.345039831386418,False,False
s100_surviving_before_deadline_percent,node_sent_data_gini,-0.33684633488211463,-0.30962541825519874,0.33684633488211463,False,False
p100_t100_surviving_min,peak_node_sent_data_mbits,0.27262439193114063,0.2657171826987596,0.27262439193114063,False,False
observation_success_percent,total_transferred_data_mbits,0.1908488802024595,0.23718725539308266,0.23718725539308266,False,False
peak_node_sent_data_mbits,node_sent_data_gini,-0.22728142080916308,-0.23621448106506276,0.23621448106506276,False,False
cn_related_traffic_share_percent,max_hops_seen,0.17871930295360586,0.23513444364021863,0.23513444364021863,False,False
observation_success_percent,n_transfer_events,0.15726915366465816,0.21893327138492596,0.21893327138492596,False,False
mean_surviving_coverage_deadline_percent,peak_node_sent_data_mbits,-0.08011231637309181,-0.2163532364949216,0.2163532364949216,False,False
n_transfer_events,peak_node_sent_data_mbits,0.18471350809307188,0.19035080371497376,0.19035080371497376,False,False
total_transferred_data_mbits,peak_node_sent_data_mbits,0.1720354342292422,0.18004266095625088,0.18004266095625088,False,False
observation_success_percent,node_sent_data_gini,-0.08795849863087891,-0.15451894450292852,0.15451894450292852,False,False
used_capacity_percent,max_hops_seen,0.11785126471794626,0.03694065291627511,0.11785126471794626,False,False
max_hops_seen,peak_node_sent_data_mbits,0.11581906044635751,0.11307344755858222,0.11581906044635751,False,False
