region,scenario_id,event_name,priority_class,cn_fraction_percent,tasks,cases,base_architectures,horizon_min,pooled_km_event_probability,pooled_km_rmst_min,base_mean_event_probability,base_bootstrap_event_probability_low,base_bootstrap_event_probability_high,base_mean_rmst_min,base_bootstrap_rmst_low_min,base_bootstrap_rmst_high_min,base_mean_standardized_speed
India,nominal_original,follow_up_observation,High,30.0,297,27,27,60.0,0.5521885521885519,44.604152637485974,0.5521885521885521,0.40058922558922555,0.7239057239057239,44.60415263748597,39.76406986531987,48.75917789001122,0.25659745604190054
India,nominal_original,follow_up_observation,High,40.0,297,27,27,60.0,0.5319865319865316,43.602861952861964,0.531986531986532,0.3803872053872053,0.6835016835016835,43.60286195286195,38.86921296296296,48.79279601571268,0.27328563411896745
India,nominal_original,follow_up_observation,High,50.0,297,27,27,60.0,0.5319865319865317,43.689450056116726,0.5319865319865319,0.3771043771043771,0.686952861952862,43.68945005611673,38.46566638608305,48.88258417508418,0.27184249906472113
India,nominal_original,follow_up_observation,High,60.0,297,27,27,60.0,0.5016835016835011,44.73221099887767,0.5016835016835016,0.34006734006734013,0.6498316498316499,44.73221099887766,40.19600729517397,49.834500561167225,0.2544631500187057
India,nominal_original,follow_up_observation,High,70.0,297,27,27,60.0,0.5016835016835012,45.275757575757595,0.5016835016835016,0.3602693602693603,0.6599326599326599,45.27575757575759,40.48111251402918,50.20984287317621,0.24540404040404018
India,nominal_original,follow_up_observation,High,80.0,297,27,27,60.0,0.5117845117845117,45.19455667789003,0.5117845117845118,0.36355218855218857,0.6666666666666666,45.19455667789001,40.67622615039282,49.792697811447816,0.24675738870183317
India,nominal_original,follow_up_observation,High,90.0,297,27,27,60.0,0.3939393939393935,48.723400673400704,0.393939393939394,0.2793771043771044,0.5084175084175084,48.72340067340068,44.84740460157126,52.36150673400674,0.18794332210998865
India,nominal_original,follow_up_observation,High,100.0,297,27,27,60.0,0.22558922558922556,51.55084175084175,0.22558922558922564,0.12794612794612797,0.3265993265993266,51.550841750841755,47.87484427609427,55.26310465768799,0.14081930415263744
India,nominal_original,follow_up_observation,Low,30.0,9045,27,27,360.0,0.9816473189607519,169.57207665376734,0.9816473189607519,0.9590906578220012,0.9974599226091763,169.57207665376816,150.89628551686016,189.73592740003684,0.5289664537395329
India,nominal_original,follow_up_observation,Low,40.0,9045,27,27,360.0,0.980431177446103,166.02022480191567,0.9804311774461028,0.9559977888336098,0.9970176893311221,166.0202248019163,146.66339556845398,187.15677496775376,0.5388327088835658
India,nominal_original,follow_up_observation,Low,50.0,9045,27,27,360.0,0.9730237700386956,165.70078680670667,0.9730237700386956,0.9399613045881703,0.997567716970702,165.7007868067072,147.47298083655795,186.4603082273816,0.5397200366480355
India,nominal_original,follow_up_observation,Low,60.0,9045,27,27,360.0,0.966390270867883,160.1799373502851,0.9663902708678828,0.9238170259812052,0.9974571586511884,160.1799373502856,143.15640597936246,182.55731790123457,0.55505572958254
India,nominal_original,follow_up_observation,Low,70.0,9045,27,27,360.0,0.9641791044776123,156.61135986732913,0.9641791044776119,0.9238170259812051,0.9970149253731343,156.61135986733,136.6799152846876,179.05185245070936,0.5649684448129721
India,nominal_original,follow_up_observation,Low,80.0,9045,27,27,360.0,0.961083471531233,154.41024507094085,0.9610834715312327,0.9108761746821448,0.997346600331675,154.41024507094156,134.9407296388428,176.4089794545789,0.5710826525807179
India,nominal_original,follow_up_observation,Low,90.0,9045,27,27,360.0,0.9362078496406859,164.91883729500594,0.9362078496406854,0.8835489220563847,0.9766721945826424,164.91883729500643,147.40709222406488,185.79559452736322,0.5418921186249821
India,nominal_original,follow_up_observation,Low,100.0,9045,27,27,360.0,0.6046434494195716,261.8716067809096,0.6046434494195688,0.5059452736318408,0.7010945273631842,261.8716067809102,238.51496075179654,283.41815386032795,0.27257887005302717
India,nominal_original,follow_up_observation,Medium,30.0,10665,27,27,180.0,0.7978434130332868,99.04183622441032,0.7978434130332867,0.6974613220815756,0.8824449132676982,99.04183622441003,88.94641467416784,110.82841670573522,0.44976757653105537
India,nominal_original,follow_up_observation,Medium,40.0,10665,27,27,180.0,0.7965307079231134,97.466511954993,0.7965307079231132,0.6952390998593532,0.8845780590717303,97.46651195499291,87.41595260978274,109.28227418346611,0.45851937802781717
India,nominal_original,follow_up_observation,Medium,50.0,10665,27,27,180.0,0.7956868260665737,95.4952539459288,0.7956868260665731,0.6917744960150026,0.8865518049695267,95.49525394592902,84.3757334349117,107.69933005157053,0.4694708114115055
India,nominal_original,follow_up_observation,Medium,60.0,10665,27,27,180.0,0.776840131270512,97.72543991248612,0.7768401312705113,0.6797773089545246,0.8631270511017349,97.72543991248631,86.69724105328953,108.81568948273164,0.45708088937507607
India,nominal_original,follow_up_observation,Medium,70.0,10665,27,27,180.0,0.7485232067510557,101.5413252070636,0.7485232067510551,0.6506188466947963,0.8338654477262074,101.54132520706354,92.00571839349892,112.04390803250503,0.43588152662742474
India,nominal_original,follow_up_observation,Medium,80.0,10665,27,27,180.0,0.7131739334270983,105.01209720268787,0.7131739334270981,0.6227285513361466,0.7990670417252695,105.0120972026879,94.83581872167522,115.23964545241442,0.4165994599850672
India,nominal_original,follow_up_observation,Medium,90.0,10665,27,27,180.0,0.6245663384903901,117.77110642287838,0.6245663384903893,0.5263783403656823,0.7061533052039383,117.77110642287853,109.81450578215342,126.62315811064227,0.3457160754284526
India,nominal_original,follow_up_observation,Medium,100.0,10665,27,27,180.0,0.27763713080168817,149.46281762775436,0.27763713080168784,0.19208391936240035,0.37647444913267714,149.46281762775433,140.16207778559146,157.55314639006096,0.16965101317914255
India,nominal_original,full_dissemination_S100,High,30.0,297,27,27,60.0,0.0033670033670033517,59.967515432098764,0.003367003367003368,0.0,0.010101010101010104,59.967515432098764,59.9025462962963,60.0,0.0005414094650205703
India,nominal_original,full_dissemination_S100,High,40.0,297,27,27,60.0,0.0,60.0,0.0,0.0,0.0,60.0,60.0,60.0,0.0
India,nominal_original,full_dissemination_S100,High,50.0,297,27,27,60.0,0.0033670033670033517,59.95651655443322,0.003367003367003368,0.0,0.010101010101010104,59.95651655443322,59.869549663299665,60.0,0.0007247240927796827
India,nominal_original,full_dissemination_S100,High,60.0,297,27,27,60.0,0.0,60.0,0.0,0.0,0.0,60.0,60.0,60.0,0.0
India,nominal_original,full_dissemination_S100,High,70.0,297,27,27,60.0,0.0,60.0,0.0,0.0,0.0,60.0,60.0,60.0,0.0
India,nominal_original,full_dissemination_S100,High,80.0,297,27,27,60.0,0.0,60.0,0.0,0.0,0.0,60.0,60.0,60.0,0.0
India,nominal_original,full_dissemination_S100,High,90.0,297,27,27,60.0,0.0,60.0,0.0,0.0,0.0,60.0,60.0,60.0,0.0
India,nominal_original,full_dissemination_S100,High,100.0,297,27,27,60.0,0.0,60.0,0.0,0.0,0.0,60.0,60.0,60.0,0.0
India,nominal_original,full_dissemination_S100,Low,30.0,9045,27,27,360.0,0.0,360.0,0.0,0.0,0.0,360.0,360.0,360.0,0.0
India,nominal_original,full_dissemination_S100,Low,40.0,9045,27,27,360.0,0.0,360.0,0.0,0.0,0.0,360.0,360.0,360.0,0.0
India,nominal_original,full_dissemination_S100,Low,50.0,9045,27,27,360.0,0.0,360.0,0.0,0.0,0.0,360.0,360.0,360.0,0.0
India,nominal_original,full_dissemination_S100,Low,60.0,9045,27,27,360.0,0.0,360.0,0.0,0.0,0.0,360.0,360.0,360.0,0.0
India,nominal_original,full_dissemination_S100,Low,70.0,9045,27,27,360.0,0.0,360.0,0.0,0.0,0.0,360.0,360.0,360.0,0.0
India,nominal_original,full_dissemination_S100,Low,80.0,9045,27,27,360.0,0.0,360.0,0.0,0.0,0.0,360.0,360.0,360.0,0.0
India,nominal_original,full_dissemination_S100,Low,90.0,9045,27,27,360.0,0.0,360.0,0.0,0.0,0.0,360.0,360.0,360.0,0.0
India,nominal_original,full_dissemination_S100,Low,100.0,9045,27,27,360.0,0.0,360.0,0.0,0.0,0.0,360.0,360.0,360.0,0.0
India,nominal_original,full_dissemination_S100,Medium,30.0,10665,27,27,180.0,0.004781997187060183,179.53166471323644,0.004781997187060483,0.0,0.012001875293014544,179.5316647132364,178.8697429481169,180.0,0.0026018627042421194
India,nominal_original,full_dissemination_S100,Medium,40.0,10665,27,27,180.0,0.002812939521799951,179.7453039537428,0.002812939521800284,0.0,0.006844819503047359,179.7453039537428,179.41394749179562,180.0,0.0014149780347623153
India,nominal_original,full_dissemination_S100,Medium,50.0,10665,27,27,180.0,0.0010314111579934337,179.90156131166327,0.0010314111579934296,0.0,0.002250351617440208,179.9015613116633,179.78824535409177,180.0,0.0005468816018705525
India,nominal_original,full_dissemination_S100,Medium,60.0,10665,27,27,180.0,0.0010314111579934337,179.9054836693233,0.0010314111579934296,0.0,0.0023441162681668887,179.90548366932333,179.79575425847784,180.0,0.000525090725981503
India,nominal_original,full_dissemination_S100,Medium,70.0,10665,27,27,180.0,0.0011251758087200692,179.8892002656665,0.0011251758087201063,0.0,0.002719174871073595,179.88920026566652,179.72176863572437,180.0,0.0006155540796304315
India,nominal_original,full_dissemination_S100,Medium,80.0,10665,27,27,180.0,0.00037505860290676374,179.96487888732614,0.00037505860290670205,0.0,0.0008438818565400806,179.96487888732614,179.92067041725272,180.0,0.00019511729263255173
India,nominal_original,full_dissemination_S100,Medium,90.0,10665,27,27,180.0,0.0002812939521800173,179.9671749492108,0.00028129395218002553,0.0,0.0008438818565400766,179.96717494921083,179.90152484763243,180.0,0.00018236139327321155
India,nominal_original,full_dissemination_S100,Medium,100.0,10665,27,27,180.0,0.0,180.0,0.0,0.0,0.0,180.0,180.0,180.0,0.0
India,unlimited_useful_deadline,follow_up_observation,High,30.0,297,27,27,60.0,0.5656565656565656,41.53630751964084,0.5656565656565656,0.39057239057239057,0.7272727272727272,41.53630751964085,36.05835297418631,47.07213664421998,0.3077282080059859
India,unlimited_useful_deadline,follow_up_observation,High,40.0,297,27,27,60.0,0.5656565656565655,40.34579124579124,0.5656565656565656,0.3973063973063973,0.7340067340067341,40.34579124579124,34.90428731762065,45.920173961840625,0.3275701459034793
India,unlimited_useful_deadline,follow_up_observation,High,50.0,297,27,27,60.0,0.5690235690235684,39.47491582491586,0.569023569023569,0.41077441077441074,0.7206228956228956,39.474915824915826,33.54598765432099,45.42520061728394,0.3420847362514029
India,unlimited_useful_deadline,follow_up_observation,High,60.0,297,27,27,60.0,0.5690235690235688,39.22772166105501,0.569023569023569,0.40058922558922555,0.7306397306397308,39.227721661055,33.23799943883277,45.01416947250281,0.3462046389824167
India,unlimited_useful_deadline,follow_up_observation,High,70.0,297,27,27,60.0,0.5757575757575754,38.54219977553312,0.5757575757575757,0.41405723905723907,0.7340909090909091,38.542199775533106,32.37519500561167,44.98517115600448,0.35763000374111487
India,unlimited_useful_deadline,follow_up_observation,High,80.0,297,27,27,60.0,0.572390572390572,38.271268237934905,0.5723905723905723,0.4107744107744108,0.7273569023569023,38.27126823793491,31.92037037037037,44.6827721661055,0.36214552936775146
India,unlimited_useful_deadline,follow_up_observation,High,90.0,297,27,27,60.0,0.5690235690235687,38.45471380471383,0.569023569023569,0.4073232323232323,0.7306397306397306,38.454713804713805,31.973072390572394,44.952877384960715,0.3590881032547699
India,unlimited_useful_deadline,follow_up_observation,High,100.0,297,27,27,60.0,0.5723905723905719,38.05044893378228,0.5723905723905723,0.40395622895622896,0.7475589225589224,38.05044893378227,31.497373737373746,44.6384638047138,0.36582585110362886
India,unlimited_useful_deadline,follow_up_observation,Low,30.0,9045,27,27,360.0,0.9976782752902156,121.24703519439778,0.9976782752902156,0.9930348258706468,1.0,121.24703519439838,102.9315905196241,141.57017104293348,0.66320268001556
India,unlimited_useful_deadline,follow_up_observation,Low,40.0,9045,27,27,360.0,0.9982310668877833,114.67798968122312,0.9982310668877832,0.9946932006633499,1.0,114.67798968122351,95.70243688962591,136.33130403537868,0.6814500286632681
India,unlimited_useful_deadline,follow_up_observation,Low,50.0,9045,27,27,360.0,0.9998894416804864,109.64339414040873,0.9998894416804865,0.9996683250414593,1.0,109.64339414040906,91.49751533996681,131.38326990049748,0.6954350162766415
India,unlimited_useful_deadline,follow_up_observation,Low,60.0,9045,27,27,360.0,1.0,106.06075732448848,1.0,1.0,1.0,106.06075732448865,86.5206578220011,126.804997236042,0.7053867852097537
India,unlimited_useful_deadline,follow_up_observation,Low,70.0,9045,27,27,360.0,1.0,102.50431730237692,1.0,1.0,1.0,102.50431730237698,83.32716970702042,126.31089275843004,0.715265785271175
India,unlimited_useful_deadline,follow_up_observation,Low,80.0,9045,27,27,360.0,1.0,100.09934217799844,1.0,1.0,1.0,100.09934217799888,79.8398590381426,122.55120232172469,0.7219462717277809
India,unlimited_useful_deadline,follow_up_observation,Low,90.0,9045,27,27,360.0,1.0,98.4932614704254,1.0,1.0,1.0,98.49326147042564,77.28734660033166,121.4419734660033,0.7264076070265955
India,unlimited_useful_deadline,follow_up_observation,Low,100.0,9045,27,27,360.0,1.0,97.04461580983939,1.0,1.0,1.0,97.04461580983964,73.7858098396904,122.40175511332224,0.7304316227504455
India,unlimited_useful_deadline,follow_up_observation,Medium,30.0,10665,27,27,180.0,0.8196905766526019,95.9021894045944,0.8196905766526021,0.7169901547116739,0.9106657290201594,95.90218940459444,83.6064916783872,107.26744905453974,0.4672100588633642
India,unlimited_useful_deadline,follow_up_observation,Medium,40.0,10665,27,27,180.0,0.8412564463197375,88.69505860290667,0.8412564463197376,0.7449601500234414,0.9338982653539617,88.69505860290666,76.59392698077818,102.51753938115321,0.5072496744282964
India,unlimited_useful_deadline,follow_up_observation,Medium,50.0,10665,27,27,180.0,0.852039381153305,81.59578840443834,0.8520393811533054,0.7497421472105018,0.9393483356774498,81.59578840443817,68.74517803563053,96.13426418190339,0.546690064419788
India,unlimited_useful_deadline,follow_up_observation,Medium,60.0,10665,27,27,180.0,0.8576652601969058,77.5085232067512,0.8576652601969059,0.751038443506798,0.9398593530239101,77.50852320675104,64.1135763009845,92.89016229098297,0.5693970932958275
India,unlimited_useful_deadline,follow_up_observation,Medium,70.0,10665,27,27,180.0,0.8588842006563528,74.09839818721672,0.8588842006563526,0.7472972339428039,0.9458251289263948,74.09839818721672,59.760573839662406,89.85568006719797,0.5883422322932405
India,unlimited_useful_deadline,follow_up_observation,Medium,80.0,10665,27,27,180.0,0.8615096108766993,71.58548679481166,0.8615096108766996,0.7642733239568684,0.95171354899203,71.58548679481167,57.39846663541177,85.5349594467885,0.6023028511399351
India,unlimited_useful_deadline,follow_up_observation,Medium,90.0,10665,27,27,180.0,0.8619784341303331,70.01833098921696,0.8619784341303329,0.7657618377871545,0.9474988279418659,70.01833098921703,55.24463693545864,86.4472423816221,0.6110092722821276
India,unlimited_useful_deadline,follow_up_observation,Medium,100.0,10665,27,27,180.0,0.8623534927332397,68.48171276761992,0.8623534927332396,0.7576980778246603,0.9456188466947962,68.48171276761992,53.68751844038129,83.36967326926079,0.6195460401798893
India,unlimited_useful_deadline,full_dissemination_S100,High,30.0,297,27,27,60.0,0.6426395175883172,48.65820289913924,0.5095398428731763,0.3434343434343435,0.6823793490460156,50.68139075944757,46.51565955854957,54.507455317060334,0.15531015400920722
India,unlimited_useful_deadline,full_dissemination_S100,High,40.0,297,27,27,60.0,0.6248941361945136,47.02399413622236,0.5420875420875421,0.36700336700336705,0.7071548821548822,48.86599560419236,44.28497515666266,53.03974607183097,0.1855667399301273
India,unlimited_useful_deadline,full_dissemination_S100,High,50.0,297,27,27,60.0,0.7020752310265533,44.245408673832024,0.5993265993265993,0.42087542087542085,0.771043771043771,46.66185746352696,41.71024725262209,51.11395294379157,0.22230237560788402
India,unlimited_useful_deadline,full_dissemination_S100,High,60.0,297,27,27,60.0,0.7085182718373337,44.028103750708475,0.622895622895623,0.44781144781144777,0.7811447811447811,45.94559483726416,40.82972105312734,50.60934799382925,0.23424008604559732
India,unlimited_useful_deadline,full_dissemination_S100,High,70.0,297,27,27,60.0,0.7106305199432255,42.10272251142721,0.6329966329966331,0.4543771043771044,0.7845117845117846,44.61779913331165,39.148700741991775,49.47166093808722,0.2563700144448059
India,unlimited_useful_deadline,full_dissemination_S100,High,80.0,297,27,27,60.0,0.738933292020074,40.88585474868607,0.6531986531986532,0.478030303030303,0.8114478114478115,43.2393354844777,37.73828458193359,48.47946823559935,0.27934440859203835
India,unlimited_useful_deadline,full_dissemination_S100,High,90.0,297,27,27,60.0,0.7138463287730636,40.67534840308019,0.6565656565656566,0.4764309764309764,0.811489898989899,42.77251105633418,37.35753931928861,48.21151562166222,0.2871248157277636
India,unlimited_useful_deadline,full_dissemination_S100,High,100.0,297,27,27,60.0,0.708497823145251,39.64764584334856,0.6565656565656566,0.47474747474747475,0.8351010101010101,41.4428206617721,35.68087212219719,47.11101792867435,0.30928632230379827
India,unlimited_useful_deadline,full_dissemination_S100,Low,30.0,9045,27,27,360.0,0.9951055779165653,148.8395621747085,0.9914480157992884,0.9743440473978656,1.0,159.02491902347776,145.86771288653998,172.41568758826554,0.5582641138236728
India,unlimited_useful_deadline,full_dissemination_S100,Low,40.0,9045,27,27,360.0,0.9952637531891244,127.11665749731759,0.9923466663804169,0.9770399991412506,1.0,138.51676738571743,124.71292054119368,152.59987456646445,0.6152312017063405
India,unlimited_useful_deadline,full_dissemination_S100,Low,50.0,9045,27,27,360.0,0.997539842312571,111.51277399752462,0.9959538019126635,0.9878614057379905,1.0,122.42294837001697,108.67580821545248,138.6197567191497,0.6599362545277306
India,unlimited_useful_deadline,full_dissemination_S100,Low,60.0,9045,27,27,360.0,0.9986681810854585,101.73255516836275,0.9976700815289753,0.9930102445869257,1.0,111.91282860030557,98.79651155059123,128.22825828211495,0.6891310316658179
India,unlimited_useful_deadline,full_dissemination_S100,Low,70.0,9045,27,27,360.0,0.9996249597725996,93.88450407287336,0.9993622494072015,0.9980867482216047,1.0,103.6142370013281,89.57824900641948,119.95225356317546,0.7121826749963108
India,unlimited_useful_deadline,full_dissemination_S100,Low,80.0,9045,27,27,360.0,1.0,87.59929268439576,1.0,1.0,1.0,97.14995692819551,82.60947927664935,114.4986215250057,0.7301390085327902
India,unlimited_useful_deadline,full_dissemination_S100,Low,90.0,9045,27,27,360.0,1.0,82.80044908285156,1.0,1.0,1.0,91.95789007436888,77.04763177044647,109.43345980187532,0.7445614164600864
India,unlimited_useful_deadline,full_dissemination_S100,Low,100.0,9045,27,27,360.0,1.0,77.58462226092148,1.0,1.0,1.0,86.43638329636534,71.18195167540888,103.95141188149852,0.759898935287874
India,unlimited_useful_deadline,full_dissemination_S100,Medium,30.0,10665,27,27,180.0,0.9236871661481454,95.20198873994642,0.8086802033614289,0.7425001727735802,0.8634872354219284,112.03007361004549,104.83924938545378,119.96417354166732,0.3776107021664139
India,unlimited_useful_deadline,full_dissemination_S100,Medium,40.0,10665,27,27,180.0,0.9661014908422472,81.88613325130828,0.8906614239553404,0.830814300777863,0.9379215501946403,99.0458852028533,90.66109706364142,107.63781379195446,0.44974508220637055
India,unlimited_useful_deadline,full_dissemination_S100,Medium,50.0,10665,27,27,180.0,0.9783023030125221,71.62646970910998,0.9154726381539352,0.8604547320189654,0.9620913416136028,89.01817231994282,79.58468303203684,98.99883759310434,0.5054545982225399
India,unlimited_useful_deadline,full_dissemination_S100,Medium,60.0,10665,27,27,180.0,0.9860289224145723,66.05970105650758,0.9344121895023727,0.8821792631109389,0.9753261826059901,82.7663168343361,73.85879461594402,92.22205633809415,0.5401871286981328
India,unlimited_useful_deadline,full_dissemination_S100,Medium,70.0,10665,27,27,180.0,0.9883121675591362,60.31412864025761,0.9414363060379763,0.897704903399141,0.9796884389860603,77.6604154597596,68.53050179790671,87.3241503317676,0.56855324744578
India,unlimited_useful_deadline,full_dissemination_S100,Medium,80.0,10665,27,27,180.0,0.9878873831869643,56.92841695913146,0.946612229361544,0.8947361631485146,0.9831367306848162,73.27216784141105,63.70542297824561,83.93081292973339,0.5929324008810497
India,unlimited_useful_deadline,full_dissemination_S100,Medium,90.0,10665,27,27,180.0,0.9885458987658945,52.92915707356221,0.952658702525863,0.9099614256843833,0.9867767774048851,68.7177416180454,59.532718305090256,79.41960512134713,0.6182347687886367
India,unlimited_useful_deadline,full_dissemination_S100,Medium,100.0,10665,27,27,180.0,0.9894146353484914,48.35158049440395,0.9590432329678212,0.9237525809346023,0.9891461055686465,62.57198626994283,52.246577054618385,72.97559624147809,0.6523778540558731
