region,case_id,base_id,is_exact_pareto,rank1_acceptability_percent,top5_acceptability_percent,equal_family_score,equal_family_rank,reference_family_score,reference_family_rank,component_mission_success,component_observation_success,component_timeliness,component_resource_efficiency,component_robustness
India,T180_P10_H0500_I0986_CN050_F1,T180_P10_H0500_I0986_F1,True,27.02,46.94,0.8712765735195414,1,0.8728506820397067,1,1.0,1.0,0.7870107253155771,0.6008543126854352,0.9685178295966941
India,T180_P10_H0800_I0986_CN040_F1,T180_P10_H0800_I0986_F1,True,20.3,29.99,0.8558964387061605,10,0.8608843886196978,9,1.0,1.0,0.6881468983414584,0.6910942934600902,0.9002410017292541
India,T180_P10_H0500_I0800_CN090_F1,T180_P10_H0500_I0800_F1,True,15.01,37.21,0.8416894946555132,32,0.8424887793494908,37,1.0,1.0,0.9711047962980434,0.25332837085907495,0.9840143061204483
India,T180_P05_H0800_I0800_CN100_F1,T180_P05_H0800_I0800_F1,True,9.45,22.74,0.8250938106000717,56,0.8271536912833872,57,1.0,1.0,1.0,0.16666666666666666,0.9588023863336922
India,T180_P10_H0800_I0800_CN100_F1,T180_P10_H0800_I0800_F1,True,8.06,32.98,0.8278189636679214,51,0.8287949867446621,53,1.0,1.0,0.9919486132077546,0.16666666666666666,0.9804795384651857
India,T180_P05_H1000_I0800_CN070_F1,T180_P05_H1000_I0800_F1,True,5.65,12.62,0.8509263465221079,17,0.8509263465221077,20,1.0,1.0,0.821115649883174,0.43351608272736497,1.0
India,T180_P10_H0800_I0986_CN030_F1,T180_P10_H0800_I0986_F1,True,4.23,7.93,0.7565554529640365,110,0.783622953510173,97,1.0,1.0,0.5451262469289957,0.7790010288139179,0.45864998907726895
India,T180_P10_H0500_I0800_CN050_F1,T180_P10_H0500_I0800_F1,True,4.06,23.57,0.8662096001924713,2,0.8695748643695285,2,1.0,1.0,0.7964582778319926,0.601895006671507,0.9326947164588572
India,T180_P10_H0800_I0986_CN080_F1,T180_P10_H0800_I0986_F1,True,2.35,8.62,0.8459135904638272,24,0.8486191002490882,24,1.0,1.0,0.9423551293057811,0.3413230187185751,0.9458898042947795
India,T180_P10_H1000_I0986_CN030_F1,T180_P10_H1000_I0986_F1,True,2.09,6.56,0.7595017920746143,108,0.782596961111777,98,0.9919028340080969,1.0,0.4947927458584197,0.7808139272417095,0.5299994532648457
India,T180_P10_H0500_I0800_CN060_F1,T180_P10_H0500_I0800_F1,True,1.52,7.52,0.8591466665890797,8,0.862792713966823,7,1.0,1.0,0.8540316135335395,0.5146226669667232,0.927079052445136
India,T180_P05_H0800_I0600_CN030_F1,T180_P05_H0800_I0600_F1,True,0.14,0.37,0.6049216242164078,162,0.6046670341239742,162,0.6437246963562754,0.3580246913580246,0.5717372643045987,0.8023049708581924,0.6488164982049481
India,T180_P05_H1000_I0600_CN030_F1,T180_P05_H1000_I0600_F1,True,0.07,0.29,0.589006950020691,171,0.5836502197691865,175,0.5991902834008098,0.3611111111111113,0.4733544484899178,0.8050540186707154,0.7063248884309009
India,T180_P05_H0500_I0800_CN030_F1,T180_P05_H0500_I0800_F1,True,0.03,0.2,0.6321834995849104,149,0.6273225284624894,150,0.5668016194331983,0.7098765432098766,0.4217505846136004,0.7984677087862609,0.6640210418816153
India,T180_P10_H0500_I0800_CN030_F1,T180_P10_H0500_I0800_F1,True,0.02,7.42,0.7595997938062857,107,0.7855551861661466,95,1.0,1.0,0.5420428420606684,0.7750639741679795,0.4808921528027805
India,T180_P10_H0800_I0986_CN050_F1,T180_P10_H0800_I0986_F1,True,0.0,31.08,0.8658790688867517,3,0.8686221312718592,3,1.0,1.0,0.7803752380389293,0.6038813540969774,0.9451387522978519
India,T180_P10_H1000_I0986_CN100_F1,T180_P10_H1000_I0986_F1,False,0.0,30.59,0.8273292661978058,52,0.8283876293787968,54,1.0,1.0,0.9911469279421815,0.16666666666666666,0.9788327363801814
India,T180_P10_H1000_I0986_CN050_F1,T180_P10_H1000_I0986_F1,True,0.0,29.02,0.8658442731269378,4,0.8680553977674326,4,1.0,1.0,0.7681772883798444,0.6052665700647396,0.9557775071901045
India,T180_P10_H0500_I0800_CN040_F1,T180_P10_H0500_I0800_F1,False,0.0,21.32,0.8498819554534676,18,0.8552505991544382,13,1.0,1.0,0.6677816258671361,0.6890010254196125,0.8926271259805894
India,T180_P10_H0500_I0800_CN100_F1,T180_P10_H0500_I0800_F1,False,0.0,20.38,0.8248023004506967,57,0.8264856215777546,58,1.0,1.0,0.991011258127975,0.16666666666666666,0.9663335774588422
India,T180_P10_H0800_I0800_CN050_F1,T180_P10_H0800_I0800_F1,True,0.0,15.35,0.864384401716005,5,0.8677999657057004,5,1.0,1.0,0.7849904784458609,0.6052428099280713,0.9316887202060927
India,T180_P10_H1000_I0986_CN060_F1,T180_P10_H1000_I0986_F1,True,0.0,13.94,0.8590973692085756,9,0.8600782155550214,10,1.0,1.0,0.7965939476461346,0.518509825325658,0.9803830730710855
India,T180_P10_H0800_I0800_CN040_F1,T180_P10_H0800_I0800_F1,True,0.0,12.72,0.841609706257102,33,0.8481159525699318,26,1.0,1.0,0.6460004538772759,0.6921730036648315,0.8698750737434018
India,T180_P10_H0500_I0986_CN040_F1,T180_P10_H0500_I0986_F1,False,0.0,11.41,0.8405599709995435,35,0.8464867359092398,29,1.0,1.0,0.6338025042181301,0.6875326489735111,0.8814647018060767
India,T180_P10_H1000_I0986_CN040_F1,T180_P10_H1000_I0986_F1,True,0.0,10.85,0.8397601806299179,36,0.8472248795369913,28,1.0,1.0,0.6546364542324736,0.6934584270585867,0.8507060218585281
India,T180_P10_H0500_I0986_CN060_F1,T180_P10_H0500_I0986_F1,True,0.0,8.38,0.8605102044357876,7,0.8621673420987325,8,1.0,1.0,0.821584327423147,0.5141094480146878,0.9668572467411034
India,T180_P10_H1000_I0986_CN080_F1,T180_P10_H1000_I0986_F1,True,0.0,7.24,0.8474192981501251,21,0.8486991872182831,23,1.0,1.0,0.9213855094772117,0.34130876263657406,0.9744022186368397
India,T180_P10_H0500_I0986_CN030_F1,T180_P10_H0500_I0986_F1,False,0.0,6.27,0.7557203464490112,113,0.7821604774142283,99,1.0,1.0,0.5337398494311825,0.7736645021182161,0.4711973806956571
India,T180_P10_H1000_I0800_CN050_F1,T180_P10_H1000_I0800_F1,True,0.0,6.18,0.8621880586461229,6,0.8650224186363614,6,1.0,1.0,0.7610731235632218,0.6065543694721618,0.9433128001952313
India,T180_P05_H0800_I0800_CN080_F1,T180_P05_H0800_I0800_F1,True,0.0,5.39,0.8465151407358465,23,0.8483858803428717,25,1.0,1.0,0.9266050972383502,0.3433853985813841,0.9625852078594984
India,T180_P10_H1000_I0800_CN100_F1,T180_P10_H1000_I0800_F1,False,0.0,5.38,0.8238968263689488,58,0.8250127242671355,60,1.0,1.0,0.9751354231418117,0.16666666666666666,0.9776820420362655
India,T180_P10_H0800_I0986_CN070_F1,T180_P10_H0800_I0986_F1,True,0.0,4.57,0.8531559602287127,12,0.8558428659736828,12,1.0,1.0,0.8889480902624693,0.430569825780495,0.9462618851005986
India,T180_P10_H0800_I0800_CN030_F1,T180_P10_H0800_I0800_F1,True,0.0,3.76,0.731022351250354,121,0.7609959114945773,114,0.9959514170040487,1.0,0.4831991435535229,0.7794809835746176,0.39648021211958057
India,T180_P05_H0800_I0800_CN090_F1,T180_P05_H0800_I0800_F1,True,0.0,3.47,0.8335509796018291,44,0.8343647341049218,48,1.0,1.0,0.928615477212448,0.2554145108585522,0.9837249099381453
India,T180_P10_H0800_I0986_CN100_F1,T180_P10_H0800_I0986_F1,False,0.0,3.29,0.823188518203341,59,0.8242565279237422,61,1.0,1.0,0.97063611875806,0.16666666666666666,0.9786398055919786
India,T180_P05_H1000_I0800_CN100_F1,T180_P05_H1000_I0800_F1,False,0.0,2.63,0.8203731188461063,65,0.8227251518658412,67,1.0,1.0,0.9822395879585609,0.16666666666666666,0.9529593396053047
India,T180_P05_H1000_I0800_CN030_F1,T180_P05_H1000_I0800_F1,True,0.0,0.64,0.7190992878560118,127,0.7403215527225273,125,0.8987854251012145,0.9135802469135801,0.5201358671521112,0.7886547723422505,0.47434012777090273
India,T180_P05_H1000_I0986_CN100_F1,T180_P05_H1000_I0986_F1,False,0.0,0.36,0.8207245022280303,64,0.8229652555252845,65,1.0,1.0,0.98177091041857,0.16666666666666666,0.9551849340549148
India,T180_P10_H0500_I0800_CN070_F1,T180_P10_H0500_I0800_F1,False,0.0,0.35,0.8518537753808115,16,0.8545913254576845,17,1.0,1.0,0.8853960078541577,0.4286238705873608,0.9452489984625385
India,T180_P10_H1000_I0986_CN090_F1,T180_P10_H1000_I0986_F1,True,0.0,0.21,0.8347531632093178,42,0.835933830729258,44,1.0,1.0,0.9433023512812645,0.25407681516412656,0.9763866496011981
India,T180_P05_H0500_I0600_CN030_F1,T180_P05_H0500_I0600_F1,True,0.0,0.17,0.5936945965226802,169,0.5943915029362906,169,0.6234817813765182,0.3611111111111113,0.5749563389871353,0.799380098034324,0.6095436531043125
India,T180_P10_H1000_I0800_CN030_F1,T180_P10_H1000_I0800_F1,True,0.0,0.05,0.7064240121365931,130,0.7340194107360575,127,0.931174089068826,1.0,0.43997967419516215,0.7817001803394373,0.37926611707954033
India,T180_P05_H0800_I0800_CN030_F1,T180_P05_H0800_I0800_F1,True,0.0,0.03,0.7067403236038072,129,0.7320985961864177,130,0.9149797570850203,0.9320987654320988,0.4921878854256624,0.7866209046434435,0.40781430543281133
India,T180_P03_H1000_I0986_CN030_F1,T180_P03_H1000_I0986_F1,False,0.0,0.01,0.4032507417627545,198,0.380996284777664,201,0.19028340080971698,0.15740740740740733,0.23443990567250728,0.7987504544126138,0.635372540511527
India,T180_P03_H0500_I0600_CN030_F1,T180_P03_H0500_I0600_F1,False,0.0,0.0,0.522338206841902,185,0.5357431177368179,184,0.5384615384615385,0.7932098765432098,0.2334803500774827,0.7761759485640561,0.2703633205632233
India,T180_P03_H0500_I0600_CN040_F1,T180_P03_H0500_I0600_F1,False,0.0,0.0,0.5846335120026326,173,0.6056048451005674,160,0.7206477732793524,0.8858024691358025,0.33494903748432425,0.6805471687930291,0.3012211113206546
India,T180_P03_H0500_I0600_CN050_F1,T180_P03_H0500_I0600_F1,False,0.0,0.0,0.6034082109055805,164,0.6319929017827378,149,0.8299595141700405,0.9197530864197531,0.41926166020387545,0.5898010971073392,0.2582656966268945
India,T180_P03_H0500_I0600_CN060_F1,T180_P03_H0500_I0600_F1,False,0.0,0.0,0.6648504201103813,138,0.6933983415068261,136,0.9554655870445344,0.9444444444444443,0.5354172216796005,0.5044176882676857,0.38450715911564176
India,T180_P03_H0500_I0600_CN070_F1,T180_P03_H0500_I0600_F1,False,0.0,0.0,0.7448142768686342,119,0.7558693218001581,118,0.9554655870445344,0.9629629629629627,0.6510843718241717,0.4201937740974458,0.734364688414056
India,T180_P03_H0500_I0600_CN080_F1,T180_P03_H0500_I0600_F1,False,0.0,0.0,0.7602537772154998,106,0.7647961606967086,112,0.9554655870445344,0.9660493827160495,0.6793752281720329,0.33576077072452465,0.8646179174203573
India,T180_P03_H0500_I0600_CN090_F1,T180_P03_H0500_I0600_F1,False,0.0,0.0,0.763685635854392,103,0.7644882136356776,113,0.9554655870445344,0.9660493827160495,0.7059171772785989,0.2515820008139544,0.939414031418823
India,T180_P03_H0500_I0600_CN100_F1,T180_P03_H0500_I0600_F1,False,0.0,0.0,0.729591526927517,125,0.7335533907283561,128,0.9554655870445344,0.9660493827160495,0.6830629803945499,0.1671513734547001,0.8762283110277508
India,T180_P03_H0500_I0800_CN030_F1,T180_P03_H0500_I0800_F1,False,0.0,0.0,0.34031687532805754,208,0.3473410335129782,206,0.2024291497975714,0.5586419753086418,0.09276608550652798,0.7858011799283869,0.06194598609915979
India,T180_P03_H0500_I0800_CN040_F1,T180_P03_H0500_I0800_F1,False,0.0,0.0,0.3981467129621671,200,0.4081257659237861,198,0.3805668016194335,0.6388888888888887,0.09987025032308028,0.6904218815923772,0.18098574238705598
India,T180_P03_H0500_I0800_CN050_F1,T180_P03_H0500_I0800_F1,False,0.0,0.0,0.39979015154479136,199,0.43258367381199786,195,0.6558704453441297,0.7438271604938271,0.002010379974147214,0.5972427719118526,0.0
India,T180_P03_H0500_I0800_CN060_F1,T180_P03_H0500_I0800_F1,False,0.0,0.0,0.43503173314002896,193,0.46440257512752614,191,0.7368421052631577,0.7685185185185186,0.009114544790761125,0.511258231614491,0.14942526551321664
India,T180_P03_H0500_I0800_CN070_F1,T180_P03_H0500_I0800_F1,False,0.0,0.0,0.4634202255996051,189,0.48968919916600795,189,0.8178137651821862,0.7808641975308641,0.0,0.4259888714308457,0.2924342938541295
India,T180_P03_H0500_I0800_CN080_F1,T180_P03_H0500_I0800_F1,False,0.0,0.0,0.5723202696026742,179,0.591994286530552,173,0.8502024291497976,0.7901234567901234,0.4238695004390086,0.3406838710421976,0.45672209059224417
India,T180_P03_H0500_I0800_CN090_F1,T180_P03_H0500_I0800_F1,False,0.0,0.0,0.5974863025310602,167,0.6094699491317027,157,0.8663967611336034,0.7839506172839508,0.4547652172197606,0.25559508789723134,0.626723829120755
India,T180_P03_H0500_I0800_CN100_F1,T180_P03_H0500_I0800_F1,False,0.0,0.0,0.5857512805766737,172,0.6016201513769617,164,0.8947368421052632,0.8055555555555556,0.48070281897212275,0.17040176015092437,0.5773594260995025
India,T180_P03_H0500_I0986_CN030_F1,T180_P03_H0500_I0986_F1,True,0.0,0.0,0.23971164689221675,216,0.22302528170637578,216,0.0,0.0,0.03149759741093072,0.8333333333333334,0.33372730371681963
India,T180_P03_H0500_I0986_CN040_F1,T180_P03_H0500_I0986_F1,False,0.0,0.0,0.27182343624466554,215,0.25185801483118836,213,0.08097165991902838,0.0,0.04096981716643,0.7568956159492973,0.480280088188572
India,T180_P03_H0500_I0986_CN050_F1,T180_P03_H0500_I0986_F1,False,0.0,0.0,0.28650413062685126,211,0.2613445527345611,210,0.10121457489878549,0.0,0.048665995717773414,0.6782339497731078,0.6044061327445897
India,T180_P03_H0500_I0986_CN060_F1,T180_P03_H0500_I0986_F1,False,0.0,0.0,0.2854362787956794,212,0.2602269758147477,211,0.13360323886639702,0.0,0.05511647870230796,0.6006723779246607,0.6377892984850314
India,T180_P03_H0500_I0986_CN070_F1,T180_P03_H0500_I0986_F1,False,0.0,0.0,0.2906242840714944,209,0.26274116798526587,209,0.1619433198380572,0.0,0.05002269385968117,0.521549765097106,0.7196056415626275
India,T180_P03_H0500_I0986_CN080_F1,T180_P03_H0500_I0986_F1,False,0.0,0.0,0.28930207963062105,210,0.2577727322940082,212,0.1619433198380572,0.0,0.04925800945249226,0.44277880229224226,0.7925302665703133
India,T180_P03_H0500_I0986_CN090_F1,T180_P03_H0500_I0986_F1,False,0.0,0.0,0.2728777568705339,214,0.24626897693375,215,0.19838056680161964,0.0,0.06932480833556143,0.3661272436781913,0.730556165537297
India,T180_P03_H0500_I0986_CN100_F1,T180_P03_H0500_I0986_F1,False,0.0,0.0,0.27510755979441537,213,0.24905578909919635,214,0.2469635627530365,0.0,0.07642897315218367,0.28414628640943945,0.7679989766574173
India,T180_P03_H0800_I0600_CN030_F1,T180_P03_H0800_I0600_F1,False,0.0,0.0,0.5097203139782592,187,0.5236240590634218,187,0.48582995951417035,0.8518518518518519,0.2273332741319879,0.7758314265823657,0.20775505781092024
India,T180_P03_H0800_I0600_CN040_F1,T180_P03_H0800_I0600_F1,False,0.0,0.0,0.575963563626597,176,0.5924785348838506,172,0.6558704453441297,0.9104938271604937,0.3059477646548442,0.6819347607744582,0.32557102019905926
India,T180_P03_H0800_I0600_CN050_F1,T180_P03_H0800_I0600_F1,False,0.0,0.0,0.5557594643709827,181,0.5936205610119817,170,0.8056680161943321,0.9444444444444443,0.38622976053049063,0.5940090173112962,0.048446083374349684
India,T180_P03_H0800_I0600_CN060_F1,T180_P03_H0800_I0600_F1,False,0.0,0.0,0.6557904544751831,141,0.685493470151303,141,0.9554655870445344,0.9567901234567904,0.4968129927281526,0.5084782956242994,0.36140527352213886
India,T180_P03_H0800_I0600_CN070_F1,T180_P03_H0800_I0600_F1,False,0.0,0.0,0.7221432125851888,126,0.7365568786072364,126,0.9554655870445344,0.9660493827160495,0.5987404907794571,0.4232683357823246,0.6671922666035773
India,T180_P03_H0800_I0600_CN080_F1,T180_P03_H0800_I0600_F1,False,0.0,0.0,0.7559057024188487,112,0.7609740507188985,115,0.9554655870445344,0.9660493827160495,0.6656355760787551,0.3382793452113651,0.8540986210435388
India,T180_P03_H0800_I0600_CN090_F1,T180_P03_H0800_I0600_F1,False,0.0,0.0,0.7664118716267426,100,0.7675249924659608,105,0.9554655870445344,0.9660493827160495,0.7241363999645605,0.25320481814839974,0.9332031702601686
India,T180_P03_H0800_I0600_CN100_F1,T180_P03_H0800_I0600_F1,False,0.0,0.0,0.7563076586155056,111,0.7571504531216361,116,0.9554655870445344,0.9660493827160495,0.753157406585243,0.16825621980977634,0.9386096969219248
India,T180_P03_H0800_I0800_CN030_F1,T180_P03_H0800_I0800_F1,False,0.0,0.0,0.5487301531980576,184,0.5780399997003294,179,0.6761133603238869,0.867283950617284,0.337428094998502,0.772908929772164,0.089916430278451
India,T180_P03_H0800_I0800_CN040_F1,T180_P03_H0800_I0800_F1,False,0.0,0.0,0.6500553300929941,142,0.6861493079129423,140,0.9554655870445344,0.9444444444444443,0.43334418691852084,0.6834364014118952,0.2335860306455762
India,T180_P03_H0800_I0800_CN050_F1,T180_P03_H0800_I0800_F1,False,0.0,0.0,0.7531435152679535,116,0.7671357799557573,106,0.9554655870445344,0.9537037037037036,0.5834690031475365,0.5974589891555343,0.6756202932884587
India,T180_P03_H0800_I0800_CN060_F1,T180_P03_H0800_I0800_F1,False,0.0,0.0,0.7767839304301475,94,0.783826045643454,96,0.9554655870445344,0.9629629629629627,0.6394266346979975,0.5114411846668371,0.8146232827784063
India,T180_P03_H0800_I0800_CN070_F1,T180_P03_H0800_I0800_F1,False,0.0,0.0,0.7702947285217959,98,0.7744296990947935,103,0.9554655870445344,0.9598765432098764,0.6378849322638435,0.42548040450614383,0.8727661755845816
India,T180_P03_H0800_I0800_CN080_F1,T180_P03_H0800_I0800_F1,False,0.0,0.0,0.7642735448771234,102,0.7661182603978678,108,0.9554655870445344,0.9598765432098764,0.6480725019487833,0.3393818155527744,0.9185712766296487
India,T180_P03_H0800_I0800_CN090_F1,T180_P03_H0800_I0800_F1,False,0.0,0.0,0.7532795305811308,115,0.7538750796571282,120,0.9554655870445344,0.9598765432098764,0.6541036418712405,0.253397275255413,0.9435546055245905
India,T180_P03_H0800_I0800_CN100_F1,T180_P03_H0800_I0800_F1,False,0.0,0.0,0.741834780884155,120,0.7429972109251395,123,0.9554655870445344,0.9598765432098764,0.694249573256807,0.16736521468471488,0.9322169862248421
India,T180_P03_H0800_I0986_CN030_F1,T180_P03_H0800_I0986_F1,True,0.0,0.0,0.35866457354378767,206,0.3396410873886881,208,0.16599190283400853,0.061728395061728454,0.2095629951948399,0.8095779486923608,0.5464616259360007
India,T180_P03_H0800_I0986_CN040_F1,T180_P03_H0800_I0986_F1,False,0.0,0.0,0.35384384733423346,207,0.34517019994066633,207,0.2874493927125507,0.06790123456790133,0.23443990567250728,0.7185063631343152,0.4609223405838929
India,T180_P03_H0800_I0986_CN050_F1,T180_P03_H0800_I0986_F1,False,0.0,0.0,0.3618215445420625,205,0.3579297151526266,205,0.3886639676113362,0.07098765432098769,0.253976358918225,0.6289791864597091,0.46650055540005464
India,T180_P03_H0800_I0986_CN060_F1,T180_P03_H0800_I0986_F1,False,0.0,0.0,0.38288776282087944,202,0.3777800785340554,203,0.4534412955465588,0.08333333333333327,0.2800249632458486,0.5420442406956153,0.5555949812830413
India,T180_P03_H0800_I0986_CN070_F1,T180_P03_H0800_I0986_F1,False,0.0,0.0,0.3701507990068601,203,0.3729338193904929,204,0.5425101214574899,0.0771604938271604,0.2880171486645513,0.45621651730026463,0.48684971378483427
India,T180_P03_H0800_I0986_CN080_F1,T180_P03_H0800_I0986_F1,False,0.0,0.0,0.36867887195996735,204,0.3782573106147562,202,0.639676113360324,0.09567901234567903,0.29068121047078554,0.3692506833585021,0.44810734026454613
India,T180_P03_H0800_I0986_CN090_F1,T180_P03_H0800_I0986_F1,False,0.0,0.0,0.3872697116038216,201,0.39859289916779217,200,0.7327935222672068,0.08950617283950615,0.32477133469481445,0.2829477572297853,0.5063297709877951
India,T180_P03_H0800_I0986_CN100_F1,T180_P03_H0800_I0986_F1,False,0.0,0.0,0.41450158091892586,196,0.4203923452495618,197,0.7813765182186236,0.09567901234567903,0.3349564376559989,0.19693470476842181,0.6635612316059061
India,T180_P03_H1000_I0600_CN030_F1,T180_P03_H1000_I0600_F1,False,0.0,0.0,0.5077099193278432,188,0.5173821328210283,188,0.43724696356275305,0.867283950617284,0.21158324206456924,0.778632746695559,0.2438026936990505
India,T180_P03_H1000_I0600_CN040_F1,T180_P03_H1000_I0600_F1,False,0.0,0.0,0.5654069630896617,180,0.5820767523701664,178,0.6234817813765182,0.9320987654320988,0.2957601949698896,0.6856080779033785,0.2900859957664232
India,T180_P03_H1000_I0600_CN050_F1,T180_P03_H1000_I0600_F1,False,0.0,0.0,0.5488121723551675,183,0.5835838441769099,176,0.777327935222672,0.9382716049382716,0.3491672340132045,0.5973995888138635,0.08189449878782676
India,T180_P03_H1000_I0600_CN060_F1,T180_P03_H1000_I0600_F1,False,0.0,0.0,0.6309427508450122,150,0.6643149329552502,144,0.9392712550607287,0.9629629629629627,0.4698023660816075,0.5108495572637962,0.2718276128559656
India,T180_P03_H1000_I0600_CN070_F1,T180_P03_H1000_I0600_F1,False,0.0,0.0,0.6872766080436635,134,0.706603009288502,134,0.9554655870445344,0.9660493827160495,0.5206045446921673,0.4253259636177999,0.5689375621477668
India,T180_P03_H1000_I0600_CN080_F1,T180_P03_H1000_I0600_F1,False,0.0,0.0,0.7516642422251862,117,0.7571459485145113,117,0.9554655870445344,0.9660493827160495,0.6509585689054936,0.3400162112018183,0.8458314612580357
India,T180_P03_H1000_I0600_CN090_F1,T180_P03_H1000_I0600_F1,False,0.0,0.0,0.7651672261774227,101,0.7653515155280496,111,0.9554655870445344,0.9660493827160495,0.6978657904863648,0.25467557060816787,0.9517798000319971
India,T180_P03_H1000_I0600_CN100_F1,T180_P03_H1000_I0600_F1,False,0.0,0.0,0.7543267857354093,114,0.7553587737036362,119,0.9554655870445344,0.9660493827160495,0.7460532417686219,0.1692398894678442,0.9348258276799968
India,T180_P03_H1000_I0800_CN030_F1,T180_P03_H1000_I0800_F1,False,0.0,0.0,0.584398129571861,174,0.6050633273394634,161,0.6801619433198383,0.8796296296296294,0.31873032787696076,0.7766107590650861,0.26685798796779053
India,T180_P03_H1000_I0800_CN040_F1,T180_P03_H1000_I0800_F1,False,0.0,0.0,0.6432286358613055,145,0.680146098383108,142,0.9514170040485828,0.9629629629629627,0.40231280032368333,0.6863826583587652,0.2130677536125336
India,T180_P03_H1000_I0800_CN050_F1,T180_P03_H1000_I0800_F1,False,0.0,0.0,0.7300362420060191,124,0.7485729966012944,121,0.9554655870445344,0.9660493827160495,0.5440532220347828,0.5998825230957014,0.5847304951390269
India,T180_P03_H1000_I0800_CN060_F1,T180_P03_H1000_I0800_F1,False,0.0,0.0,0.7827540904720299,89,0.7876447857614606,92,0.9554655870445344,0.9660493827160495,0.6211358770190002,0.5134679243246435,0.8576516812559223
India,T180_P03_H1000_I0800_CN070_F1,T180_P03_H1000_I0800_F1,False,0.0,0.0,0.7956624036201038,79,0.7980593122585008,81,0.9554655870445344,0.9660493827160495,0.7221260199904178,0.4271436140729253,0.9075274142765917
India,T180_P03_H1000_I0800_CN080_F1,T180_P03_H1000_I0800_F1,False,0.0,0.0,0.7845956787924189,88,0.7871810814716106,93,0.9554655870445344,0.9660493827160495,0.7570671639582832,0.3406387267825279,0.9037575334606992
India,T180_P03_H1000_I0800_CN090_F1,T180_P03_H1000_I0800_F1,False,0.0,0.0,0.7730232859032979,97,0.7746336952879892,102,0.9554655870445344,0.9660493827160495,0.7661817087490677,0.2541623516561325,0.9232573993507049
India,T180_P03_H1000_I0800_CN100_F1,T180_P03_H1000_I0800_F1,False,0.0,0.0,0.7701847868391536,99,0.7699609638602677,104,0.9554655870445344,0.9660493827160495,0.8017025328321874,0.16776438498074242,0.9599420466222544
India,T180_P03_H1000_I0986_CN040_F1,T180_P03_H1000_I0986_F1,False,0.0,0.0,0.4140605504380326,197,0.40800888612661623,199,0.37246963562753044,0.1882716049382714,0.3125733850358905,0.7034852047326119,0.49350292185585876
India,T180_P03_H1000_I0986_CN050_F1,T180_P03_H1000_I0986_F1,False,0.0,0.0,0.4243837483823471,195,0.42451096637255126,196,0.4777327935222672,0.20370370370370383,0.3522481721576374,0.6130456388099431,0.47518843371818414
India,T180_P03_H1000_I0986_CN060_F1,T180_P03_H1000_I0986_F1,False,0.0,0.0,0.43264048826974466,194,0.4417513015612421,194,0.6072874493927125,0.24382716049382713,0.3627687495683658,0.524247898331054,0.42507118356276413
India,T180_P03_H1000_I0986_CN070_F1,T180_P03_H1000_I0986_F1,False,0.0,0.0,0.44080801736087316,192,0.44996412480629244,193,0.6720647773279351,0.24382716049382713,0.3613627169483882,0.43784280361466354,0.4889426284195521
India,T180_P03_H1000_I0986_CN080_F1,T180_P03_H1000_I0986_F1,False,0.0,0.0,0.44192597693170815,191,0.4614141728023241,192,0.8097165991902835,0.24691358024691348,0.38160218650410593,0.3514448369392735,0.4199526817779642
India,T180_P03_H1000_I0986_CN090_F1,T180_P03_H1000_I0986_F1,False,0.0,0.0,0.4518440882137926,190,0.47194829767330343,190,0.8663967611336034,0.27469135802469136,0.3887063513207263,0.26511339864655475,0.46431257194338726
India,T180_P03_H1000_I0986_CN100_F1,T180_P03_H1000_I0986_F1,False,0.0,0.0,0.5178265952538335,186,0.5261773277225272,186,0.9554655870445344,0.271604938271605,0.3942688137031606,0.17934269957920798,0.7884509376706595
India,T180_P05_H0500_I0600_CN040_F1,T180_P05_H0500_I0600_F1,True,0.0,0.0,0.6290617552072509,153,0.6211924682083705,153,0.6356275303643723,0.3858024691358025,0.6218536936724366,0.70901181252166,0.7930132703419839
India,T180_P05_H0500_I0600_CN050_F1,T180_P05_H0500_I0600_F1,True,0.0,0.0,0.6490769120557252,143,0.637546258006043,146,0.639676113360324,0.40123456790123463,0.7158334073351245,0.6183512773279758,0.8702891943539668
India,T180_P05_H0500_I0600_CN060_F1,T180_P05_H0500_I0600_F1,False,0.0,0.0,0.6367775082979731,147,0.6238858586188694,151,0.6477732793522267,0.3765432098765431,0.7266351912698605,0.5273295880569333,0.905606272934302
India,T180_P05_H0500_I0600_CN070_F1,T180_P05_H0500_I0600_F1,False,0.0,0.0,0.6305064819408571,151,0.6167931301766445,155,0.6437246963562754,0.36419753086419765,0.7886782306682816,0.4379402201750036,0.9179917316405269
India,T180_P05_H0500_I0600_CN080_F1,T180_P05_H0500_I0600_F1,False,0.0,0.0,0.6114806430191464,160,0.598154534002598,168,0.6477732793522267,0.38271604938271614,0.7652912214229363,0.34732720525465605,0.9142954596831976
India,T180_P05_H0500_I0600_CN090_F1,T180_P05_H0500_I0600_F1,False,0.0,0.0,0.5894892899679556,170,0.5751806704820914,181,0.6477732793522267,0.3549382716049383,0.7533646113924096,0.2574246184206909,0.9339456690695127
India,T180_P05_H0500_I0600_CN100_F1,T180_P05_H0500_I0600_F1,False,0.0,0.0,0.549385560304894,182,0.5353068568565454,185,0.6477732793522267,0.3395061728395062,0.6632921883788481,0.16700881263469028,0.9293473483191991
India,T180_P05_H0500_I0800_CN040_F1,T180_P05_H0500_I0800_F1,True,0.0,0.0,0.6720594400876528,136,0.6731609841088021,143,0.6680161943319838,0.8364197530864198,0.5060533404375603,0.7038225986733019,0.6459853139089982
India,T180_P05_H0500_I0800_CN050_F1,T180_P05_H0500_I0800_F1,False,0.0,0.0,0.6942935386140652,133,0.7061373992421589,135,0.8137651821862348,0.9351851851851852,0.5364803796782058,0.6091489763963408,0.5768879696243587
India,T180_P05_H0500_I0800_CN060_F1,T180_P05_H0500_I0800_F1,False,0.0,0.0,0.7063821114761966,131,0.7238604705339828,132,0.9149797570850203,0.9598765432098764,0.5735429061954942,0.5180987749612964,0.5654125759292957
India,T180_P05_H0500_I0800_CN070_F1,T180_P05_H0500_I0800_F1,False,0.0,0.0,0.7126742945931521,128,0.7303796994472276,131,0.9635627530364371,0.9660493827160495,0.5937823757511895,0.43052230550715836,0.6094546559549255
India,T180_P05_H0500_I0800_CN080_F1,T180_P05_H0500_I0800_F1,False,0.0,0.0,0.7306503392903203,123,0.7452159247610017,122,1.0,0.9845679012345678,0.6181782750693872,0.34181722956127586,0.7086882905863704
India,T180_P05_H0500_I0800_CN090_F1,T180_P05_H0500_I0800_F1,False,0.0,0.0,0.7307931550308028,122,0.7414928898328974,124,1.0,0.9907407407407406,0.6226677125576732,0.25455201789749266,0.7860053039581075
India,T180_P05_H0500_I0800_CN100_F1,T180_P05_H0500_I0800_F1,False,0.0,0.0,0.7636658725279611,104,0.7656441021455556,110,1.0,0.9969135802469137,0.6943137080781128,0.16666666666666666,0.9604354076481125
India,T180_P05_H0500_I0986_CN030_F1,T180_P05_H0500_I0986_F1,False,0.0,0.0,0.6279517305814614,154,0.6629516016304046,145,0.9230769230769229,0.9969135802469137,0.22916851670961602,0.7675201307757922,0.22307950209806224
India,T180_P05_H0500_I0986_CN040_F1,T180_P05_H0500_I0986_F1,False,0.0,0.0,0.7500026482309899,118,0.7666104611592832,107,0.9959514170040487,1.0,0.40724131466518376,0.6830253510475336,0.6637951584381837
India,T180_P05_H0500_I0986_CN050_F1,T180_P05_H0500_I0986_F1,False,0.0,0.0,0.7950484531341446,80,0.8000958243682784,79,0.9959514170040487,1.0,0.48786618516217184,0.5964206711831292,0.8950039923213733
India,T180_P05_H0500_I0986_CN060_F1,T180_P05_H0500_I0986_F1,False,0.0,0.0,0.8013584163938235,75,0.8041965047688289,76,0.9959514170040487,1.0,0.5624599157367762,0.5091910997243484,0.9391896495039448
India,T180_P05_H0500_I0986_CN070_F1,T180_P05_H0500_I0986_F1,False,0.0,0.0,0.7870402226303165,85,0.7895895587015911,89,0.9959514170040487,1.0,0.5701684279075938,0.4241165726613831,0.9449646955785571
India,T180_P05_H0500_I0986_CN080_F1,T180_P05_H0500_I0986_F1,False,0.0,0.0,0.785966653113071,87,0.7884618265658443,90,0.9959514170040487,1.0,0.650188951050401,0.3376449495623213,0.946047947948584
India,T180_P05_H0500_I0986_CN090_F1,T180_P05_H0500_I0986_F1,False,0.0,0.0,0.794319528161029,81,0.7963475921523313,83,0.9959514170040487,1.0,0.7674076705247175,0.2528484160983751,0.9553901371780041
India,T180_P05_H0500_I0986_CN100_F1,T180_P05_H0500_I0986_F1,False,0.0,0.0,0.7914718400407762,83,0.7938603921025634,85,1.0,1.0,0.8384493186909581,0.16668092274866764,0.9522289587642555
India,T180_P05_H0800_I0600_CN040_F1,T180_P05_H0800_I0600_F1,True,0.0,0.0,0.6413659138248196,146,0.6321519794767174,148,0.6558704453441297,0.3858024691358025,0.6135531677668309,0.7114543545711619,0.8401491323061728
India,T180_P05_H0800_I0600_CN050_F1,T180_P05_H0800_I0600_F1,True,0.0,0.0,0.644501243538898,144,0.635397434765973,147,0.6680161943319838,0.38271604938271614,0.7012822030805221,0.6203994011087838,0.8500923697904843
India,T180_P05_H0800_I0600_CN060_F1,T180_P05_H0800_I0600_F1,False,0.0,0.0,0.6342011095825186,148,0.6224413678170269,152,0.6680161943319838,0.3765432098765431,0.6940522353451877,0.5291828787170613,0.9032110296418173
India,T180_P05_H0800_I0600_CN070_F1,T180_P05_H0800_I0600_F1,False,0.0,0.0,0.6291125382865945,152,0.6175654726023337,154,0.6680161943319838,0.3703703703703704,0.7689074386526542,0.4393111800607648,0.8989575080171992
India,T180_P05_H0800_I0600_CN080_F1,T180_P05_H0800_I0600_F1,False,0.0,0.0,0.621471179793283,155,0.6106676012547331,156,0.6801619433198383,0.40123456790123463,0.7814482629331156,0.3482776107213883,0.8962335140908384
India,T180_P05_H0800_I0600_CN090_F1,T180_P05_H0800_I0600_F1,False,0.0,0.0,0.6031957393436616,165,0.5928375664474729,171,0.6801619433198383,0.40123456790123463,0.7896254526439169,0.25763133160970514,0.887325401243613
India,T180_P05_H0800_I0600_CN100_F1,T180_P05_H0800_I0600_F1,False,0.0,0.0,0.580537450424593,175,0.5693752335766095,182,0.6801619433198383,0.3981481481481479,0.7541046285607875,0.16686625181468043,0.9034062802795111
India,T180_P05_H0800_I0800_CN040_F1,T180_P05_H0800_I0800_F1,True,0.0,0.0,0.7805423444114763,91,0.797823086206829,82,1.0,0.9598765432098764,0.590094623528631,0.6983553912259247,0.6543851640929496
India,T180_P05_H0800_I0800_CN050_F1,T180_P05_H0800_I0800_F1,True,0.0,0.0,0.845888531265857,25,0.8513605307462212,19,1.0,0.9753086419753089,0.7540947616652287,0.6094792422960303,0.8905600103927171
India,T180_P05_H0800_I0800_CN060_F1,T180_P05_H0800_I0800_F1,True,0.0,0.0,0.8466887241421702,22,0.8500453753376112,22,1.0,0.9907407407407406,0.7894799159341435,0.5203559879447855,0.9328669760911815
India,T180_P05_H0800_I0800_CN070_F1,T180_P05_H0800_I0800_F1,True,0.0,0.0,0.8425455327313053,29,0.8450398522073386,33,1.0,0.9969135802469137,0.8328449220022921,0.43285555092798605,0.9501136104793345
India,T180_P05_H0800_I0986_CN030_F1,T180_P05_H0800_I0986_F1,False,0.0,0.0,0.6746494399834054,135,0.707554431783871,133,0.9352226720647774,0.9969135802469137,0.39165655309874636,0.7723315584511242,0.27712283605546567
India,T180_P05_H0800_I0986_CN040_F1,T180_P05_H0800_I0986_F1,False,0.0,0.0,0.7759125004300035,95,0.7953719820549741,84,1.0,1.0,0.5820629705276417,0.6866891641217864,0.6108103675005896
India,T180_P05_H0800_I0986_CN050_F1,T180_P05_H0800_I0986_F1,False,0.0,0.0,0.833842565882019,43,0.8407563784849243,39,1.0,1.0,0.7077918874385157,0.5996971940296887,0.8617237479418904
India,T180_P05_H0800_I0986_CN060_F1,T180_P05_H0800_I0986_F1,False,0.0,0.0,0.8444471809467593,26,0.8472715498783231,27,1.0,1.0,0.766771255759865,0.5119520276052056,0.943512621368726
India,T180_P05_H0800_I0986_CN070_F1,T180_P05_H0800_I0986_F1,False,0.0,0.0,0.8374430984480602,39,0.8398440532033746,41,1.0,1.0,0.8087918973053785,0.4264426900412103,0.9519809048937119
India,T180_P05_H0800_I0986_CN080_F1,T180_P05_H0800_I0986_F1,False,0.0,0.0,0.8322640922750433,46,0.8344893422053884,46,1.0,1.0,0.8666883738370286,0.3391370861450909,0.9554950013930961
India,T180_P05_H0800_I0986_CN090_F1,T180_P05_H0800_I0986_F1,False,0.0,0.0,0.8294879997423619,50,0.8312223097205874,50,1.0,1.0,0.9281467996725319,0.2539793986037865,0.9653138004354913
India,T180_P05_H0800_I0986_CN100_F1,T180_P05_H0800_I0986_F1,False,0.0,0.0,0.8187689306021351,67,0.8204563859603687,69,1.0,1.0,0.9609270935086808,0.16666666666666666,0.9662508928353284
India,T180_P05_H1000_I0600_CN040_F1,T180_P05_H1000_I0600_F1,True,0.0,0.0,0.6120215179281392,159,0.5995578012531818,167,0.5910931174089071,0.32407407407407407,0.5913033182370411,0.7132696290126205,0.8403674509080529
India,T180_P05_H1000_I0600_CN050_F1,T180_P05_H1000_I0600_F1,False,0.0,0.0,0.6183519475956206,156,0.6059102040879996,159,0.6032388663967612,0.36419753086419765,0.650329554312407,0.6219200498555554,0.852073736549182
India,T180_P05_H1000_I0600_CN060_F1,T180_P05_H1000_I0600_F1,False,0.0,0.0,0.6138154287348959,158,0.6003573665094692,165,0.6072874493927125,0.38271604938271614,0.6719380556296402,0.530686895368165,0.8764486939012457
India,T180_P05_H1000_I0600_CN070_F1,T180_P05_H1000_I0600_F1,False,0.0,0.0,0.6171700213760698,157,0.6026705482803886,163,0.6234817813765182,0.3858024691358025,0.7229375721517279,0.44015704092615654,0.9134712432901441
India,T180_P05_H1000_I0600_CN080_F1,T180_P05_H1000_I0600_F1,False,0.0,0.0,0.6055105637876961,161,0.5918737977021522,174,0.62753036437247,0.367283950617284,0.7834586429072741,0.34901417495810577,0.9002656860833461
India,T180_P05_H1000_I0600_CN090_F1,T180_P05_H1000_I0600_F1,False,0.0,0.0,0.5974135515721244,168,0.5830557618736953,177,0.62753036437247,0.3858024691358025,0.8002816998688491,0.2587670661424502,0.9146861583410502
India,T180_P05_H1000_I0600_CN100_F1,T180_P05_H1000_I0600_F1,False,0.0,0.0,0.5747877209198367,177,0.5614703608210156,183,0.62753036437247,0.3858024691358025,0.7993344778933014,0.1673937268487168,0.8938775663488927
India,T180_P05_H1000_I0800_CN040_F1,T180_P05_H1000_I0800_F1,True,0.0,0.0,0.7934675741047965,82,0.8065710311175641,75,0.9959514170040487,0.9506172839506173,0.586678210934565,0.7002086818860525,0.7338822767486994
India,T180_P05_H1000_I0800_CN050_F1,T180_P05_H1000_I0800_F1,True,0.0,0.0,0.8370711844933745,41,0.8435464240723862,35,1.0,0.9753086419753089,0.728625837452669,0.6109262346191301,0.8704952084197644
India,T180_P05_H1000_I0800_CN060_F1,T180_P05_H1000_I0800_F1,False,0.0,0.0,0.8430332410019306,28,0.8462414043943094,31,1.0,0.9907407407407406,0.7672300664042994,0.521358665712188,0.9358367321524247
India,T180_P05_H1000_I0800_CN080_F1,T180_P05_H1000_I0800_F1,True,0.0,0.0,0.8373835083390683,40,0.839692820969987,42,1.0,1.0,0.889542570720985,0.3435612235927295,0.9538137473816269
India,T180_P05_H1000_I0800_CN090_F1,T180_P05_H1000_I0800_F1,True,0.0,0.0,0.8268320414657901,54,0.8292870857456538,52,1.0,1.0,0.9275424523183194,0.2557186406079065,0.9508991144027246
India,T180_P05_H1000_I0986_CN030_F1,T180_P05_H1000_I0986_F1,False,0.0,0.0,0.6600337731976009,140,0.6864167356200348,139,0.8502024291497976,0.9876543209876543,0.3643129187264258,0.7754560164230065,0.32254318070112037
India,T180_P05_H1000_I0986_CN040_F1,T180_P05_H1000_I0986_F1,False,0.0,0.0,0.7731264346801129,96,0.7931471381871908,86,1.0,1.0,0.5769691856851737,0.6890770578569511,0.5995859298584393
India,T180_P05_H1000_I0986_CN050_F1,T180_P05_H1000_I0986_F1,False,0.0,0.0,0.815742491297798,69,0.8238614322884334,63,1.0,1.0,0.6393649666005363,0.601726309701162,0.8376211801872923
India,T180_P05_H1000_I0986_CN060_F1,T180_P05_H1000_I0986_F1,False,0.0,0.0,0.8406653271086073,34,0.8434731591154679,36,1.0,1.0,0.7459274388499342,0.5135558368303162,0.9438433598627858
India,T180_P05_H1000_I0986_CN070_F1,T180_P05_H1000_I0986_F1,False,0.0,0.0,0.8319545574065618,47,0.8344085681286315,47,1.0,1.0,0.7813125931189187,0.42754040835528606,0.9509197855586041
India,T180_P05_H1000_I0986_CN080_F1,T180_P05_H1000_I0986_F1,False,0.0,0.0,0.8221814373655685,62,0.824073881686266,62,1.0,1.0,0.808927567119657,0.33982850612213866,0.9621511135860465
India,T180_P05_H1000_I0986_CN090_F1,T180_P05_H1000_I0986_F1,False,0.0,0.0,0.8211217968337501,63,0.8228778115256483,66,1.0,1.0,0.8870635132069478,0.2536657647997648,0.9648797061620382
India,T180_P10_H0500_I0600_CN030_F1,T180_P10_H0500_I0600_F1,True,0.0,0.0,0.6036463909277392,163,0.6094309115278949,158,0.5384615384615385,0.9814814814814815,0.2933970734787834,0.7821207347584663,0.42277112645842596
India,T180_P10_H0500_I0600_CN040_F1,T180_P10_H0500_I0600_F1,False,0.0,0.0,0.6993381484057435,132,0.7326965749012961,129,0.9838056680161943,0.9845679012345678,0.5191886451766277,0.6924913894961867,0.3166371381051407
India,T180_P10_H0500_I0600_CN050_F1,T180_P10_H0500_I0600_F1,False,0.0,0.0,0.8015614708580092,74,0.8130548836634759,71,0.9959514170040487,0.9845679012345678,0.6560523537479848,0.6051525214087318,0.766083160894713
India,T180_P10_H0500_I0600_CN060_F1,T180_P10_H0500_I0600_F1,False,0.0,0.0,0.8226512367518215,61,0.8277324164994148,56,0.9959514170040487,0.9845679012345678,0.7215315395317623,0.5168775039365455,0.8943278220521826
India,T180_P10_H0500_I0600_CN070_F1,T180_P10_H0500_I0600_F1,False,0.0,0.0,0.8228933564012827,60,0.8250845982177517,59,0.9959514170040487,0.9876543209876543,0.7489368420012673,0.4297976213387751,0.9521265806746684
India,T180_P10_H0500_I0600_CN080_F1,T180_P10_H0500_I0600_F1,False,0.0,0.0,0.7998976428012347,76,0.802635340590355,77,0.9959514170040487,0.9845679012345678,0.7362702148023277,0.3415012197435874,0.9411974612216416
India,T180_P10_H0500_I0600_CN090_F1,T180_P10_H0500_I0600_F1,False,0.0,0.0,0.7771792987068674,93,0.7803903156844209,100,0.9959514170040487,0.9845679012345678,0.7199898370976423,0.25365626074509756,0.9317310774529811
India,T180_P10_H0500_I0600_CN100_F1,T180_P10_H0500_I0600_F1,False,0.0,0.0,0.7635684958775669,105,0.7660405553466484,109,0.9959514170040487,0.9845679012345678,0.7241462668601335,0.16666666666666666,0.9465102276224178
India,T180_P10_H0500_I0800_CN080_F1,T180_P10_H0500_I0800_F1,False,0.0,0.0,0.8437796794138002,27,0.8457076092187564,32,1.0,1.0,0.9173647495289685,0.34009224363915685,0.9614414039008757
India,T180_P10_H0500_I0986_CN070_F1,T180_P10_H0500_I0986_F1,False,0.0,0.0,0.842122157460065,30,0.8463924737453459,30,1.0,1.0,0.8676355958125965,0.42838151719334405,0.9145936742943844
India,T180_P10_H0500_I0986_CN080_F1,T180_P10_H0500_I0986_F1,False,0.0,0.0,0.8380332283523735,38,0.8405551093695784,40,1.0,1.0,0.901271842840197,0.33933191926577105,0.9495623796558991
India,T180_P10_H0500_I0986_CN090_F1,T180_P10_H0500_I0986_F1,False,0.0,0.0,0.8272904703248898,53,0.8303239624500933,51,1.0,1.0,0.9432924843857426,0.2538297097427762,0.9393301574959304
India,T180_P10_H0500_I0986_CN100_F1,T180_P10_H0500_I0986_F1,False,0.0,0.0,0.8195941352123489,66,0.8213060514383723,68,1.0,1.0,0.965542333915547,0.16666666666666666,0.9657616754795308
India,T180_P10_H0800_I0600_CN030_F1,T180_P10_H0800_I0600_F1,True,0.0,0.0,0.5999075636875285,166,0.6000766204380102,166,0.46153846153846145,0.9814814814814815,0.3130321956801855,0.7853283532086875,0.45815732652882657
India,T180_P10_H0800_I0600_CN040_F1,T180_P10_H0800_I0600_F1,False,0.0,0.0,0.6622097547174028,139,0.6927099446556694,137,0.931174089068826,0.9845679012345678,0.37805257081968857,0.6960839221604346,0.3211702903034975
India,T180_P10_H0800_I0600_CN050_F1,T180_P10_H0800_I0600_F1,False,0.0,0.0,0.7780767876297195,92,0.7914479253896306,88,0.9878542510121455,0.9876543209876543,0.5860837304759201,0.6083601398589531,0.7204314958139247
India,T180_P10_H0800_I0600_CN060_F1,T180_P10_H0800_I0600_F1,False,0.0,0.0,0.8185123905170556,68,0.82307609301782,64,0.9959514170040487,0.9845679012345678,0.6883541031485405,0.5190111642093593,0.9046773669887623
India,T180_P10_H0800_I0600_CN070_F1,T180_P10_H0800_I0600_F1,False,0.0,0.0,0.8031955036435461,73,0.8078040541723689,73,0.9959514170040487,0.9876543209876543,0.6970616384965413,0.4315297353018946,0.9037804064275917
India,T180_P10_H0800_I0600_CN080_F1,T180_P10_H0800_I0600_F1,False,0.0,0.0,0.8042557611026501,71,0.8065977612903619,74,0.9959514170040487,0.9876543209876543,0.7459175719544022,0.3426440823173329,0.9491114132498121
India,T180_P10_H0800_I0600_CN090_F1,T180_P10_H0800_I0600_F1,False,0.0,0.0,0.7966022621023086,78,0.7993965374037488,80,0.9959514170040487,0.9876543209876543,0.8048969402757795,0.25444272126881845,0.9400659109752418
India,T180_P10_H0800_I0600_CN100_F1,T180_P10_H0800_I0600_F1,False,0.0,0.0,0.786813121073264,86,0.7882788597896787,91,0.9959514170040487,0.9876543209876543,0.8171565580321969,0.16666666666666666,0.9666366426757532
India,T180_P10_H0800_I0800_CN060_F1,T180_P10_H0800_I0800_F1,True,0.0,0.0,0.854399816562703,11,0.8572651832867596,11,1.0,1.0,0.8118753021737277,0.517431115120917,0.9426926655188711
India,T180_P10_H0800_I0800_CN070_F1,T180_P10_H0800_I0800_F1,True,0.0,0.0,0.8524605834283312,15,0.8549207954971646,15,1.0,1.0,0.8810323732845017,0.43047478523382177,0.9507957586233324
India,T180_P10_H0800_I0800_CN080_F1,T180_P10_H0800_I0800_F1,False,0.0,0.0,0.842054239799088,31,0.8442925814614899,34,1.0,1.0,0.9136769973062315,0.3413610349372444,0.9552331667519648
India,T180_P10_H0800_I0800_CN090_F1,T180_P10_H0800_I0800_F1,True,0.0,0.0,0.8314878524049598,48,0.8341499527628755,49,1.0,1.0,0.9570321364790154,0.25364913270409706,0.9467579928416869
India,T180_P10_H0800_I0986_CN060_F1,T180_P10_H0800_I0986_F1,True,0.0,0.0,0.8525349789571504,14,0.8552298086452073,14,1.0,1.0,0.7996773525146773,0.5168941360322133,0.9461034062388607
India,T180_P10_H0800_I0986_CN090_F1,T180_P10_H0800_I0986_F1,True,0.0,0.0,0.8331468111349745,45,0.8348284096657091,45,1.0,1.0,0.9457715418998066,0.25359448438975996,0.9663680293853057
India,T180_P10_H1000_I0600_CN030_F1,T180_P10_H1000_I0600_F1,True,0.0,0.0,0.5736860779958429,178,0.5768844734812014,180,0.43724696356275305,0.9845679012345678,0.28428252868803183,0.7890539426382781,0.3732790538555841
India,T180_P10_H1000_I0600_CN040_F1,T180_P10_H1000_I0600_F1,False,0.0,0.0,0.6702822000088197,137,0.6900358443390275,138,0.8056680161943321,0.9845679012345678,0.45196795232308007,0.6986120007019423,0.41059512959017563
India,T180_P10_H1000_I0600_CN050_F1,T180_P10_H1000_I0600_F1,False,0.0,0.0,0.7573890962411612,109,0.77578783163974,101,0.9878542510121455,0.9845679012345678,0.5845420280417825,0.6101017578767399,0.6198795430405706
India,T180_P10_H1000_I0600_CN060_F1,T180_P10_H1000_I0600_F1,False,0.0,0.0,0.8041647411711818,72,0.811227513789299,72,0.9959514170040487,0.9845679012345678,0.6651668985387952,0.5204415244367914,0.854695964641706
India,T180_P10_H1000_I0600_CN070_F1,T180_P10_H1000_I0600_F1,False,0.0,0.0,0.7808780346998743,90,0.7865011856173132,94,0.9959514170040487,0.9845679012345678,0.6073962249258229,0.43298623167966177,0.88348839865527
India,T180_P10_H1000_I0600_CN080_F1,T180_P10_H1000_I0600_F1,False,0.0,0.0,0.8122012169151642,70,0.8133612132792256,70,1.0,0.9845679012345678,0.7564998174624468,0.3431382931600337,0.9768000727187729
India,T180_P10_H1000_I0600_CN090_F1,T180_P10_H1000_I0600_F1,False,0.0,0.0,0.7970316804380368,77,0.8007511104191495,78,1.0,0.9845679012345678,0.8197071505393271,0.25527195003854236,0.9256114003777468
India,T180_P10_H1000_I0600_CN100_F1,T180_P10_H1000_I0600_F1,False,0.0,0.0,0.790855672666731,84,0.7925469177368758,87,1.0,0.9876543209876543,0.8337822770822286,0.16666666666666666,0.9661750985971055
India,T180_P10_H1000_I0800_CN040_F1,T180_P10_H1000_I0800_F1,True,0.0,0.0,0.831406738120692,49,0.8394019966953197,43,1.0,1.0,0.6225419096390281,0.694396952456985,0.8400948285074471
India,T180_P10_H1000_I0800_CN060_F1,T180_P10_H1000_I0800_F1,False,0.0,0.0,0.8491293396423458,19,0.8519530195353802,18,1.0,1.0,0.7833229730930715,0.5187973229793447,0.9435264021393125
India,T180_P10_H1000_I0800_CN070_F1,T180_P10_H1000_I0800_F1,True,0.0,0.0,0.8487877363101617,20,0.8504138672392885,21,1.0,1.0,0.8453758793871469,0.4310854207461972,0.9674773814174649
India,T180_P10_H1000_I0800_CN080_F1,T180_P10_H1000_I0800_F1,False,0.0,0.0,0.8387422661593231,37,0.8408507240589534,38,1.0,1.0,0.8940418751049464,0.3418386136842773,0.9578308420073914
India,T180_P10_H1000_I0800_CN090_F1,T180_P10_H1000_I0800_F1,False,0.0,0.0,0.8254804784156589,55,0.8282070038760633,55,1.0,1.0,0.9275424523182342,0.25439044896814816,0.9454694907919117
India,T180_P10_H1000_I0986_CN070_F1,T180_P10_H1000_I0986_F1,True,0.0,0.0,0.8526122884131621,13,0.8547703570869012,16,1.0,1.0,0.8753441079834133,0.430878707557183,0.9568386265252135
