method,metric,observation_success_percent,s100_surviving_before_deadline_percent,mean_surviving_coverage_deadline_percent,p100_t100_surviving_min,total_transferred_data_mbits,n_transfer_events,used_capacity_percent,cn_related_traffic_share_percent,max_hops_seen,peak_node_sent_data_mbits,node_sent_data_gini
pearson,observation_success_percent,1.0,0.8374186216607326,0.6467393683272605,-0.527508128292293,0.1908488802024595,0.15726915366465816,-0.26757736635426044,0.21301017364056873,0.44799245208570726,-0.3863534818065169,-0.08795849863087891
pearson,s100_surviving_before_deadline_percent,0.8374186216607326,1.0,0.826042897624858,-0.7096799500793276,0.43057419704316924,0.39768356010525596,-0.390499192028447,0.48204143926694554,0.3667058159842902,-0.30498212140875136,-0.33684633488211463
pearson,mean_surviving_coverage_deadline_percent,0.6467393683272605,0.826042897624858,1.0,-0.6482522055024151,0.35588750117816853,0.3147121892801781,-0.0769990937195321,0.23260383961021164,0.3799560510234355,-0.08011231637309181,-0.25694522412113324
pearson,p100_t100_surviving_min,-0.527508128292293,-0.7096799500793276,-0.6482522055024151,1.0,-0.6053982320897703,-0.5799645091188637,0.4906003586679265,-0.4426656327869754,-0.3030619232616095,0.27262439193114063,0.5579446524726277
pearson,total_transferred_data_mbits,0.1908488802024595,0.43057419704316924,0.35588750117816853,-0.6053982320897703,1.0,0.9988621940187086,-0.32581289909421296,0.5743556070487065,0.4336213761904052,0.1720354342292422,-0.9762190537300289
pearson,n_transfer_events,0.15726915366465816,0.39768356010525596,0.3147121892801781,-0.5799645091188637,0.9988621940187086,1.0,-0.32401500156713386,0.5726242504868526,0.4199053970265043,0.18471350809307188,-0.9808966915230503
pearson,used_capacity_percent,-0.26757736635426044,-0.390499192028447,-0.0769990937195321,0.4906003586679265,-0.32581289909421296,-0.32401500156713386,1.0,-0.6110066344749736,0.11785126471794626,0.7274660561655415,0.3309832778168346
pearson,cn_related_traffic_share_percent,0.21301017364056873,0.48204143926694554,0.23260383961021164,-0.4426656327869754,0.5743556070487065,0.5726242504868526,-0.6110066344749736,1.0,0.17871930295360586,-0.33952261446831355,-0.5023426554079721
pearson,max_hops_seen,0.44799245208570726,0.3667058159842902,0.3799560510234355,-0.3030619232616095,0.4336213761904052,0.4199053970265043,0.11785126471794626,0.17871930295360586,1.0,0.11581906044635751,-0.35375216371091406
pearson,peak_node_sent_data_mbits,-0.3863534818065169,-0.30498212140875136,-0.08011231637309181,0.27262439193114063,0.1720354342292422,0.18471350809307188,0.7274660561655415,-0.33952261446831355,0.11581906044635751,1.0,-0.22728142080916308
pearson,node_sent_data_gini,-0.08795849863087891,-0.33684633488211463,-0.25694522412113324,0.5579446524726277,-0.9762190537300289,-0.9808966915230503,0.3309832778168346,-0.5023426554079721,-0.35375216371091406,-0.22728142080916308,1.0
spearman,observation_success_percent,1.0,0.905747227651603,0.6679139567918262,-0.649242184294039,0.23718725539308266,0.21893327138492596,-0.6812195988958255,0.5383253279493142,0.2223455246114695,-0.6141941186550915,-0.15451894450292852
spearman,s100_surviving_before_deadline_percent,0.905747227651603,1.0,0.78977339187465,-0.7333719511273452,0.38178290693453376,0.36431271310492125,-0.7101624235759867,0.6140020455611482,0.26473231966990846,-0.5628341718166081,-0.30962541825519874
spearman,mean_surviving_coverage_deadline_percent,0.6679139567918262,0.78977339187465,1.0,-0.8097314598559495,0.5403518062779459,0.5255593079200581,-0.37921470026520876,0.5136961664886452,0.4361092511942924,-0.2163532364949216,-0.4744497703149795
spearman,p100_t100_surviving_min,-0.649242184294039,-0.7333719511273452,-0.8097314598559495,1.0,-0.6348151011457328,-0.6209436791848726,0.5676170732019784,-0.5951747874134186,-0.3769236835001959,0.2657171826987596,0.6048692544771147
spearman,total_transferred_data_mbits,0.23718725539308266,0.38178290693453376,0.5403518062779459,-0.6348151011457328,1.0,0.9989542172262339,-0.3497997027963267,0.7073387154949803,0.5057087546129851,0.18004266095625088,-0.9732584522889083
spearman,n_transfer_events,0.21893327138492596,0.36431271310492125,0.5255593079200581,-0.6209436791848726,0.9989542172262339,1.0,-0.3461280495510559,0.7017406215885154,0.5011506643168513,0.19035080371497376,-0.9765359059804378
spearman,used_capacity_percent,-0.6812195988958255,-0.7101624235759867,-0.37921470026520876,0.5676170732019784,-0.3497997027963267,-0.3461280495510559,1.0,-0.7157819354131061,0.03694065291627511,0.7147574735224222,0.345039831386418
spearman,cn_related_traffic_share_percent,0.5383253279493142,0.6140020455611482,0.5136961664886452,-0.5951747874134186,0.7073387154949803,0.7017406215885154,-0.7157819354131061,1.0,0.23513444364021863,-0.3828395125188818,-0.6437984833324621
spearman,max_hops_seen,0.2223455246114695,0.26473231966990846,0.4361092511942924,-0.3769236835001959,0.5057087546129851,0.5011506643168513,0.03694065291627511,0.23513444364021863,1.0,0.11307344755858222,-0.41470844494085796
spearman,peak_node_sent_data_mbits,-0.6141941186550915,-0.5628341718166081,-0.2163532364949216,0.2657171826987596,0.18004266095625088,0.19035080371497376,0.7147574735224222,-0.3828395125188818,0.11307344755858222,1.0,-0.23621448106506276
spearman,node_sent_data_gini,-0.15451894450292852,-0.30962541825519874,-0.4744497703149795,0.6048692544771147,-0.9732584522889083,-0.9765359059804378,0.345039831386418,-0.6437984833324621,-0.41470844494085796,-0.23621448106506276,1.0
