case_id,winner_count,winner_frequency_percent,top_3_frequency_percent,top_10_frequency_percent,mean_rank,median_rank,rank_p05,rank_p95,mean_utility,utility_p05,utility_p95,n_satellites,n_planes,cn_fraction_percent,n_central_nodes,performance_composite,resource_efficiency_composite
T060_P10_H0800_I0986_CN040_F1,4179,41.79,53.43,73.75,11.5451,3.0,1.0,60.0,0.9401652955370404,0.9003090699620594,0.9768965758970017,60,10,40.0,24,0.9671297600662229,0.9128757677466492
T060_P05_H0800_I0800_CN100_F1,1211,12.11,18.98,33.83,34.0895,22.0,1.0,86.0,0.897426613118263,0.7852089952120425,0.983364328699824,60,5,100.0,60,0.9911757969609238,0.8036832693286982
T060_P05_H0800_I0986_CN020_F1,1149,11.49,16.18,39.25,18.8483,20.0,1.0,41.0,0.9089385390772484,0.8372792105647497,0.9526914705010184,60,5,20.0,12,0.8668623465641174,0.9504413628096098
T060_P10_H0800_I0600_CN000_F1,840,8.4,12.98,17.78,54.9274,64.0,1.0,93.0,0.7597452571357594,0.44790668703135583,0.9735206469585408,60,10,0.0,0,0.5310834729907686,0.992857101560934
T060_P05_H0800_I0800_CN070_F1,791,7.91,34.17,56.84,21.4714,6.0,1.0,71.0,0.9194446420868003,0.8412322069550888,0.9819068003640941,60,5,70.0,42,0.9825731354656968,0.8561243313343275
T060_P10_H0800_I0986_CN030_F1,457,4.569999999999999,33.06,54.09,14.2274,7.0,2.0,52.0,0.9302367837672324,0.9004186152518441,0.9570258737989824,60,10,30.0,18,0.9313941230471665,0.9288487586494237
T060_P05_H1000_I0986_CN030_F1,419,4.19,34.19,52.349999999999994,14.5377,9.0,2.0,49.0,0.9283857169206289,0.8958891010120105,0.9575817610376639,60,5,30.0,18,0.9251234398445178,0.9314537567295988
T060_P10_H1000_I0600_CN000_F1,312,3.1199999999999997,12.67,17.77,54.862,64.0,2.0,92.0,0.7605051848098116,0.44843337846603193,0.972877475464662,60,10,0.0,0,0.5336705730645739,0.9920952924386552
T180_P10_H0500_I0986_CN070_F1,108,1.08,1.6400000000000001,2.81,80.4951,96.0,19.950000000000045,107.0,0.5799636564674382,0.19994268536837423,0.957956545374882,180,10,70.0,126,0.9997538427290533,0.15876008850675336
T060_P03_H0800_I0986_CN000_F1,96,0.96,2.8000000000000003,5.53,84.4362,95.0,9.0,105.0,0.5743779304493386,0.18934624090395932,0.9564824714605779,60,3,0.0,0,0.15074516653255515,0.998883667412183
T060_P05_H0800_I0800_CN050_F1,82,0.8200000000000001,6.54,43.3,20.9214,13.0,3.0,66.0,0.9218778652698209,0.8760815561601801,0.9606232586300685,60,5,50.0,30,0.9511657795850288,0.8925577827478863
T060_P03_H0500_I0986_CN000_F1,80,0.8,1.5,3.27,91.2957,104.0,20.0,108.0,0.5015857098365077,0.05358906585932849,0.9501216370722505,60,3,0.0,0,0.004435631518139636,1.0
T060_P05_H1000_I0600_CN000_F1,78,0.7799999999999999,1.92,11.700000000000001,57.9449,67.0,4.0,85.0,0.7602478978374152,0.5055591661639278,0.966579572944904,60,5,0.0,0,0.5370818557192405,0.9873450110633442
T060_P03_H1000_I0800_CN010_F1,60,0.6,1.51,4.21,56.3469,62.0,13.0,87.0,0.7798597246343252,0.5478174976274598,0.9513025800663291,60,3,10.0,6,0.5910072091266327,0.9684649277431554
T060_P10_H0800_I0600_CN010_F1,50,0.5,2.6100000000000003,10.23,50.6233,56.0,5.0,83.0,0.7898165797208431,0.5209045022009825,0.9557825021380801,60,10,10.0,6,0.6146890912077718,0.9702099197025142
T060_P03_H1000_I0986_CN000_F1,20,0.2,2.06,5.48,83.3614,93.0,10.0,104.0,0.5824661115296105,0.1963975163883796,0.9564693292282082,60,3,0.0,0,0.1679136241416214,0.9976980954457734
T060_P05_H1000_I0986_CN020_F1,18,0.18,8.260000000000002,28.68,23.0853,25.0,2.0,45.0,0.895135621538948,0.816767665417522,0.950723238560076,60,5,20.0,12,0.8367669963254938,0.9530130734521007
T180_P10_H0800_I0800_CN100_F1,14,0.13999999999999999,0.9299999999999999,1.8900000000000001,85.0349,103.0,24.0,108.0,0.5006106725974319,0.050089560367646196,0.9509847577173779,180,10,100.0,180,1.0,0.0
T060_P05_H0800_I0600_CN010_F1,11,0.11,0.31,6.36,49.5864,53.0,8.0,79.0,0.8004300228104623,0.5629594699814651,0.9500467567524062,60,5,10.0,6,0.6418209749395705,0.9636702107492177
T060_P05_H0800_I0986_CN010_F1,8,0.08,0.48,5.01,53.296,58.0,10.0,85.0,0.7881956103955349,0.5743158349466115,0.9539815228925065,60,5,10.0,6,0.6057574920693526,0.9704747298472332
T060_P05_H0800_I0600_CN000_F1,6,0.06,6.09,13.569999999999999,58.1923,68.0,3.0,89.0,0.7550225922876843,0.47221287146476115,0.9676057910155745,60,5,0.0,0,0.526418204957416,0.9883185350762369
T060_P05_H1000_I0986_CN000_F1,4,0.04,0.48,5.99,81.2957,91.0,8.0,105.0,0.6115298917635712,0.21909868250366007,0.9596651284684024,60,5,0.0,0,0.22899190446304615,0.9952144328095868
T060_P03_H0800_I0800_CN000_F1,3,0.03,0.12,1.4000000000000001,77.8716,85.0,14.0,100.0,0.6341578509035657,0.27776717636213594,0.9532519806725079,60,3,0.0,0,0.2823632014669928,0.9879636785477954
T060_P05_H0500_I0986_CN010_F1,2,0.02,0.38999999999999996,4.08,53.8127,59.0,12.0,84.0,0.7886876075648529,0.5887272714463208,0.9542923604648427,60,5,10.0,6,0.605588563750066,0.971345393980946
T060_P03_H1000_I0800_CN000_F1,2,0.02,0.22,1.66,77.7184,85.0,13.0,99.0,0.6345305775001818,0.2781559198664361,0.9538351920286493,60,3,0.0,0,0.28289050255195564,0.9883531547655332
T060_P10_H0800_I0986_CN060_F1,0,0.0,18.029999999999998,55.300000000000004,20.1081,9.0,2.0,67.0,0.9232586703609577,0.8617535626144536,0.9736964644063898,60,10,60.0,36,0.9695945435227485,0.8766748382288343
T060_P10_H0800_I0986_CN070_F1,0,0.0,0.72,47.93,23.8768,11.0,4.0,69.0,0.9159928897878342,0.8424879486268819,0.9741866531570998,60,10,70.0,42,0.9735624917055473,0.8582548027565877
T060_P10_H0500_I0986_CN090_F1,0,0.0,4.2299999999999995,39.2,30.1619,15.0,4.0,77.0,0.9037606449096877,0.8060449512784347,0.9802818235221441,60,10,90.0,54,0.9839858641511575,0.8234182057210153
T060_P10_H1000_I0986_CN080_F1,0,0.0,0.0,34.04,28.454,14.0,5.0,74.0,0.9074332463521929,0.8220406918051149,0.973758324814469,60,10,80.0,48,0.9758902832895637,0.8388569134537094
T060_P05_H0800_I0986_CN030_F1,0,0.0,0.0,31.89,21.0325,21.0,5.0,48.0,0.9101369767513632,0.8688702345802469,0.9441893714299805,60,5,30.0,18,0.8866491724650131,0.9336897525342631
T060_P10_H0500_I0986_CN100_F1,0,0.0,12.45,30.89,34.4409,22.0,2.0,84.0,0.8970815247932176,0.7869984222104633,0.9816829302785406,60,10,100.0,60,0.9884279326428125,0.8057072171798455
T060_P05_H0800_I0800_CN080_F1,0,0.0,1.9300000000000002,27.05,28.6651,15.0,5.0,75.0,0.9070443120562999,0.8216662195362262,0.9713905205649686,60,5,80.0,48,0.975375967089629,0.8387691985103082
T060_P05_H0500_I0800_CN060_F1,0,0.0,0.98,26.71,25.281,16.0,6.0,68.0,0.9142695711505133,0.855839406358223,0.9661432269436887,60,5,60.0,36,0.9547506634064689,0.8734824617244741
T060_P10_H1000_I0986_CN090_F1,0,0.0,2.83,25.34,32.9869,19.0,5.0,80.0,0.9008174032589282,0.804245631854989,0.9746101908592827,60,10,90.0,54,0.9793841111635573,0.8222101614349607
T060_P05_H1000_I0986_CN040_F1,0,0.0,0.0,21.47,24.1045,21.0,7.0,62.0,0.9100357584952646,0.8835633750207141,0.9377517457405532,60,5,40.0,24,0.9058033565795083,0.9145059095623198
T060_P10_H0800_I0800_CN040_F1,0,0.0,0.0,18.05,24.9705,21.0,8.0,62.0,0.9088289906552692,0.88405377505292,0.9340326149041823,60,10,40.0,24,0.9031312534856768,0.9144558118743419
T060_P10_H0800_I0986_CN090_F1,0,0.0,0.0,15.920000000000002,34.1786,20.0,9.0,79.0,0.8998658015118752,0.8050421995484884,0.972885791313731,60,10,90.0,54,0.9763017940316484,0.8233466349021015
T060_P10_H1000_I0986_CN020_F1,0,0.0,0.65,12.3,30.2809,31.0,7.0,51.0,0.871961791718235,0.793585204699325,0.9456521376589335,60,10,20.0,12,0.7918549729957047,0.9519521675587097
T060_P10_H0800_I0800_CN090_F1,0,0.0,0.26,11.700000000000001,34.5063,22.0,6.0,79.0,0.898822689715275,0.8052481571358991,0.9687458813508223,60,10,90.0,54,0.9739893979513291,0.8237364441827423
T060_P10_H1000_I0986_CN010_F1,0,0.0,0.5499999999999999,8.64,46.78,52.0,8.0,73.0,0.8141100703175629,0.6405624830333307,0.9549144312007154,60,10,10.0,6,0.6603765311874465,0.9691624934303866
T060_P10_H0800_I0986_CN020_F1,0,0.0,0.0,5.67,33.6203,34.0,10.0,52.0,0.8655910001249165,0.7893304636920923,0.9427799290354614,60,10,20.0,12,0.7815532433872162,0.9495582182433424
T060_P10_H1000_I0986_CN000_F1,0,0.0,0.1,5.59,78.7996,88.0,10.0,103.0,0.6251259934753387,0.23486733111853322,0.9602323142926755,60,10,0.0,0,0.25808202230854693,0.9932680509096073
T120_P10_H0800_I0986_CN070_F1,0,0.0,0.16,5.53,60.2758,67.0,9.0,97.0,0.7512234339597276,0.5326623010208142,0.9687437015871332,120,10,70.0,84,0.9925906661443893,0.5090810899242607
T060_P10_H0500_I0600_CN000_F1,0,0.0,0.74,5.2299999999999995,78.8267,87.0,10.0,104.0,0.6251407701704887,0.23067069085777878,0.9601327087568692,60,10,0.0,0,0.2582003194546059,0.9930701487031599
T060_P03_H0800_I0986_CN030_F1,0,0.0,0.13999999999999999,4.72,39.4524,41.0,11.0,64.0,0.8575541420524676,0.7390529581740165,0.9357403725281802,60,3,30.0,18,0.7786326146655256,0.9376943689117829
T120_P05_H0800_I0800_CN100_F1,0,0.0,2.16,4.6,67.7999,78.0,12.0,102.0,0.6990696641459535,0.4296628431482796,0.966312285893561,120,5,100.0,120,0.9957992726587794,0.4017351110932361
T060_P05_H0800_I0986_CN000_F1,0,0.0,0.0,4.54,85.6197,96.0,12.0,107.0,0.5763759473359367,0.1741395874235651,0.954889211041869,60,5,0.0,0,0.15792182709675773,0.9959412891796661
T120_P10_H0500_I0986_CN090_F1,0,0.0,0.0,4.38,65.0638,74.0,12.0,100.0,0.7153096926850889,0.46322703738468607,0.966372498884971,120,10,90.0,108,0.9937203139682519,0.4362171846632703
T060_P05_H0500_I0986_CN020_F1,0,0.0,0.01,3.92,40.4686,42.0,12.0,64.0,0.8496850131703697,0.7455451402710099,0.9454862810058442,60,5,20.0,12,0.7438855917745995,0.9551801629410753
T060_P03_H1000_I0986_CN020_F1,0,0.0,0.2,3.8699999999999997,44.9811,46.0,12.0,71.0,0.8338357818084634,0.6956467015891004,0.9451217801060801,60,3,20.0,12,0.7122287822464141,0.9566809758030849
T120_P10_H0800_I0986_CN090_F1,0,0.0,0.0,3.7199999999999998,65.3648,75.0,14.0,100.0,0.7151069945132027,0.4635994436439124,0.9654415000286262,120,10,90.0,108,0.9929497346852748,0.43657170812880863
T060_P10_H1000_I0986_CN040_F1,0,0.0,0.0,3.5700000000000003,28.2736,25.0,11.0,60.0,0.8995317518533943,0.8726878243558924,0.9307733099370523,60,10,40.0,24,0.8827205370049613,0.9167607139946958
T060_P10_H1000_I0600_CN010_F1,0,0.0,0.0,3.15,57.9389,63.0,14.0,83.0,0.7719853483370158,0.5120899291339047,0.9521952548232151,60,10,10.0,6,0.5790802326987567,0.9692172539990067
T060_P05_H0800_I0986_CN070_F1,0,0.0,0.0,2.87,31.0661,20.0,12.0,71.0,0.9038489348347026,0.8398350079564629,0.9509365762717933,60,5,70.0,42,0.9494721398130355,0.8584833278974955
T060_P03_H1000_I0800_CN020_F1,0,0.0,0.0,2.76,44.8192,45.0,15.0,69.0,0.8369533564377589,0.702063692253673,0.9414917433956116,60,3,20.0,12,0.7240002842658172,0.9505959856912826
T060_P05_H1000_I0800_CN020_F1,0,0.0,0.01,2.4299999999999997,41.2799,42.0,14.0,62.0,0.8528018727575712,0.7637238517168399,0.9416420217970667,60,5,20.0,12,0.755669940331797,0.9501802163568239
T060_P10_H1000_I0800_CN020_F1,0,0.0,0.0,2.39,39.5548,40.0,14.0,61.0,0.8547700777584927,0.766478377362173,0.9435555366103159,60,10,20.0,12,0.7570692284360311,0.952412548469555
T060_P03_H0800_I0800_CN020_F1,0,0.0,0.02,2.1999999999999997,47.4587,47.0,17.950000000000045,73.0,0.8295459933949134,0.6849410650407304,0.9413531562734745,60,3,20.0,12,0.7083382081792369,0.9515194120161974
T180_P10_H0500_I0986_CN060_F1,0,0.0,0.0,1.8399999999999999,77.7297,91.0,21.0,106.0,0.6045177414661885,0.24694705504124306,0.956851572403388,180,10,60.0,108,0.9952614725341964,0.21223110040841053
T180_P10_H0500_I0986_CN050_F1,0,0.0,0.0,1.7399999999999998,75.0025,88.0,19.0,103.0,0.6301705173465744,0.2894596409871525,0.9581495383744665,180,10,50.0,90,0.9937203139682519,0.2649897347499609
T060_P05_H1000_I0600_CN010_F1,0,0.0,0.02,1.7000000000000002,55.7659,59.0,19.0,78.0,0.7874217081005624,0.5742952681365349,0.9484363554107059,60,5,10.0,6,0.6137463982252453,0.9645748284464208
T060_P10_H0500_I0800_CN040_F1,0,0.0,0.0,1.6400000000000001,30.7345,26.0,13.0,65.0,0.89583058163478,0.8721966931787815,0.9275052680198949,60,10,40.0,24,0.8790942088652052,0.9129651480045657
T060_P03_H0500_I0800_CN000_F1,0,0.0,0.01,1.6099999999999999,82.8898,90.0,18.0,103.0,0.5941434734447048,0.21246908663872527,0.9508498260649216,60,3,0.0,0,0.1986107327186303,0.9903246734883815
T060_P10_H1000_I0800_CN010_F1,0,0.0,0.03,1.27,62.0593,67.0,20.0,91.0,0.7532066241322747,0.47379514782362203,0.9500382587013431,60,10,10.0,6,0.5353824403505549,0.9691634926190957
T060_P03_H0800_I0800_CN010_F1,0,0.0,0.2,1.26,63.2925,68.0,22.0,89.0,0.7505682804114793,0.502481348215452,0.9493791825180877,60,3,10.0,6,0.5318798658361255,0.9697603539097082
T060_P10_H0500_I0986_CN020_F1,0,0.0,0.0,1.16,39.2945,40.0,14.0,60.0,0.855515755652879,0.7686903022869841,0.9431826102143479,60,10,20.0,12,0.7594584977843245,0.9515643566554872
T060_P10_H0800_I0800_CN020_F1,0,0.0,0.0,1.15,40.9031,41.0,15.0,63.0,0.8539294666619773,0.7657595834828824,0.9428348036766799,60,10,20.0,12,0.7564279646222272,0.951402739452851
T060_P10_H0800_I0800_CN030_F1,0,0.0,0.0,1.04,33.752,32.0,15.0,54.0,0.875767513527827,0.8135062504969207,0.9341492624994087,60,10,30.0,18,0.8179873737223529,0.9337629886676919
T060_P10_H0800_I0986_CN010_F1,0,0.0,0.0,1.04,57.0737,61.0,16.0,79.0,0.776627698111204,0.5653505017671606,0.9528289136059176,60,10,10.0,6,0.5846744563886342,0.9707768241844725
T060_P05_H1000_I0986_CN010_F1,0,0.0,0.0,1.04,61.6014,67.0,18.0,88.0,0.7541923441940024,0.4983614367339306,0.9521235282876891,60,5,10.0,6,0.5371872746197339,0.9717859670753705
T180_P10_H0500_I0986_CN040_F1,0,0.0,0.0,0.91,72.2562,84.0,18.0,102.0,0.6569900303501598,0.33264485806683636,0.9592010644663657,180,10,40.0,72,0.9915498489878688,0.32071521802109104
T060_P03_H1000_I0986_CN040_F1,0,0.0,0.0,0.7799999999999999,45.0365,44.0,20.0,67.0,0.8515675863941249,0.7392313186820015,0.9258890287729088,60,3,40.0,24,0.7851749420214617,0.9192746665024394
T060_P05_H0800_I0986_CN080_F1,0,0.0,0.0,0.77,35.0017,24.0,14.0,74.0,0.8970319586237936,0.8219832784005188,0.9513155435697844,60,5,80.0,48,0.9527358641511572,0.8416611459919441
T060_P03_H0500_I0800_CN010_F1,0,0.0,0.05,0.6,67.3212,71.0,25.0,91.0,0.7315799550582828,0.4579933216246092,0.9479528458460815,60,3,10.0,6,0.49297153211861394,0.970151495441961
T060_P10_H0500_I0800_CN020_F1,0,0.0,0.0,0.45999999999999996,40.5758,41.0,16.0,62.0,0.8543802062164059,0.7672611205266149,0.9423349967995952,60,10,20.0,12,0.758007117027826,0.9507474539016854
T060_P10_H1000_I0986_CN030_F1,0,0.0,0.0,0.43,30.9845,29.0,14.0,51.0,0.8804325592919889,0.8240987457124103,0.9356679772075258,60,10,30.0,18,0.8260690624805205,0.935146462840549
T180_P10_H0800_I0986_CN030_F1,0,0.0,0.0,0.33999999999999997,69.7311,80.0,20.0,101.0,0.6821133247749194,0.3736658084180511,0.9567723584825724,180,10,30.0,54,0.9853456155109086,0.3770177547664129
T180_P10_H0500_I0800_CN060_F1,0,0.0,0.0,0.2,80.1154,93.5,26.0,106.0,0.5994901785977866,0.24783586279655573,0.9458056979571774,180,10,60.0,108,0.9834579319265282,0.2141458601852207
T060_P10_H0500_I0986_CN010_F1,0,0.0,0.0,0.19,60.6972,65.0,21.0,82.0,0.7660796590555017,0.5403995071906518,0.9511306327266075,60,10,10.0,6,0.5651363631450381,0.9695905860922567
T060_P05_H0800_I0800_CN020_F1,0,0.0,0.0,0.18,37.3094,38.0,17.0,54.0,0.8609658635988812,0.7830930524293918,0.9407508095153455,60,5,20.0,12,0.7745830804972934,0.9474845057671204
T060_P03_H1000_I0986_CN010_F1,0,0.0,0.0,0.09,73.1601,79.0,21.0,94.0,0.6865625951354019,0.37878035867955406,0.9497828087235778,60,3,10.0,6,0.3958107814834993,0.9778286770511072
T120_P10_H0500_I0986_CN030_F1,0,0.0,0.0,0.04,53.9313,52.0,17.0,93.0,0.8114563718373878,0.6551297661124196,0.959318991760304,120,10,30.0,36,0.9730509126815967,0.6487658574076018
T060_P03_H0800_I0986_CN020_F1,0,0.0,0.0,0.04,58.1451,61.0,30.0,83.0,0.7919894701442578,0.6135029080755234,0.9420581936481107,60,3,20.0,12,0.6255284344532308,0.9584744001359065
T180_P10_H0800_I0800_CN060_F1,0,0.0,0.0,0.04,79.4754,92.0,27.0,105.0,0.6001629025406459,0.24897725225766132,0.9453408142516853,180,10,60.0,108,0.9828687598497464,0.2160784294010335
T060_P03_H0500_I0800_CN030_F1,0,0.0,0.0,0.02,54.2434,55.0,33.0,74.0,0.8195912983289443,0.6790120189079395,0.9272905122132202,60,3,30.0,18,0.7054799210802621,0.9342886122022936
T060_P03_H0800_I0986_CN010_F1,0,0.0,0.0,0.02,76.4475,83.0,23.0,96.0,0.6668724023736011,0.338046012570354,0.9488736115399125,60,3,10.0,6,0.3561752739105011,0.9788206766288086
T060_P10_H0500_I0986_CN080_F1,0,0.0,0.0,0.0,35.4877,24.0,14.0,75.0,0.8971939450679962,0.8200187886895934,0.9527307638916126,60,10,80.0,48,0.954794582398043,0.8396566728943147
T060_P10_H0500_I0800_CN030_F1,0,0.0,0.0,0.0,38.1156,36.0,24.0,55.0,0.865271977390776,0.8033571245386273,0.9315841249309138,60,10,30.0,18,0.7969540072211047,0.9339588924967213
T060_P10_H1000_I0800_CN040_F1,0,0.0,0.0,0.0,38.9769,37.0,27.0,63.0,0.8701834625530802,0.8245373563843821,0.9223007257826109,60,10,40.0,24,0.8238092781765238,0.9171511894011424
T060_P10_H1000_I0800_CN030_F1,0,0.0,0.0,0.0,40.9647,40.0,26.0,54.0,0.8595055961962733,0.7909787748345475,0.9317229904632987,60,10,30.0,18,0.7836286508295102,0.9357308436986069
T060_P03_H1000_I0986_CN030_F1,0,0.0,0.0,0.0,52.3703,52.0,33.0,72.0,0.8263937358356521,0.7002345082537819,0.931054530583705,60,3,30.0,18,0.7134048777844465,0.9403907456272926
T060_P05_H0500_I0600_CN020_F1,0,0.0,0.0,0.0,54.1872,54.0,34.0,73.0,0.806016530046775,0.6189956289777755,0.9330156822887804,60,5,20.0,12,0.6720985058934661,0.9431979359316849
T120_P05_H1000_I0986_CN010_F1,0,0.0,0.0,0.0,55.6388,52.0,28.0,87.0,0.8122728811365508,0.7042376120954373,0.9016442918493607,120,5,10.0,12,0.8930396663735749,0.730598706752358
T060_P03_H0800_I0800_CN030_F1,0,0.0,0.0,0.0,56.2312,57.0,35.0,77.0,0.8157678850462785,0.6716873681371144,0.9254197266161258,60,3,30.0,18,0.6993520066782646,0.9329753765967381
T120_P05_H1000_I0800_CN010_F1,0,0.0,0.0,0.0,68.4193,67.0,49.0,91.0,0.760878755634755,0.6853455090106216,0.8043694253399678,120,5,10.0,12,0.7945750500822313,0.7266000855070925
T180_P05_H1000_I0986_CN010_F1,0,0.0,0.0,0.0,68.5135,74.0,29.0,98.0,0.715960011305405,0.4484559825986298,0.92497196504355,180,5,10.0,18,0.9384367019955898,0.4912724448262449
T060_P03_H0500_I0986_CN020_F1,0,0.0,0.0,0.0,68.5302,71.0,32.0,89.0,0.737226210969576,0.5318014788185779,0.9419401894572413,60,3,20.0,12,0.5094867409852324,0.9652130104843595
T120_P10_H0800_I0800_CN010_F1,0,0.0,0.0,0.0,69.5636,69.0,49.0,89.0,0.7567749170215009,0.68452537354561,0.8074379091148264,120,10,10.0,12,0.7823623772778658,0.7303398917398933
T120_P05_H0500_I0600_CN010_F1,0,0.0,0.0,0.0,80.3547,84.0,56.0,93.0,0.6787859072805499,0.48651809650036476,0.8017121471154288,120,5,10.0,12,0.6446142001732219,0.7175995193001574
T120_P05_H0800_I0600_CN000_F1,0,0.0,0.0,0.0,84.3332,86.0,69.0,94.0,0.6476678604946261,0.4454263936361065,0.8074438804846925,120,5,0.0,0,0.5263110738283865,0.7725487355863887
T120_P05_H1000_I0600_CN000_F1,0,0.0,0.0,0.0,84.859,86.0,70.0,95.0,0.6463888244567811,0.4384224882912343,0.8053987888957216,120,5,0.0,0,0.5266480291995632,0.770035449204451
T120_P03_H1000_I0800_CN000_F1,0,0.0,0.0,0.0,94.5464,95.0,85.0,104.0,0.5311765518840249,0.26780273922578696,0.7750851377460817,120,3,0.0,0,0.2915747216751159,0.7719092610968077
T180_P05_H0800_I0600_CN000_F1,0,0.0,0.0,0.0,94.5738,95.0,79.0,107.0,0.5395183651640365,0.3475530208385387,0.7133389433006644,180,5,0.0,0,0.5258283137803674,0.5560342702874584
T180_P05_H1000_I0600_CN000_F1,0,0.0,0.0,0.0,94.844,96.0,80.0,107.0,0.5386706427058889,0.3476968610401613,0.7106609169101306,180,5,0.0,0,0.5280645970662385,0.552334079687499
T120_P10_H1000_I0600_CN000_F1,0,0.0,0.0,0.0,95.0415,96.0,82.0,107.0,0.5356771578165624,0.2320205033921532,0.7858793957046171,120,10,0.0,0,0.2933739586903521,0.7784539659936492
T120_P03_H1000_I0986_CN000_F1,0,0.0,0.0,0.0,97.9638,101.0,83.0,106.0,0.4869287277288653,0.20061234901896474,0.7838135250340692,120,3,0.0,0,0.18415424324764743,0.7901374292948304
T120_P03_H0500_I0800_CN000_F1,0,0.0,0.0,0.0,98.5398,99.0,86.0,108.0,0.48728837743521136,0.19059921537856617,0.7715981382910234,120,3,0.0,0,0.1988039919097197,0.7755680136442675
T120_P03_H0800_I0986_CN000_F1,0,0.0,0.0,0.0,99.0952,103.0,82.0,107.0,0.4772814028826925,0.18241520527261712,0.7849715200550844,120,3,0.0,0,0.16209121314479355,0.7923318110892352
