performance_share,resource_share,case_id,utility,n_satellites,n_planes,cn_fraction_percent,n_central_nodes,performance_composite,resource_efficiency_composite
0.0,1.0,T060_P03_H0500_I0986_CN000_F1,1.0,60,3,0.0,0,0.004435631518139636,1.0
0.01,0.99,T060_P03_H0800_I0986_CN000_F1,0.9904022824033867,60,3,0.0,0,0.15074516653255515,0.998883667412183
0.02,0.98,T060_P10_H0800_I0600_CN000_F1,0.9836216289895306,60,10,0.0,0,0.5310834729907686,0.992857101560934
0.03,0.97,T060_P10_H0800_I0600_CN000_F1,0.9790038927038289,60,10,0.0,0,0.5310834729907686,0.992857101560934
0.04,0.96,T060_P10_H0800_I0600_CN000_F1,0.9743861564181273,60,10,0.0,0,0.5310834729907686,0.992857101560934
0.05,0.95,T060_P10_H0800_I0600_CN000_F1,0.9697684201324256,60,10,0.0,0,0.5310834729907686,0.992857101560934
0.06,0.94,T060_P10_H0800_I0600_CN000_F1,0.9651506838467241,60,10,0.0,0,0.5310834729907686,0.992857101560934
0.07,0.9299999999999999,T060_P10_H0800_I0600_CN000_F1,0.9605329475610224,60,10,0.0,0,0.5310834729907686,0.992857101560934
0.08,0.92,T060_P10_H0800_I0600_CN000_F1,0.9559152112753209,60,10,0.0,0,0.5310834729907686,0.992857101560934
0.09,0.91,T060_P10_H0800_I0600_CN000_F1,0.9512974749896191,60,10,0.0,0,0.5310834729907686,0.992857101560934
0.1,0.9,T060_P10_H0800_I0600_CN000_F1,0.9466797387039175,60,10,0.0,0,0.5310834729907686,0.992857101560934
0.11,0.89,T060_P10_H0800_I0600_CN000_F1,0.9420620024182158,60,10,0.0,0,0.5310834729907686,0.992857101560934
0.12,0.88,T060_P05_H0800_I0986_CN020_F1,0.9404118808601507,60,5,20.0,12,0.8668623465641174,0.9504413628096098
0.13,0.87,T060_P05_H0800_I0986_CN020_F1,0.9395760906976958,60,5,20.0,12,0.8668623465641174,0.9504413628096098
0.14,0.86,T060_P05_H0800_I0986_CN020_F1,0.9387403005352408,60,5,20.0,12,0.8668623465641174,0.9504413628096098
0.15,0.85,T060_P05_H0800_I0986_CN020_F1,0.9379045103727859,60,5,20.0,12,0.8668623465641174,0.9504413628096098
0.16,0.84,T060_P05_H0800_I0986_CN020_F1,0.9370687202103309,60,5,20.0,12,0.8668623465641174,0.9504413628096098
0.17,0.83,T060_P05_H0800_I0986_CN020_F1,0.9362329300478761,60,5,20.0,12,0.8668623465641174,0.9504413628096098
0.18,0.8200000000000001,T060_P05_H0800_I0986_CN020_F1,0.9353971398854212,60,5,20.0,12,0.8668623465641174,0.9504413628096098
0.19,0.81,T060_P05_H0800_I0986_CN020_F1,0.9345613497229663,60,5,20.0,12,0.8668623465641174,0.9504413628096098
0.2,0.8,T060_P05_H0800_I0986_CN020_F1,0.9337255595605113,60,5,20.0,12,0.8668623465641174,0.9504413628096098
0.21,0.79,T060_P05_H0800_I0986_CN020_F1,0.9328897693980565,60,5,20.0,12,0.8668623465641174,0.9504413628096098
0.22,0.78,T060_P05_H0800_I0986_CN020_F1,0.9320539792356015,60,5,20.0,12,0.8668623465641174,0.9504413628096098
0.23,0.77,T060_P05_H0800_I0986_CN020_F1,0.9312181890731466,60,5,20.0,12,0.8668623465641174,0.9504413628096098
0.24,0.76,T060_P05_H0800_I0986_CN020_F1,0.9303823989106916,60,5,20.0,12,0.8668623465641174,0.9504413628096098
0.25,0.75,T060_P05_H1000_I0986_CN030_F1,0.9298711775083286,60,5,30.0,18,0.9251234398445178,0.9314537567295988
0.26,0.74,T060_P05_H1000_I0986_CN030_F1,0.9298078743394779,60,5,30.0,18,0.9251234398445178,0.9314537567295988
0.27,0.73,T060_P05_H1000_I0986_CN030_F1,0.9297445711706269,60,5,30.0,18,0.9251234398445178,0.9314537567295988
0.28,0.72,T060_P05_H1000_I0986_CN030_F1,0.9296812680017762,60,5,30.0,18,0.9251234398445178,0.9314537567295988
0.29,0.71,T060_P05_H1000_I0986_CN030_F1,0.9296179648329252,60,5,30.0,18,0.9251234398445178,0.9314537567295988
0.3,0.7,T060_P10_H0800_I0986_CN030_F1,0.9296123679687465,60,10,30.0,18,0.9313941230471665,0.9288487586494237
0.31,0.69,T060_P10_H0800_I0986_CN040_F1,0.9296945053657171,60,10,40.0,24,0.9671297600662229,0.9128757677466492
0.32,0.6799999999999999,T060_P10_H0800_I0986_CN040_F1,0.9302370452889128,60,10,40.0,24,0.9671297600662229,0.9128757677466492
0.33,0.6699999999999999,T060_P10_H0800_I0986_CN040_F1,0.9307795852121086,60,10,40.0,24,0.9671297600662229,0.9128757677466492
0.34,0.6599999999999999,T060_P10_H0800_I0986_CN040_F1,0.9313221251353042,60,10,40.0,24,0.9671297600662229,0.9128757677466492
0.35000000000000003,0.6499999999999999,T060_P10_H0800_I0986_CN040_F1,0.9318646650585,60,10,40.0,24,0.9671297600662229,0.9128757677466492
0.36,0.64,T060_P10_H0800_I0986_CN040_F1,0.9324072049816957,60,10,40.0,24,0.9671297600662229,0.9128757677466492
0.37,0.63,T060_P10_H0800_I0986_CN040_F1,0.9329497449048916,60,10,40.0,24,0.9671297600662229,0.9128757677466492
0.38,0.62,T060_P10_H0800_I0986_CN040_F1,0.9334922848280873,60,10,40.0,24,0.9671297600662229,0.9128757677466492
0.39,0.61,T060_P10_H0800_I0986_CN040_F1,0.9340348247512829,60,10,40.0,24,0.9671297600662229,0.9128757677466492
0.4,0.6,T060_P10_H0800_I0986_CN040_F1,0.9345773646744787,60,10,40.0,24,0.9671297600662229,0.9128757677466492
0.41000000000000003,0.59,T060_P10_H0800_I0986_CN040_F1,0.9351199045976744,60,10,40.0,24,0.9671297600662229,0.9128757677466492
0.42,0.5800000000000001,T060_P10_H0800_I0986_CN040_F1,0.9356624445208702,60,10,40.0,24,0.9671297600662229,0.9128757677466492
0.43,0.5700000000000001,T060_P10_H0800_I0986_CN040_F1,0.9362049844440661,60,10,40.0,24,0.9671297600662229,0.9128757677466492
0.44,0.56,T060_P10_H0800_I0986_CN040_F1,0.9367475243672616,60,10,40.0,24,0.9671297600662229,0.9128757677466492
0.45,0.55,T060_P10_H0800_I0986_CN040_F1,0.9372900642904574,60,10,40.0,24,0.9671297600662229,0.9128757677466492
0.46,0.54,T060_P10_H0800_I0986_CN040_F1,0.9378326042136531,60,10,40.0,24,0.9671297600662229,0.9128757677466492
0.47000000000000003,0.53,T060_P10_H0800_I0986_CN040_F1,0.9383751441368489,60,10,40.0,24,0.9671297600662229,0.9128757677466492
0.48,0.52,T060_P10_H0800_I0986_CN040_F1,0.9389176840600446,60,10,40.0,24,0.9671297600662229,0.9128757677466492
0.49,0.51,T060_P10_H0800_I0986_CN040_F1,0.9394602239832404,60,10,40.0,24,0.9671297600662229,0.9128757677466492
0.5,0.5,T060_P10_H0800_I0986_CN040_F1,0.9400027639064361,60,10,40.0,24,0.9671297600662229,0.9128757677466492
0.51,0.49,T060_P10_H0800_I0986_CN040_F1,0.9405453038296318,60,10,40.0,24,0.9671297600662229,0.9128757677466492
0.52,0.48,T060_P10_H0800_I0986_CN040_F1,0.9410878437528276,60,10,40.0,24,0.9671297600662229,0.9128757677466492
0.53,0.47,T060_P10_H0800_I0986_CN040_F1,0.9416303836760233,60,10,40.0,24,0.9671297600662229,0.9128757677466492
0.54,0.45999999999999996,T060_P10_H0800_I0986_CN040_F1,0.9421729235992189,60,10,40.0,24,0.9671297600662229,0.9128757677466492
0.55,0.44999999999999996,T060_P10_H0800_I0986_CN040_F1,0.9427154635224148,60,10,40.0,24,0.9671297600662229,0.9128757677466492
0.56,0.43999999999999995,T060_P10_H0800_I0986_CN040_F1,0.9432580034456105,60,10,40.0,24,0.9671297600662229,0.9128757677466492
0.5700000000000001,0.42999999999999994,T060_P10_H0800_I0986_CN040_F1,0.9438005433688061,60,10,40.0,24,0.9671297600662229,0.9128757677466492
0.58,0.42000000000000004,T060_P10_H0800_I0986_CN040_F1,0.944343083292002,60,10,40.0,24,0.9671297600662229,0.9128757677466492
0.59,0.41000000000000003,T060_P10_H0800_I0986_CN040_F1,0.9448856232151976,60,10,40.0,24,0.9671297600662229,0.9128757677466492
0.6,0.4,T060_P10_H0800_I0986_CN040_F1,0.9454281631383934,60,10,40.0,24,0.9671297600662229,0.9128757677466492
0.61,0.39,T060_P10_H0800_I0986_CN040_F1,0.9459707030615891,60,10,40.0,24,0.9671297600662229,0.9128757677466492
0.62,0.38,T060_P10_H0800_I0986_CN040_F1,0.9465132429847849,60,10,40.0,24,0.9671297600662229,0.9128757677466492
0.63,0.37,T060_P10_H0800_I0986_CN040_F1,0.9470557829079806,60,10,40.0,24,0.9671297600662229,0.9128757677466492
0.64,0.36,T060_P10_H0800_I0986_CN040_F1,0.9475983228311764,60,10,40.0,24,0.9671297600662229,0.9128757677466492
0.65,0.35,T060_P10_H0800_I0986_CN040_F1,0.9481408627543721,60,10,40.0,24,0.9671297600662229,0.9128757677466492
0.66,0.33999999999999997,T060_P10_H0800_I0986_CN040_F1,0.9486834026775678,60,10,40.0,24,0.9671297600662229,0.9128757677466492
0.67,0.32999999999999996,T060_P10_H0800_I0986_CN040_F1,0.9492259426007637,60,10,40.0,24,0.9671297600662229,0.9128757677466492
0.68,0.31999999999999995,T060_P10_H0800_I0986_CN040_F1,0.9497684825239593,60,10,40.0,24,0.9671297600662229,0.9128757677466492
0.6900000000000001,0.30999999999999994,T060_P10_H0800_I0986_CN040_F1,0.950311022447155,60,10,40.0,24,0.9671297600662229,0.9128757677466492
0.7000000000000001,0.29999999999999993,T060_P10_H0800_I0986_CN040_F1,0.9508535623703507,60,10,40.0,24,0.9671297600662229,0.9128757677466492
0.71,0.29000000000000004,T060_P10_H0800_I0986_CN040_F1,0.9513961022935465,60,10,40.0,24,0.9671297600662229,0.9128757677466492
0.72,0.28,T060_P10_H0800_I0986_CN040_F1,0.9519386422167422,60,10,40.0,24,0.9671297600662229,0.9128757677466492
0.73,0.27,T060_P10_H0800_I0986_CN040_F1,0.9524811821399379,60,10,40.0,24,0.9671297600662229,0.9128757677466492
0.74,0.26,T060_P10_H0800_I0986_CN040_F1,0.9530237220631338,60,10,40.0,24,0.9671297600662229,0.9128757677466492
0.75,0.25,T060_P10_H0800_I0986_CN040_F1,0.9535662619863294,60,10,40.0,24,0.9671297600662229,0.9128757677466492
0.76,0.24,T060_P10_H0800_I0986_CN040_F1,0.9541088019095252,60,10,40.0,24,0.9671297600662229,0.9128757677466492
0.77,0.22999999999999998,T060_P10_H0800_I0986_CN040_F1,0.9546513418327209,60,10,40.0,24,0.9671297600662229,0.9128757677466492
0.78,0.21999999999999997,T060_P10_H0800_I0986_CN040_F1,0.9551938817559167,60,10,40.0,24,0.9671297600662229,0.9128757677466492
0.79,0.20999999999999996,T060_P05_H0800_I0800_CN070_F1,0.9560188865981092,60,5,70.0,42,0.9825731354656968,0.8561243313343275
0.8,0.19999999999999996,T060_P05_H0800_I0800_CN070_F1,0.957283374639423,60,5,70.0,42,0.9825731354656968,0.8561243313343275
0.81,0.18999999999999995,T060_P05_H0800_I0800_CN070_F1,0.9585478626807367,60,5,70.0,42,0.9825731354656968,0.8561243313343275
0.8200000000000001,0.17999999999999994,T060_P05_H0800_I0800_CN070_F1,0.9598123507220504,60,5,70.0,42,0.9825731354656968,0.8561243313343275
0.8300000000000001,0.16999999999999993,T060_P05_H0800_I0800_CN070_F1,0.961076838763364,60,5,70.0,42,0.9825731354656968,0.8561243313343275
0.84,0.16000000000000003,T060_P05_H0800_I0800_CN070_F1,0.9623413268046778,60,5,70.0,42,0.9825731354656968,0.8561243313343275
0.85,0.15000000000000002,T060_P05_H0800_I0800_CN070_F1,0.9636058148459914,60,5,70.0,42,0.9825731354656968,0.8561243313343275
0.86,0.14,T060_P05_H0800_I0800_CN100_F1,0.9649268430924123,60,5,100.0,60,0.9911757969609238,0.8036832693286982
0.87,0.13,T060_P05_H0800_I0800_CN100_F1,0.9668017683687345,60,5,100.0,60,0.9911757969609238,0.8036832693286982
0.88,0.12,T060_P05_H0800_I0800_CN100_F1,0.9686766936450568,60,5,100.0,60,0.9911757969609238,0.8036832693286982
0.89,0.10999999999999999,T060_P05_H0800_I0800_CN100_F1,0.970551618921379,60,5,100.0,60,0.9911757969609238,0.8036832693286982
0.9,0.09999999999999998,T060_P05_H0800_I0800_CN100_F1,0.9724265441977012,60,5,100.0,60,0.9911757969609238,0.8036832693286982
0.91,0.08999999999999997,T060_P05_H0800_I0800_CN100_F1,0.9743014694740235,60,5,100.0,60,0.9911757969609238,0.8036832693286982
0.92,0.07999999999999996,T060_P05_H0800_I0800_CN100_F1,0.9761763947503458,60,5,100.0,60,0.9911757969609238,0.8036832693286982
0.93,0.06999999999999995,T060_P05_H0800_I0800_CN100_F1,0.978051320026668,60,5,100.0,60,0.9911757969609238,0.8036832693286982
0.9400000000000001,0.05999999999999994,T060_P05_H0800_I0800_CN100_F1,0.9799262453029903,60,5,100.0,60,0.9911757969609238,0.8036832693286982
0.9500000000000001,0.04999999999999993,T060_P05_H0800_I0800_CN100_F1,0.9818011705793125,60,5,100.0,60,0.9911757969609238,0.8036832693286982
0.96,0.040000000000000036,T060_P05_H0800_I0800_CN100_F1,0.9836760958556348,60,5,100.0,60,0.9911757969609238,0.8036832693286982
0.97,0.030000000000000027,T060_P05_H0800_I0800_CN100_F1,0.9855510211319571,60,5,100.0,60,0.9911757969609238,0.8036832693286982
0.98,0.020000000000000018,T060_P05_H0800_I0800_CN100_F1,0.9874259464082793,60,5,100.0,60,0.9911757969609238,0.8036832693286982
0.99,0.010000000000000009,T180_P10_H0500_I0986_CN070_F1,0.9913439051868302,180,10,70.0,126,0.9997538427290533,0.15876008850675336
1.0,0.0,T180_P10_H0800_I0800_CN100_F1,1.0,180,10,100.0,180,1.0,0.0
