region,performance_weight,n_satellites,cn_fraction_percent,case_id
California,0.0,60,0.0,T060_P03_H0500_I0986_CN000_F1
California,0.01,60,20.0,T060_P05_H1000_I0986_CN020_F1
California,0.02,60,20.0,T060_P05_H0800_I0986_CN020_F1
California,0.03,60,20.0,T060_P05_H0800_I0986_CN020_F1
California,0.04,60,40.0,T060_P10_H0800_I0986_CN040_F1
California,0.05,60,40.0,T060_P10_H0800_I0986_CN040_F1
California,0.06,60,40.0,T060_P10_H0800_I0986_CN040_F1
California,0.07,60,40.0,T060_P10_H0800_I0986_CN040_F1
California,0.08,60,40.0,T060_P10_H0800_I0986_CN040_F1
California,0.09,60,40.0,T060_P10_H0800_I0986_CN040_F1
California,0.1,60,40.0,T060_P10_H0800_I0986_CN040_F1
California,0.11,60,40.0,T060_P10_H0800_I0986_CN040_F1
California,0.12,60,40.0,T060_P10_H0800_I0986_CN040_F1
California,0.13,60,40.0,T060_P10_H0800_I0986_CN040_F1
California,0.14,60,40.0,T060_P10_H0800_I0986_CN040_F1
California,0.15,60,40.0,T060_P10_H0800_I0986_CN040_F1
California,0.16,60,40.0,T060_P10_H0800_I0986_CN040_F1
California,0.17,60,40.0,T060_P10_H0800_I0986_CN040_F1
California,0.18,60,40.0,T060_P10_H0800_I0986_CN040_F1
California,0.19,60,40.0,T060_P10_H0800_I0986_CN040_F1
California,0.2,60,40.0,T060_P10_H0800_I0986_CN040_F1
California,0.21,60,40.0,T060_P10_H0800_I0986_CN040_F1
California,0.22,60,40.0,T060_P10_H0800_I0986_CN040_F1
California,0.23,60,40.0,T060_P10_H0800_I0986_CN040_F1
California,0.24,60,40.0,T060_P10_H0800_I0986_CN040_F1
California,0.25,60,40.0,T060_P10_H0800_I0986_CN040_F1
California,0.26,60,40.0,T060_P10_H0800_I0986_CN040_F1
California,0.27,60,40.0,T060_P10_H0800_I0986_CN040_F1
California,0.28,60,40.0,T060_P10_H0800_I0986_CN040_F1
California,0.29,60,40.0,T060_P10_H0800_I0986_CN040_F1
California,0.3,60,40.0,T060_P10_H0800_I0986_CN040_F1
California,0.31,60,40.0,T060_P10_H0800_I0986_CN040_F1
California,0.32,60,40.0,T060_P10_H0800_I0986_CN040_F1
California,0.33,60,40.0,T060_P10_H0800_I0986_CN040_F1
California,0.34,60,40.0,T060_P10_H0800_I0986_CN040_F1
California,0.35000000000000003,60,40.0,T060_P10_H0800_I0986_CN040_F1
California,0.36,60,40.0,T060_P10_H0800_I0986_CN040_F1
California,0.37,60,40.0,T060_P10_H0800_I0986_CN040_F1
California,0.38,60,40.0,T060_P10_H0800_I0986_CN040_F1
California,0.39,60,40.0,T060_P10_H0800_I0986_CN040_F1
California,0.4,60,40.0,T060_P10_H0800_I0986_CN040_F1
California,0.41000000000000003,60,40.0,T060_P10_H0800_I0986_CN040_F1
California,0.42,60,40.0,T060_P10_H0800_I0986_CN040_F1
California,0.43,60,40.0,T060_P10_H0800_I0986_CN040_F1
California,0.44,60,40.0,T060_P10_H0800_I0986_CN040_F1
California,0.45,60,40.0,T060_P10_H0800_I0986_CN040_F1
California,0.46,60,40.0,T060_P10_H0800_I0986_CN040_F1
California,0.47000000000000003,60,40.0,T060_P10_H0800_I0986_CN040_F1
California,0.48,60,40.0,T060_P10_H0800_I0986_CN040_F1
California,0.49,60,40.0,T060_P10_H0800_I0986_CN040_F1
California,0.5,60,40.0,T060_P10_H0800_I0986_CN040_F1
California,0.51,60,40.0,T060_P10_H0800_I0986_CN040_F1
California,0.52,60,40.0,T060_P10_H0800_I0986_CN040_F1
California,0.53,60,40.0,T060_P10_H0800_I0986_CN040_F1
California,0.54,60,40.0,T060_P10_H0800_I0986_CN040_F1
California,0.55,60,40.0,T060_P10_H0800_I0986_CN040_F1
California,0.56,60,40.0,T060_P10_H0800_I0986_CN040_F1
California,0.5700000000000001,60,40.0,T060_P10_H0800_I0986_CN040_F1
California,0.58,60,40.0,T060_P10_H0800_I0986_CN040_F1
California,0.59,60,40.0,T060_P10_H0800_I0986_CN040_F1
California,0.6,60,40.0,T060_P10_H0800_I0986_CN040_F1
California,0.61,60,40.0,T060_P10_H0800_I0986_CN040_F1
California,0.62,60,40.0,T060_P10_H0800_I0986_CN040_F1
California,0.63,60,40.0,T060_P10_H0800_I0986_CN040_F1
California,0.64,60,40.0,T060_P10_H0800_I0986_CN040_F1
California,0.65,60,40.0,T060_P10_H0800_I0986_CN040_F1
California,0.66,60,40.0,T060_P10_H0800_I0986_CN040_F1
California,0.67,60,40.0,T060_P10_H0800_I0986_CN040_F1
California,0.68,60,40.0,T060_P10_H0800_I0986_CN040_F1
California,0.6900000000000001,60,40.0,T060_P10_H0800_I0986_CN040_F1
California,0.7000000000000001,60,40.0,T060_P10_H0800_I0986_CN040_F1
California,0.71,60,40.0,T060_P10_H0800_I0986_CN040_F1
California,0.72,60,40.0,T060_P10_H0800_I0986_CN040_F1
California,0.73,60,40.0,T060_P10_H0800_I0986_CN040_F1
California,0.74,60,40.0,T060_P10_H0800_I0986_CN040_F1
California,0.75,60,40.0,T060_P10_H0800_I0986_CN040_F1
California,0.76,60,40.0,T060_P10_H0800_I0986_CN040_F1
California,0.77,60,40.0,T060_P10_H0800_I0986_CN040_F1
California,0.78,60,40.0,T060_P10_H0800_I0986_CN040_F1
California,0.79,60,40.0,T060_P10_H0800_I0986_CN040_F1
California,0.8,60,40.0,T060_P10_H0800_I0986_CN040_F1
California,0.81,60,40.0,T060_P10_H0800_I0986_CN040_F1
California,0.8200000000000001,60,40.0,T060_P10_H0800_I0986_CN040_F1
California,0.8300000000000001,60,40.0,T060_P10_H0800_I0986_CN040_F1
California,0.84,60,40.0,T060_P10_H0800_I0986_CN040_F1
California,0.85,60,40.0,T060_P10_H0800_I0986_CN040_F1
California,0.86,60,40.0,T060_P10_H0800_I0986_CN040_F1
California,0.87,60,40.0,T060_P10_H0800_I0986_CN040_F1
California,0.88,60,40.0,T060_P10_H0800_I0986_CN040_F1
California,0.89,60,40.0,T060_P10_H0800_I0986_CN040_F1
California,0.9,60,40.0,T060_P10_H0800_I0986_CN040_F1
California,0.91,60,40.0,T060_P10_H0800_I0986_CN040_F1
California,0.92,60,40.0,T060_P10_H0800_I0986_CN040_F1
California,0.93,60,40.0,T060_P10_H0800_I0986_CN040_F1
California,0.9400000000000001,60,40.0,T060_P10_H0800_I0986_CN040_F1
California,0.9500000000000001,60,40.0,T060_P10_H0800_I0986_CN040_F1
California,0.96,60,40.0,T060_P10_H0800_I0986_CN040_F1
California,0.97,60,40.0,T060_P10_H0800_I0986_CN040_F1
California,0.98,60,40.0,T060_P10_H0800_I0986_CN040_F1
California,0.99,60,40.0,T060_P10_H0800_I0986_CN040_F1
California,1.0,60,70.0,T060_P05_H0500_I0800_CN070_F1
India,0.0,60,0.0,T060_P03_H0500_I0800_CN000_F1
India,0.01,60,0.0,T060_P03_H0500_I0800_CN000_F1
India,0.02,60,0.0,T060_P03_H0500_I0800_CN000_F1
India,0.03,60,0.0,T060_P03_H0500_I0800_CN000_F1
India,0.04,60,0.0,T060_P03_H0500_I0800_CN000_F1
India,0.05,60,0.0,T060_P03_H0500_I0800_CN000_F1
India,0.06,60,0.0,T060_P03_H0500_I0800_CN000_F1
India,0.07,60,0.0,T060_P05_H1000_I0600_CN000_F1
India,0.08,60,0.0,T060_P05_H1000_I0600_CN000_F1
India,0.09,60,0.0,T060_P05_H1000_I0600_CN000_F1
India,0.1,60,0.0,T060_P05_H1000_I0600_CN000_F1
India,0.11,60,0.0,T060_P05_H1000_I0600_CN000_F1
India,0.12,60,0.0,T060_P05_H1000_I0600_CN000_F1
India,0.13,60,0.0,T060_P05_H1000_I0600_CN000_F1
India,0.14,60,20.0,T060_P05_H0500_I0800_CN020_F1
India,0.15,60,20.0,T060_P05_H0500_I0800_CN020_F1
India,0.16,60,20.0,T060_P05_H0500_I0800_CN020_F1
India,0.17,60,20.0,T060_P05_H0500_I0800_CN020_F1
India,0.18,60,20.0,T060_P05_H0500_I0800_CN020_F1
India,0.19,60,30.0,T060_P10_H0500_I0800_CN030_F1
India,0.2,60,30.0,T060_P10_H0500_I0800_CN030_F1
India,0.21,60,30.0,T060_P10_H0500_I0800_CN030_F1
India,0.22,60,30.0,T060_P10_H0500_I0800_CN030_F1
India,0.23,60,30.0,T060_P10_H0500_I0800_CN030_F1
India,0.24,60,30.0,T060_P10_H0500_I0800_CN030_F1
India,0.25,60,30.0,T060_P10_H0500_I0800_CN030_F1
India,0.26,60,30.0,T060_P10_H0500_I0800_CN030_F1
India,0.27,60,30.0,T060_P10_H0500_I0800_CN030_F1
India,0.28,60,30.0,T060_P10_H0500_I0800_CN030_F1
India,0.29,60,30.0,T060_P10_H0500_I0800_CN030_F1
India,0.3,60,30.0,T060_P10_H0500_I0800_CN030_F1
India,0.31,60,30.0,T060_P10_H0500_I0800_CN030_F1
India,0.32,60,30.0,T060_P10_H0500_I0800_CN030_F1
India,0.33,60,60.0,T060_P10_H0800_I0986_CN060_F1
India,0.34,60,60.0,T060_P10_H0800_I0986_CN060_F1
India,0.35000000000000003,60,60.0,T060_P10_H0800_I0986_CN060_F1
India,0.36,60,60.0,T060_P10_H0800_I0986_CN060_F1
India,0.37,60,60.0,T060_P10_H0800_I0986_CN060_F1
India,0.38,60,60.0,T060_P10_H0800_I0986_CN060_F1
India,0.39,60,60.0,T060_P10_H0800_I0986_CN060_F1
India,0.4,60,60.0,T060_P10_H0800_I0986_CN060_F1
India,0.41000000000000003,60,60.0,T060_P10_H0800_I0986_CN060_F1
India,0.42,60,60.0,T060_P10_H0800_I0986_CN060_F1
India,0.43,60,60.0,T060_P10_H0800_I0986_CN060_F1
India,0.44,60,60.0,T060_P10_H0800_I0986_CN060_F1
India,0.45,60,60.0,T060_P10_H0800_I0986_CN060_F1
India,0.46,60,60.0,T060_P10_H0800_I0986_CN060_F1
India,0.47000000000000003,60,60.0,T060_P10_H0800_I0986_CN060_F1
India,0.48,60,60.0,T060_P10_H0800_I0986_CN060_F1
India,0.49,60,60.0,T060_P10_H0800_I0986_CN060_F1
India,0.5,60,60.0,T060_P10_H0800_I0986_CN060_F1
India,0.51,60,60.0,T060_P10_H0800_I0986_CN060_F1
India,0.52,60,60.0,T060_P10_H0800_I0986_CN060_F1
India,0.53,60,60.0,T060_P10_H0800_I0986_CN060_F1
India,0.54,60,60.0,T060_P10_H0800_I0986_CN060_F1
India,0.55,60,60.0,T060_P10_H0800_I0986_CN060_F1
India,0.56,60,60.0,T060_P10_H0800_I0986_CN060_F1
India,0.5700000000000001,60,60.0,T060_P10_H0800_I0986_CN060_F1
India,0.58,60,60.0,T060_P10_H0800_I0986_CN060_F1
India,0.59,60,60.0,T060_P10_H0800_I0986_CN060_F1
India,0.6,60,60.0,T060_P10_H0800_I0986_CN060_F1
India,0.61,60,60.0,T060_P10_H0800_I0986_CN060_F1
India,0.62,60,60.0,T060_P10_H0800_I0986_CN060_F1
India,0.63,60,60.0,T060_P10_H0800_I0986_CN060_F1
India,0.64,60,60.0,T060_P10_H0800_I0986_CN060_F1
India,0.65,60,60.0,T060_P10_H0800_I0986_CN060_F1
India,0.66,60,60.0,T060_P10_H0800_I0986_CN060_F1
India,0.67,60,60.0,T060_P10_H0800_I0986_CN060_F1
India,0.68,60,60.0,T060_P10_H0800_I0986_CN060_F1
India,0.6900000000000001,60,60.0,T060_P10_H0800_I0986_CN060_F1
India,0.7000000000000001,60,60.0,T060_P10_H0800_I0986_CN060_F1
India,0.71,60,60.0,T060_P10_H0800_I0986_CN060_F1
India,0.72,60,60.0,T060_P10_H0800_I0986_CN060_F1
India,0.73,60,60.0,T060_P10_H0800_I0986_CN060_F1
India,0.74,60,60.0,T060_P10_H0800_I0986_CN060_F1
India,0.75,60,60.0,T060_P10_H0800_I0986_CN060_F1
India,0.76,60,60.0,T060_P10_H0800_I0986_CN060_F1
India,0.77,60,60.0,T060_P10_H0800_I0986_CN060_F1
India,0.78,60,60.0,T060_P10_H0800_I0986_CN060_F1
India,0.79,60,60.0,T060_P10_H0800_I0986_CN060_F1
India,0.8,60,60.0,T060_P10_H0800_I0986_CN060_F1
India,0.81,60,60.0,T060_P10_H0800_I0986_CN060_F1
India,0.8200000000000001,60,60.0,T060_P10_H0800_I0986_CN060_F1
India,0.8300000000000001,60,60.0,T060_P10_H0800_I0986_CN060_F1
India,0.84,60,60.0,T060_P10_H0800_I0986_CN060_F1
India,0.85,60,60.0,T060_P10_H0800_I0986_CN060_F1
India,0.86,60,60.0,T060_P10_H0800_I0986_CN060_F1
India,0.87,60,60.0,T060_P10_H0800_I0986_CN060_F1
India,0.88,60,60.0,T060_P10_H0800_I0986_CN060_F1
India,0.89,60,60.0,T060_P10_H0800_I0986_CN060_F1
India,0.9,60,60.0,T060_P10_H0800_I0986_CN060_F1
India,0.91,60,60.0,T060_P10_H0800_I0986_CN060_F1
India,0.92,60,60.0,T060_P10_H0800_I0986_CN060_F1
India,0.93,60,60.0,T060_P10_H0800_I0986_CN060_F1
India,0.9400000000000001,60,60.0,T060_P10_H0800_I0986_CN060_F1
India,0.9500000000000001,60,60.0,T060_P10_H0800_I0986_CN060_F1
India,0.96,60,70.0,T060_P10_H1000_I0986_CN070_F1
India,0.97,60,70.0,T060_P10_H1000_I0986_CN070_F1
India,0.98,60,70.0,T060_P10_H1000_I0986_CN070_F1
India,0.99,60,70.0,T060_P10_H1000_I0986_CN070_F1
India,1.0,60,100.0,T060_P05_H0800_I0800_CN100_F1
