region,check,observed,required,passed
California,case_directories,891,891,True
California,base_architectures,81,81,True
California,success_markers,891,891,True
California,failed_markers,0,0,True
California,validation_failures,0,0,True
California,unique_scenario_rows,480249,480249,True
California,failed_status_rows,0,0,True
California,conflicting_duplicate_keys,0,0,True
California,balanced_base_architectures,81,81,True
California,balanced_cases,891,891,True
California,cases_with_exactly_539_unique_scenarios,891,891,True
California,cn_levels_present,11,11,True
India,case_directories,891,891,True
India,base_architectures,81,81,True
India,success_markers,891,891,True
India,failed_markers,0,0,True
India,validation_failures,0,0,True
India,unique_scenario_rows,480249,480249,True
India,failed_status_rows,0,0,True
India,conflicting_duplicate_keys,0,0,True
India,balanced_base_architectures,81,81,True
India,balanced_cases,891,891,True
India,cases_with_exactly_539_unique_scenarios,891,891,True
India,cn_levels_present,11,11,True
