region,scenario_id,event_name,cn_fraction_percent,priority_classes,equal_weight_event_probability,equal_weight_standardized_speed
California,nominal_original,follow_up_observation,0.0,3,0.2648033836305441,0.14660362315619224
California,nominal_original,follow_up_observation,10.0,3,0.6146833561957018,0.30521553339175933
California,nominal_original,follow_up_observation,20.0,3,0.6497485139460447,0.32999787782180895
California,nominal_original,follow_up_observation,30.0,3,0.6655235482395976,0.351542296969466
California,nominal_original,follow_up_observation,40.0,3,0.6702389117512574,0.34698214353757045
California,nominal_original,follow_up_observation,50.0,3,0.6857853223593963,0.36204724836576396
California,nominal_original,follow_up_observation,60.0,3,0.6792409693644261,0.36785821150654535
California,nominal_original,follow_up_observation,70.0,3,0.6629229538180156,0.3681166832842216
California,nominal_original,follow_up_observation,80.0,3,0.6366598079561042,0.35405530258768136
California,nominal_original,follow_up_observation,90.0,3,0.5838191586648377,0.32072858716913066
California,nominal_original,follow_up_observation,100.0,3,0.3515374942844079,0.18014679016579457
California,nominal_original,full_dissemination_S100,0.0,3,0.008144718792866941,0.0024286265432098553
California,nominal_original,full_dissemination_S100,10.0,3,0.014660493827160491,0.0061828437769900395
California,nominal_original,full_dissemination_S100,20.0,3,0.013374485596707819,0.00560595199537639
California,nominal_original,full_dissemination_S100,30.0,3,0.011574074074074075,0.006124422685502469
California,nominal_original,full_dissemination_S100,40.0,3,0.0033436213991769547,0.0015335767222980357
California,nominal_original,full_dissemination_S100,50.0,3,0.004115226337448559,0.002974656111872679
California,nominal_original,full_dissemination_S100,60.0,3,0.0014574759945130313,0.0009532357395975281
California,nominal_original,full_dissemination_S100,70.0,3,0.0010288065843621398,0.0009441572756312411
California,nominal_original,full_dissemination_S100,80.0,3,0.0005144032921810699,0.0003265468615048321
California,nominal_original,full_dissemination_S100,90.0,3,0.0005144032921810699,0.00039470232084792833
California,nominal_original,full_dissemination_S100,100.0,3,0.0,0.0
California,unlimited_useful_deadline,follow_up_observation,0.0,3,0.2794638774577046,0.1566154856559806
California,unlimited_useful_deadline,follow_up_observation,10.0,3,0.6838991769547325,0.3920210810089924
California,unlimited_useful_deadline,follow_up_observation,20.0,3,0.7481138545953362,0.4466427008713103
California,unlimited_useful_deadline,follow_up_observation,30.0,3,0.7880658436213993,0.48696640978255346
California,unlimited_useful_deadline,follow_up_observation,40.0,3,0.8094993141289436,0.5038603347431794
California,unlimited_useful_deadline,follow_up_observation,50.0,3,0.830761316872428,0.5316214182289285
California,unlimited_useful_deadline,follow_up_observation,60.0,3,0.8432784636488341,0.5445222082507747
California,unlimited_useful_deadline,follow_up_observation,70.0,3,0.838906035665295,0.552578589391861
California,unlimited_useful_deadline,follow_up_observation,80.0,3,0.8485082304526749,0.5646223263730122
California,unlimited_useful_deadline,follow_up_observation,90.0,3,0.8566529492455418,0.5783889015902047
California,unlimited_useful_deadline,follow_up_observation,100.0,3,0.8617112482853223,0.5868732535690698
California,unlimited_useful_deadline,full_dissemination_S100,0.0,3,0.0498113854595336,0.012095320200172751
California,unlimited_useful_deadline,full_dissemination_S100,10.0,3,0.48236739826246006,0.261474994769521
California,unlimited_useful_deadline,full_dissemination_S100,20.0,3,0.7010173754000913,0.4197348689971819
California,unlimited_useful_deadline,full_dissemination_S100,30.0,3,0.7889831961591222,0.48623956512097344
California,unlimited_useful_deadline,full_dissemination_S100,40.0,3,0.8189407578875172,0.5139855502677352
California,unlimited_useful_deadline,full_dissemination_S100,50.0,3,0.8453789437585734,0.5423295394165163
California,unlimited_useful_deadline,full_dissemination_S100,60.0,3,0.8644143986157875,0.5566123726957241
California,unlimited_useful_deadline,full_dissemination_S100,70.0,3,0.8686930011004086,0.5714203423342963
California,unlimited_useful_deadline,full_dissemination_S100,80.0,3,0.8825182019626464,0.5868282287379795
California,unlimited_useful_deadline,full_dissemination_S100,90.0,3,0.8938209253024066,0.6051990265399244
California,unlimited_useful_deadline,full_dissemination_S100,100.0,3,0.9015541214615289,0.6205863110863966
India,nominal_original,follow_up_observation,0.0,3,0.3224623097759857,0.13730510175592933
India,nominal_original,follow_up_observation,10.0,3,0.6066602328183168,0.27444149203160334
India,nominal_original,follow_up_observation,20.0,3,0.6939057598988153,0.3296441697346389
India,nominal_original,follow_up_observation,30.0,3,0.7316538124984312,0.3644743616587795
India,nominal_original,follow_up_observation,40.0,3,0.7365515413498405,0.37879173009961287
India,nominal_original,follow_up_observation,50.0,3,0.7411084058246161,0.3851819508248758
India,nominal_original,follow_up_observation,60.0,3,0.7250219069689647,0.3874610436097789
India,nominal_original,follow_up_observation,70.0,3,0.7055292962468819,0.3813852689475549
India,nominal_original,follow_up_observation,80.0,3,0.6755989806144133,0.36233847956607024
India,nominal_original,follow_up_observation,90.0,3,0.6059486943361527,0.3170670088628063
India,nominal_original,follow_up_observation,100.0,3,0.3859012548795679,0.20156853877181588
India,nominal_original,full_dissemination_S100,0.0,3,0.006553107256342157,0.003076465458530316
India,nominal_original,full_dissemination_S100,10.0,3,0.008477650390449289,0.004133774793217008
India,nominal_original,full_dissemination_S100,20.0,3,0.01197914446859597,0.004625289751508148
India,nominal_original,full_dissemination_S100,30.0,3,0.011327527501929766,0.004557041335459866
India,nominal_original,full_dissemination_S100,40.0,3,0.008872598464722244,0.0029885035515737255
India,nominal_original,full_dissemination_S100,50.0,3,0.004471342586673109,0.0011627795816859428
India,nominal_original,full_dissemination_S100,60.0,3,0.0025392225110931186,0.0008715286054095106
India,nominal_original,full_dissemination_S100,70.0,3,0.002225726557653422,0.000694293311209293
India,nominal_original,full_dissemination_S100,80.0,3,0.0021831062618685683,0.0006838646977783321
India,nominal_original,full_dissemination_S100,90.0,3,0.001808994776645972,0.0004356573408898316
India,nominal_original,full_dissemination_S100,100.0,3,2.0836589050372107e-05,2.027877619770191e-05
India,unlimited_useful_deadline,follow_up_observation,0.0,3,0.31643962586218394,0.14340354176144054
India,unlimited_useful_deadline,follow_up_observation,10.0,3,0.6112656253168012,0.29629041212603896
India,unlimited_useful_deadline,follow_up_observation,20.0,3,0.7022545078382313,0.3579659202522418
India,unlimited_useful_deadline,follow_up_observation,30.0,3,0.7507549463446864,0.40718389475230027
India,unlimited_useful_deadline,follow_up_observation,40.0,3,0.7668760333110893,0.43360587038822335
India,unlimited_useful_deadline,follow_up_observation,50.0,3,0.7782608747793747,0.4548260380603876
India,unlimited_useful_deadline,follow_up_observation,60.0,3,0.7888985161982093,0.47309836886881534
India,unlimited_useful_deadline,follow_up_observation,70.0,3,0.7929789856392832,0.4846956382311454
India,unlimited_useful_deadline,follow_up_observation,80.0,3,0.7955013303584032,0.4958129591203197
India,unlimited_useful_deadline,follow_up_observation,90.0,3,0.7970824594592019,0.5042012194102365
India,unlimited_useful_deadline,follow_up_observation,100.0,3,0.7991276607410004,0.5133124546424975
India,unlimited_useful_deadline,full_dissemination_S100,0.0,3,0.025189770183858446,0.011791791080935568
India,unlimited_useful_deadline,full_dissemination_S100,10.0,3,0.25874123414961825,0.08285400454048397
India,unlimited_useful_deadline,full_dissemination_S100,20.0,3,0.5062380502041156,0.18987664712443153
India,unlimited_useful_deadline,full_dissemination_S100,30.0,3,0.6499492090474085,0.2702982919609884
India,unlimited_useful_deadline,full_dissemination_S100,40.0,3,0.7078726253522304,0.3233880895783325
India,unlimited_useful_deadline,full_dissemination_S100,50.0,3,0.7639176732838685,0.3746166606683119
India,unlimited_useful_deadline,full_dissemination_S100,60.0,3,0.7947306213026195,0.40571411837072274
India,unlimited_useful_deadline,full_dissemination_S100,70.0,3,0.8099343932232479,0.43402160804096757
India,unlimited_useful_deadline,full_dissemination_S100,80.0,3,0.8293634110703083,0.45820368332770106
India,unlimited_useful_deadline,full_dissemination_S100,90.0,3,0.8400335527800138,0.48247334071622144
India,unlimited_useful_deadline,full_dissemination_S100,100.0,3,0.859402255593531,0.516134326904339
