region,family,failure_level_percent,metric,quantity,base_architectures,mean,bootstrap_low,bootstrap_high,p05
California,capacity_degradation,5.0,observation_success_percent,stressed,54,76.30997474747475,71.90643413299664,80.32446864478115,50.0
California,capacity_degradation,5.0,observation_success_percent,delta,54,-0.015782828282828284,-0.05787037037037037,0.021043771043771045,0.0
California,capacity_degradation,5.0,observation_success_percent,retention,54,0.9997991306463975,0.9992823018277192,1.0003281605276386,1.0
California,capacity_degradation,5.0,s100_surviving_before_deadline_percent,stressed,54,72.77988215488216,69.62844591750842,75.8700284090909,0.0
California,capacity_degradation,5.0,s100_surviving_before_deadline_percent,delta,54,-0.1210016835016835,-0.17887205387205388,-0.0683922558922559,0.0
California,capacity_degradation,5.0,s100_surviving_before_deadline_percent,retention,54,0.9984198024314199,0.9975902608865443,0.9991559491169911,1.0
California,capacity_degradation,10.0,observation_success_percent,stressed,54,76.3047138047138,72.19591750841751,80.37681502525253,50.0
California,capacity_degradation,10.0,observation_success_percent,delta,54,-0.021043771043771045,-0.05787037037037037,0.015782828282828284,0.0
California,capacity_degradation,10.0,observation_success_percent,retention,54,0.9997320075426251,0.9992329523687364,1.0002619748528017,1.0
California,capacity_degradation,10.0,s100_surviving_before_deadline_percent,stressed,54,72.77988215488216,69.15916982323232,75.75862794612794,0.0
California,capacity_degradation,10.0,s100_surviving_before_deadline_percent,delta,54,-0.1210016835016835,-0.17887205387205388,-0.0683922558922559,0.0
California,capacity_degradation,10.0,s100_surviving_before_deadline_percent,retention,54,0.9984198024314199,0.9975605459735528,0.9991732505425698,1.0
California,capacity_degradation,20.0,observation_success_percent,stressed,54,75.66287878787878,71.46911826599326,79.3878893097643,50.0
California,capacity_degradation,20.0,observation_success_percent,delta,54,-0.6628787878787878,-0.8785774410774411,-0.4628314393939395,-3.125
California,capacity_degradation,20.0,observation_success_percent,retention,54,0.9913800137083492,0.9884533313563447,0.994238101764939,0.9523809523809523
California,capacity_degradation,20.0,s100_surviving_before_deadline_percent,stressed,54,71.71717171717172,68.80063657407408,74.92148042929293,0.0
California,capacity_degradation,20.0,s100_surviving_before_deadline_percent,delta,54,-1.183712121212121,-1.5365898569023568,-0.8996212121212122,-3.125
California,capacity_degradation,20.0,s100_surviving_before_deadline_percent,retention,54,0.980120182353488,0.973780065456559,0.9855855257850592,0.9318390804597702
California,capacity_degradation,30.0,observation_success_percent,stressed,54,75.55239898989899,71.46753998316498,79.508890993266,50.0
California,capacity_degradation,30.0,observation_success_percent,delta,54,-0.7733585858585859,-1.0312763047138047,-0.5417455808080809,-3.125
California,capacity_degradation,30.0,observation_success_percent,retention,54,0.9900284178136081,0.9863015551831656,0.9933899028684698,0.9461988304093567
California,capacity_degradation,30.0,s100_surviving_before_deadline_percent,stressed,54,71.68034511784512,67.96611952861953,74.89070391414141,0.0
California,capacity_degradation,30.0,s100_surviving_before_deadline_percent,delta,54,-1.2205387205387206,-1.5572390572390573,-0.9206649831649831,-3.125
California,capacity_degradation,30.0,s100_surviving_before_deadline_percent,retention,54,0.979566204804139,0.9727492367411776,0.9856903430227953,0.9310344827586207
California,ground_station_outage,5.0,observation_success_percent,stressed,54,75.04945286195286,70.82579703282828,78.83069409371492,48.744791666666664
California,ground_station_outage,5.0,observation_success_percent,delta,54,-1.2763047138047139,-1.388393483445567,-1.1764827090347925,-2.7083333333333286
California,ground_station_outage,5.0,observation_success_percent,retention,54,0.9831418322983873,0.982018334726785,0.9841410028210757,0.9662499999999999
California,ground_station_outage,5.0,s100_surviving_before_deadline_percent,stressed,54,71.65824915824916,68.4190077861953,74.706360479798,0.0
California,ground_station_outage,5.0,s100_surviving_before_deadline_percent,delta,54,-1.2426346801346801,-1.3419130541526376,-1.1414141414141417,-2.744791666666668
California,ground_station_outage,5.0,s100_surviving_before_deadline_percent,retention,54,0.9812472233483958,0.979932591482145,0.9824580080410121,0.9587628384687208
California,ground_station_outage,10.0,observation_success_percent,stressed,54,71.65316358024691,67.69361146184062,75.121768904321,45.22916666666667
California,ground_station_outage,10.0,observation_success_percent,delta,54,-4.672593995510662,-4.921129699775533,-4.418280022446689,-7.604166666666671
California,ground_station_outage,10.0,observation_success_percent,retention,54,0.9380610408558177,0.9358974820718282,0.9401850732362655,0.9081372549019607
California,ground_station_outage,10.0,s100_surviving_before_deadline_percent,stressed,54,68.3647236251403,65.0050373526936,71.27521745230078,0.0
California,ground_station_outage,10.0,s100_surviving_before_deadline_percent,delta,54,-4.536160213243547,-4.7506444654882145,-4.308462226430976,-7.744791666666663
California,ground_station_outage,10.0,s100_surviving_before_deadline_percent,retention,54,0.9361841276840119,0.9343459896740003,0.9381351086776575,0.903536626344086
California,ground_station_outage,20.0,observation_success_percent,stressed,54,63.18655303030303,59.85965119949494,66.59323267396184,39.583333333333336
California,ground_station_outage,20.0,observation_success_percent,delta,54,-13.139204545454545,-13.856472713243546,-12.42605306537598,-18.22916666666667
California,ground_station_outage,20.0,observation_success_percent,retention,54,0.8269890847110972,0.8235317271984878,0.8299464519595893,0.7901960784313725
California,ground_station_outage,20.0,s100_surviving_before_deadline_percent,stressed,54,60.30531004489339,57.80433238636364,62.95257698512908,0.0
California,ground_station_outage,20.0,s100_surviving_before_deadline_percent,delta,54,-12.595573793490459,-13.193900813692483,-11.951783459595957,-18.33333333333333
California,ground_station_outage,20.0,s100_surviving_before_deadline_percent,retention,54,0.8247526490433181,0.8213297446133804,0.8277401234368625,0.7885277777777777
California,ground_station_outage,30.0,observation_success_percent,stressed,54,55.237093153759815,52.265234813411894,57.96625982042649,35.989583333333336
California,ground_station_outage,30.0,observation_success_percent,delta,54,-21.088664421997755,-22.365056818181817,-19.88510101010101,-29.166666666666668
California,ground_station_outage,30.0,observation_success_percent,retention,54,0.7243409346796075,0.7220576266780278,0.7267665901987789,0.6932413793103449
California,ground_station_outage,30.0,s100_surviving_before_deadline_percent,stressed,54,52.553486251402916,50.07433273709316,54.795879804994385,0.0
California,ground_station_outage,30.0,s100_surviving_before_deadline_percent,delta,54,-20.34739758698092,-21.301307344276097,-19.368533424523005,-29.307291666666664
California,ground_station_outage,30.0,s100_surviving_before_deadline_percent,retention,54,0.7183260565122496,0.7138884946588685,0.7227161767980705,0.6838978494623655
California,link_window_outage,5.0,observation_success_percent,stressed,54,76.04710297418632,71.96693059062851,80.05005348625141,49.859375
California,link_window_outage,5.0,observation_success_percent,delta,54,-0.2786546015712684,-0.33723958333333354,-0.2193769290123458,-1.25
California,link_window_outage,5.0,observation_success_percent,retention,54,0.9963814948325151,0.9956331215050688,0.997082461596391,0.9847186147186147
California,link_window_outage,5.0,s100_surviving_before_deadline_percent,stressed,54,72.19784652076318,68.98177960157125,75.57068953423119,0.0
California,link_window_outage,5.0,s100_surviving_before_deadline_percent,delta,54,-0.7030373176206511,-0.8201108305274972,-0.5950126262626265,-2.7447916666666634
California,link_window_outage,5.0,s100_surviving_before_deadline_percent,retention,54,0.9813172441866342,0.976584778809911,0.9856268001954556,0.9204166666666667
California,link_window_outage,10.0,observation_success_percent,stressed,54,75.71496212121212,71.54213576739618,79.6497439674523,48.838541666666664
California,link_window_outage,10.0,observation_success_percent,delta,54,-0.6107954545454547,-0.7472511574074073,-0.4881935676206511,-2.6041666666666714
California,link_window_outage,10.0,observation_success_percent,retention,54,0.9918673614724208,0.9902827652768178,0.9933742696369418,0.9687037037037037
California,link_window_outage,10.0,s100_surviving_before_deadline_percent,stressed,54,71.51988636363636,68.48048628647587,74.5606542859147,0.0
California,link_window_outage,10.0,s100_surviving_before_deadline_percent,delta,54,-1.380997474747475,-1.593942901234568,-1.1924672067901239,-5.3125
California,link_window_outage,10.0,s100_surviving_before_deadline_percent,retention,54,0.9659229173076465,0.9589747834242962,0.9731780335582602,0.8388888888888889
California,link_window_outage,20.0,observation_success_percent,stressed,54,75.01402918069586,70.8669419893378,78.83123772446689,47.072916666666664
California,link_window_outage,20.0,observation_success_percent,delta,54,-1.3117283950617282,-1.58228991301908,-1.0703125000000002,-4.791666666666671
California,link_window_outage,20.0,observation_success_percent,retention,54,0.9822918399586816,0.97871876385346,0.9852835460123964,0.9385086419753087
California,link_window_outage,20.0,s100_surviving_before_deadline_percent,stressed,54,69.98842592592592,66.74824196829404,72.93933256172839,0.0
California,link_window_outage,20.0,s100_surviving_before_deadline_percent,delta,54,-2.9124579124579126,-3.322017922278339,-2.5180757225028065,-10.703125
California,link_window_outage,20.0,s100_surviving_before_deadline_percent,retention,54,0.9335715124059926,0.9217176477789055,0.9437982596973887,0.6488055555555555
California,link_window_outage,30.0,observation_success_percent,stressed,54,74.05127665544332,70.01672102974184,77.87925259539843,44.21875
California,link_window_outage,30.0,observation_success_percent,delta,54,-2.2744809203142533,-2.7189122124017957,-1.8806379769921437,-7.604166666666667
California,link_window_outage,30.0,observation_success_percent,retention,54,0.9695538046833845,0.9643869983332986,0.9741124633692951,0.9057004830917875
California,link_window_outage,30.0,s100_surviving_before_deadline_percent,stressed,54,68.12692901234568,64.99122737794613,71.22073600589226,0.0
California,link_window_outage,30.0,s100_surviving_before_deadline_percent,delta,54,-4.7739548260381595,-5.364732393378226,-4.225523463804714,-16.083333333333332
California,link_window_outage,30.0,s100_surviving_before_deadline_percent,retention,54,0.9005303202215594,0.8859634137747626,0.9164660257289573,0.4686111111111111
California,random_cn_failure,5.0,observation_success_percent,stressed,54,80.24440586419755,75.93598572530865,84.30556037808641,53.125
California,random_cn_failure,5.0,observation_success_percent,delta,54,-0.6062885802469133,-0.7332947530864194,-0.47894000771604894,-2.2916666666666714
California,random_cn_failure,5.0,observation_success_percent,retention,54,0.9925348273878879,0.9906905983864586,0.9941821551546007,0.9724137931034482
California,random_cn_failure,5.0,s100_surviving_before_deadline_percent,stressed,54,78.41358024691358,74.77857831790124,82.0354263117284,27.041666666666668
California,random_cn_failure,5.0,s100_surviving_before_deadline_percent,delta,54,-1.2391975308641971,-1.450655864197531,-1.0031298225308642,-5.453125000000002
California,random_cn_failure,5.0,s100_surviving_before_deadline_percent,retention,54,0.9766619444141662,0.9715838194308695,0.9814982525907814,0.8839444444444444
California,random_cn_failure,10.0,observation_success_percent,stressed,54,79.80825617283949,75.4644675925926,84.030965470679,53.125
California,random_cn_failure,10.0,observation_success_percent,delta,54,-1.0424382716049385,-1.2667872299382719,-0.8433497299382721,-3.651041666666662
California,random_cn_failure,10.0,observation_success_percent,retention,54,0.9873171491547729,0.9846252794667447,0.9899356261939924,0.9545342312008979
California,random_cn_failure,10.0,s100_surviving_before_deadline_percent,stressed,54,77.45370370370371,74.12636477623457,80.73326099537039,27.72395833333334
California,random_cn_failure,10.0,s100_surviving_before_deadline_percent,delta,54,-2.199074074074074,-2.5233555169753084,-1.8646894290123455,-9.348958333333325
California,random_cn_failure,10.0,s100_surviving_before_deadline_percent,retention,54,0.9618875298809022,0.9549656600014117,0.9685877938570904,0.8093290043290042
California,random_cn_failure,20.0,observation_success_percent,stressed,54,78.68229166666667,74.3629870756173,82.57267554012344,53.125
California,random_cn_failure,20.0,observation_success_percent,delta,54,-2.1684027777777777,-2.6195553626543204,-1.7540075231481482,-6.6770833333333375
California,random_cn_failure,20.0,observation_success_percent,retention,54,0.9734940057207053,0.9674594990815888,0.9785790841996143,0.9199027777777778
California,random_cn_failure,20.0,s100_surviving_before_deadline_percent,stressed,54,75.31057098765433,71.30751832561727,78.80084394290122,18.427083333333336
California,random_cn_failure,20.0,s100_surviving_before_deadline_percent,delta,54,-4.3422067901234565,-4.856148726851851,-3.8616078317901237,-19.166666666666664
California,random_cn_failure,20.0,s100_surviving_before_deadline_percent,retention,54,0.9279535434929512,0.9173160959367006,0.9376331997547711,0.6666666666666667
California,random_cn_failure,30.0,observation_success_percent,stressed,54,77.46315586419753,73.12164834104937,81.3341435185185,53.125
California,random_cn_failure,30.0,observation_success_percent,delta,54,-3.3875385802469133,-4.081110146604938,-2.754210069444445,-9.479166666666671
California,random_cn_failure,30.0,observation_success_percent,retention,54,0.9593921255875263,0.9512890018255943,0.9674281411359635,0.8884971264367816
California,random_cn_failure,30.0,s100_surviving_before_deadline_percent,stressed,54,72.7866512345679,68.71234085648149,76.33994502314812,15.911458333333334
California,random_cn_failure,30.0,s100_surviving_before_deadline_percent,delta,54,-6.866126543209876,-7.634138695987653,-6.157764274691359,-29.59375
California,random_cn_failure,30.0,s100_surviving_before_deadline_percent,retention,54,0.8941416982502569,0.8792839199726278,0.9066960597770812,0.5182471264367816
California,random_satellite_failure,5.0,observation_success_percent,stressed,54,75.8822601010101,72.00746615460156,79.77946127946127,47.96875
California,random_satellite_failure,5.0,observation_success_percent,delta,54,-0.44349747474747453,-0.5373176206509536,-0.35020342312008973,-1.6666666666666714
California,random_satellite_failure,5.0,observation_success_percent,retention,54,0.9940639502240622,0.9927294899098513,0.9954924654281523,0.9777777777777779
California,random_satellite_failure,5.0,s100_surviving_before_deadline_percent,stressed,54,72.36847643097643,69.18046787317623,75.37026076739618,0.0
California,random_satellite_failure,5.0,s100_surviving_before_deadline_percent,delta,54,-0.5324074074074074,-0.6411993195847361,-0.4319102483164982,-2.6406250000000013
California,random_satellite_failure,5.0,s100_surviving_before_deadline_percent,retention,54,0.9954238797471718,0.9919177386539576,0.9998538228570465,0.9552777777777778
California,random_satellite_failure,10.0,observation_success_percent,stressed,54,75.39474607182942,71.3640221661055,79.12984883557802,47.32291666666667
California,random_satellite_failure,10.0,observation_success_percent,delta,54,-0.9310115039281704,-1.1169902146464643,-0.7456158810325478,-3.4375
California,random_satellite_failure,10.0,observation_success_percent,retention,54,0.9876319340139972,0.9847664373069248,0.9899716701122625,0.9562939958592133
California,random_satellite_failure,10.0,s100_surviving_before_deadline_percent,stressed,54,71.73260381593714,68.35851571268238,74.88625403338943,0.0
California,random_satellite_failure,10.0,s100_surviving_before_deadline_percent,delta,54,-1.168280022446689,-1.376144255050505,-0.9770754419191917,-5.90625
California,random_satellite_failure,10.0,s100_surviving_before_deadline_percent,retention,54,0.9888326375953855,0.9821113046900836,0.9976060032783529,0.9051214285714286
California,random_satellite_failure,20.0,observation_success_percent,stressed,54,74.25294612794613,70.44444006032549,78.16644307659931,44.411458333333336
California,random_satellite_failure,20.0,observation_success_percent,delta,54,-2.0728114478114477,-2.472239758698092,-1.696075336700337,-6.635416666666664
California,random_satellite_failure,20.0,observation_success_percent,retention,54,0.9730141408175166,0.9676743614277951,0.9779499170612348,0.9172043010752688
California,random_satellite_failure,20.0,s100_surviving_before_deadline_percent,stressed,54,70.36388187429853,67.18052486672279,73.46195899971944,0.0
California,random_satellite_failure,20.0,s100_surviving_before_deadline_percent,delta,54,-2.537001964085298,-2.9021157758136935,-2.203734392536477,-12.265625000000002
California,random_satellite_failure,20.0,s100_surviving_before_deadline_percent,retention,54,0.9723915567453376,0.9611575575957599,0.9846712067216805,0.8094
California,random_satellite_failure,30.0,observation_success_percent,stressed,54,72.76374859708193,69.24567287457911,76.28726062710439,43.010416666666664
California,random_satellite_failure,30.0,observation_success_percent,delta,54,-3.562008978675645,-4.188223379629631,-2.9472809694163864,-10.348958333333332
California,random_satellite_failure,30.0,observation_success_percent,retention,54,0.9538076737425205,0.9453297213564448,0.9625733752781115,0.8743518518518518
California,random_satellite_failure,30.0,s100_surviving_before_deadline_percent,stressed,54,68.46766273849607,65.22593995510661,71.72927188552188,0.17187500000000022
California,random_satellite_failure,30.0,s100_surviving_before_deadline_percent,delta,54,-4.433221099887767,-4.9596529531425375,-3.894557554713807,-21.463541666666668
California,random_satellite_failure,30.0,s100_surviving_before_deadline_percent,retention,54,0.9426870435536502,0.9303729899667784,0.9555710422371981,0.667280701754386
California,targeted_cn_failure,5.0,observation_success_percent,stressed,54,80.44560185185185,76.64293981481481,84.53370949074073,53.125
California,targeted_cn_failure,5.0,observation_success_percent,delta,54,-0.4050925925925926,-0.5787037037037037,-0.2488425925925926,-3.125
California,targeted_cn_failure,5.0,observation_success_percent,retention,54,0.9947044110764419,0.992395320769266,0.9968689029399753,0.9583333333333334
California,targeted_cn_failure,5.0,s100_surviving_before_deadline_percent,stressed,54,78.4375,74.94675925925927,82.01982060185185,25.0
California,targeted_cn_failure,5.0,s100_surviving_before_deadline_percent,delta,54,-1.2152777777777777,-1.5279224537037035,-0.919994212962963,-6.406249999999991
California,targeted_cn_failure,5.0,s100_surviving_before_deadline_percent,retention,54,0.9796308722484607,0.9716426830412164,0.9874066817617967,0.8812941176470588
California,targeted_cn_failure,10.0,observation_success_percent,stressed,54,80.01736111111111,75.96585648148148,84.13324652777777,53.125
California,targeted_cn_failure,10.0,observation_success_percent,delta,54,-0.8333333333333334,-1.1461226851851851,-0.5381944444444444,-6.25
California,targeted_cn_failure,10.0,observation_success_percent,retention,54,0.9893656716020697,0.984988184390569,0.9930568721558959,0.92
California,targeted_cn_failure,10.0,s100_surviving_before_deadline_percent,stressed,54,77.01967592592592,73.40784143518518,80.49898726851852,21.875
California,targeted_cn_failure,10.0,s100_surviving_before_deadline_percent,delta,54,-2.6331018518518516,-3.0671296296296298,-2.2162905092592595,-18.75
California,targeted_cn_failure,10.0,s100_surviving_before_deadline_percent,retention,54,0.9588453192372387,0.9500083610929855,0.9674922235158769,0.72
California,targeted_cn_failure,20.0,observation_success_percent,stressed,54,78.69212962962963,74.90133101851852,82.6339699074074,53.125
California,targeted_cn_failure,20.0,observation_success_percent,delta,54,-2.158564814814815,-2.7261284722222223,-1.660590277777778,-9.375
California,targeted_cn_failure,20.0,observation_success_percent,retention,54,0.9731185314756243,0.96589196321922,0.9801054516708665,0.88
California,targeted_cn_failure,20.0,s100_surviving_before_deadline_percent,stressed,54,74.71643518518519,70.76302083333333,78.51345486111111,15.468750000000009
California,targeted_cn_failure,20.0,s100_surviving_before_deadline_percent,delta,54,-4.936342592592593,-5.625,-4.241753472222222,-25.156249999999993
California,targeted_cn_failure,20.0,s100_surviving_before_deadline_percent,retention,54,0.9221476703611173,0.9084249408358733,0.9350192022688152,0.5234736842105263
California,targeted_cn_failure,30.0,observation_success_percent,stressed,54,77.36689814814815,73.26967592592592,81.38512731481481,53.125
California,targeted_cn_failure,30.0,observation_success_percent,delta,54,-3.4837962962962963,-4.224537037037037,-2.7598379629629632,-12.5
California,targeted_cn_failure,30.0,observation_success_percent,retention,54,0.9574528003443469,0.9482134094741288,0.9655896203235598,0.84
California,targeted_cn_failure,30.0,s100_surviving_before_deadline_percent,stressed,54,72.28587962962963,68.39684606481482,76.14699074074073,12.5
California,targeted_cn_failure,30.0,s100_surviving_before_deadline_percent,delta,54,-7.366898148148148,-8.194444444444445,-6.521846064814815,-31.25
California,targeted_cn_failure,30.0,s100_surviving_before_deadline_percent,retention,54,0.8910038988995324,0.8747077225232678,0.9063773352384795,0.47058823529411764
India,capacity_degradation,5.0,observation_success_percent,stressed,54,80.58680814178874,77.13810158506148,83.54122292349975,33.66752910737387
India,capacity_degradation,5.0,observation_success_percent,delta,54,-0.4033434822568072,-0.5120415016922134,-0.30860023259764546,-1.423027166882278
India,capacity_degradation,5.0,observation_success_percent,retention,54,0.9947401913753353,0.9933187460130292,0.9960269282623229,0.9813973063973064
India,capacity_degradation,5.0,s100_surviving_before_deadline_percent,stressed,54,69.45108698019436,67.14491835125729,71.83667202425288,0.0
India,capacity_degradation,5.0,s100_surviving_before_deadline_percent,delta,54,-0.4728178725591399,-0.581080315879798,-0.3787279870721003,-2.069857697283318
India,capacity_degradation,5.0,s100_surviving_before_deadline_percent,retention,54,0.9892555925744754,0.9855168325218684,0.9920442559443556,0.9609053497942387
India,capacity_degradation,10.0,observation_success_percent,stressed,54,80.3215422879071,76.71361088243364,83.65470683549594,33.11125485122898
India,capacity_degradation,10.0,observation_success_percent,delta,54,-0.6686093361384435,-0.8295710446421967,-0.5213138282349151,-2.069857697283325
India,capacity_degradation,10.0,observation_success_percent,retention,54,0.9911299452077557,0.9889578402553716,0.9929564771421217,0.9704407232501727
India,capacity_degradation,10.0,s100_surviving_before_deadline_percent,stressed,54,69.21936048714832,66.65509667611867,71.80470618213178,0.0
India,capacity_degradation,10.0,s100_surviving_before_deadline_percent,delta,54,-0.7045443656051675,-0.8670850375248822,-0.5505409855345171,-2.7166882276843465
India,capacity_degradation,10.0,s100_surviving_before_deadline_percent,retention,54,0.985100597912959,0.9807023747298875,0.9886474998761322,0.947530864197531
India,capacity_degradation,20.0,observation_success_percent,stressed,54,77.77276865245817,74.46010340576963,81.04043344179179,31.908150064683053
India,capacity_degradation,20.0,observation_success_percent,delta,54,-3.21738297158737,-3.787568439897028,-2.6717476620452043,-8.583441138421723
India,capacity_degradation,20.0,observation_success_percent,retention,54,0.9598535508333181,0.9521958646903788,0.9675591193897274,0.8954428945587241
India,capacity_degradation,20.0,s100_surviving_before_deadline_percent,stressed,54,64.44261502476249,61.6996071103445,67.19051228106855,0.0
India,capacity_degradation,20.0,s100_surviving_before_deadline_percent,delta,54,-5.4812898279909925,-5.99739307695323,-5.013453857244285,-11.772315653298833
India,capacity_degradation,20.0,s100_surviving_before_deadline_percent,retention,54,0.9054893932125887,0.8953670789875072,0.9153180445166491,0.7887931034482758
India,capacity_degradation,30.0,observation_success_percent,stressed,54,76.19489417678292,72.94183752139769,79.67229975477065,30.051746442432083
India,capacity_degradation,30.0,observation_success_percent,delta,54,-4.795257447262622,-5.5922147303130485,-3.995975276699727,-11.733505821474777
India,capacity_degradation,30.0,observation_success_percent,retention,54,0.9400499992499797,0.9292675900182473,0.9504073741916483,0.8462735462735461
India,capacity_degradation,30.0,s100_surviving_before_deadline_percent,stressed,54,62.69181683153223,60.064966177514705,65.87354789812746,0.0
India,capacity_degradation,30.0,s100_surviving_before_deadline_percent,delta,54,-7.2320880212212675,-7.900822585492702,-6.643161890574568,-15.394566623544627
India,capacity_degradation,30.0,s100_surviving_before_deadline_percent,retention,54,0.8747315552530225,0.8623584238392719,0.886054829631378,0.7078947368421052
India,ground_station_outage,5.0,observation_success_percent,stressed,54,79.60159304704366,76.43587684375737,82.6705420236576,32.73695558430357
India,ground_station_outage,5.0,observation_success_percent,delta,54,-1.3885585770018711,-1.4947425962949894,-1.2866176135365435,-2.576110392410515
India,ground_station_outage,5.0,observation_success_percent,retention,54,0.9813861020805499,0.9797399777505399,0.9828848973013864,0.9608358718504488
India,ground_station_outage,5.0,s100_surviving_before_deadline_percent,stressed,54,68.56373857883129,66.01096889550966,71.04507250890389,0.0
India,ground_station_outage,5.0,s100_surviving_before_deadline_percent,delta,54,-1.3601662739222036,-1.4594264478913042,-1.263637343682623,-2.762828805519645
India,ground_station_outage,5.0,s100_surviving_before_deadline_percent,retention,54,0.9760443420000681,0.974159848388655,0.9779873206016425,0.9456647398843929
India,ground_station_outage,10.0,observation_success_percent,stressed,54,76.44135766171127,73.09328316222452,79.6703245985803,31.624407072013792
India,ground_station_outage,10.0,observation_success_percent,delta,54,-4.548793962334282,-4.722199354476199,-4.38004179352821,-7.037516170763241
India,ground_station_outage,10.0,observation_success_percent,retention,54,0.9417489912372433,0.9392133507400793,0.9442669917417487,0.9106104577543943
India,ground_station_outage,10.0,s100_surviving_before_deadline_percent,stressed,54,65.7317460939712,63.492757821132116,68.20547159825942,0.0
India,ground_station_outage,10.0,s100_surviving_before_deadline_percent,delta,54,-4.192158758782304,-4.323024154147482,-4.070020493856199,-6.9031910306166395
India,ground_station_outage,10.0,s100_surviving_before_deadline_percent,retention,54,0.9339537765121132,0.9312248712516527,0.9365034032119993,0.8944444444444443
India,ground_station_outage,20.0,observation_success_percent,stressed,54,69.21594847424947,66.11100439496298,71.99844698966086,29.61987925830099
India,ground_station_outage,20.0,observation_success_percent,delta,54,-11.774203149796076,-12.133624225581963,-11.375413071348818,-15.760241483398008
India,ground_station_outage,20.0,observation_success_percent,retention,54,0.8516907588704298,0.8482151925634334,0.8554450414616198,0.8118454217761918
India,ground_station_outage,20.0,s100_surviving_before_deadline_percent,stressed,54,59.41160200539244,57.29220133634752,61.756259591749036,0.0
India,ground_station_outage,20.0,s100_surviving_before_deadline_percent,delta,54,-10.51230284736106,-10.815602118642222,-10.24017249540104,-15.403406640793449
India,ground_station_outage,20.0,s100_surviving_before_deadline_percent,retention,54,0.8417175369479885,0.8378886582570969,0.8454352652984675,0.7830687830687831
India,ground_station_outage,30.0,observation_success_percent,stressed,54,61.24815061641279,58.56175561856891,63.78643811987925,23.945881845623113
India,ground_station_outage,30.0,observation_success_percent,delta,54,-19.742001007632748,-20.369755482088383,-19.066415738526565,-25.205045278137135
India,ground_station_outage,30.0,observation_success_percent,retention,54,0.752661728842757,0.7488587522151166,0.7559835297087886,0.7121209460176053
India,ground_station_outage,30.0,s100_surviving_before_deadline_percent,stressed,54,52.42432227986346,50.380224191026265,54.456882864871226,0.0
India,ground_station_outage,30.0,s100_surviving_before_deadline_percent,delta,54,-17.49958257289003,-18.002922171259822,-16.979881283729927,-24.885726606295805
India,ground_station_outage,30.0,s100_surviving_before_deadline_percent,retention,54,0.7403135451682795,0.7357122587632882,0.7447625801051991,0.6855072463768116
India,link_window_outage,5.0,observation_success_percent,stressed,54,80.39537969895882,76.76173369457113,83.71194062952364,33.90168175937904
India,link_window_outage,5.0,observation_success_percent,delta,54,-0.5947719250867162,-0.707371436079932,-0.4971224752919458,-1.9090125053902731
India,link_window_outage,5.0,observation_success_percent,retention,54,0.992094271554454,0.9906175559897364,0.9935595434856475,0.9752796712868289
India,link_window_outage,5.0,s100_surviving_before_deadline_percent,stressed,54,68.55303792561232,65.9109117987406,71.10834937705354,0.0
India,link_window_outage,5.0,s100_surviving_before_deadline_percent,delta,54,-1.3708669271411829,-1.486205304445925,-1.2552506885732402,-3.563605002156102
India,link_window_outage,5.0,s100_surviving_before_deadline_percent,retention,54,0.959932030581603,0.953404215312839,0.9659702135177184,0.8658823529411768
India,link_window_outage,10.0,observation_success_percent,stressed,54,79.70224742756007,76.27764529004287,82.84313597379575,33.741483398016385
India,link_window_outage,10.0,observation_success_percent,delta,54,-1.287904196485481,-1.5093705126585668,-1.0657053864794264,-3.8423889607589485
India,link_window_outage,10.0,observation_success_percent,retention,54,0.9828777533823359,0.9796550773420143,0.9859860189081033,0.9475411861042873
India,link_window_outage,10.0,s100_surviving_before_deadline_percent,stressed,54,67.07327696978409,64.26440776893558,69.71767426311409,0.0
India,link_window_outage,10.0,s100_surviving_before_deadline_percent,delta,54,-2.8506278829694103,-3.0711615217867916,-2.5973057076442156,-6.9788702026735745
India,link_window_outage,10.0,s100_surviving_before_deadline_percent,retention,54,0.9242542400471758,0.9147690374331607,0.9332471965570132,0.7511494252873562
India,link_window_outage,20.0,observation_success_percent,stressed,54,78.09567574552482,74.63425817031899,81.50200292416766,32.417205692108666
India,link_window_outage,20.0,observation_success_percent,delta,54,-2.8944758785207254,-3.4200951951598797,-2.404340225599389,-8.266709788702022
India,link_window_outage,20.0,observation_success_percent,retention,54,0.9619216746082596,0.9549796220428559,0.9684227062580294,0.8874641489374555
India,link_window_outage,20.0,s100_surviving_before_deadline_percent,stressed,54,63.716204738196986,60.96070558974829,66.5279195215051,0.0
India,link_window_outage,20.0,s100_surviving_before_deadline_percent,delta,54,-6.207700114556517,-6.677607612708949,-5.761446758805534,-14.440060370849503
India,link_window_outage,20.0,s100_surviving_before_deadline_percent,retention,54,0.8541460516742033,0.8403328184924628,0.8700946669762499,0.5333333333333333
India,link_window_outage,30.0,observation_success_percent,stressed,54,75.97373766412144,72.47116576865389,79.36666888084522,31.749892194911602
India,link_window_outage,30.0,observation_success_percent,delta,54,-5.016413959924093,-5.852435523845615,-4.226688692298869,-13.491591203104782
India,link_window_outage,30.0,observation_success_percent,retention,54,0.9347390882461495,0.9217714779098376,0.9458677770619008,0.8202871506475803
India,link_window_outage,30.0,s100_surviving_before_deadline_percent,stressed,54,59.592315275799535,56.75542001878786,62.60676678383664,0.0
India,link_window_outage,30.0,s100_surviving_before_deadline_percent,delta,54,-10.331589576953958,-11.082968538337232,-9.594770654656381,-22.591849935316947
India,link_window_outage,30.0,s100_surviving_before_deadline_percent,retention,54,0.7770635276773,0.7579481309802787,0.7995125261949688,0.3206896551724138
India,random_cn_failure,5.0,observation_success_percent,stressed,54,84.21569801798348,81.04907886541135,87.51173438423329,58.08538163001295
India,random_cn_failure,5.0,observation_success_percent,delta,54,-0.8154456742210088,-0.9951124367144214,-0.6544627313816626,-2.821259163432488
India,random_cn_failure,5.0,observation_success_percent,retention,54,0.9892053114334987,0.9869673031508699,0.9914908040611572,0.963935102150205
India,random_cn_failure,5.0,s100_surviving_before_deadline_percent,stressed,54,74.34723619695589,71.5889070560427,77.12532141887465,15.724450194049163
India,random_cn_failure,5.0,s100_surviving_before_deadline_percent,delta,54,-2.1807212559692077,-2.364514757318768,-1.9953945266957347,-6.928417421302277
India,random_cn_failure,5.0,s100_surviving_before_deadline_percent,retention,54,0.9504240372894978,0.9433697439796092,0.956976942252957,0.7925630871225431
India,random_cn_failure,10.0,observation_success_percent,stressed,54,83.60671905195407,80.12589098909173,87.02957932058837,58.08538163001295
India,random_cn_failure,10.0,observation_success_percent,delta,54,-1.4244246402504273,-1.717384369060737,-1.1703993180329968,-4.378395860284603
India,random_cn_failure,10.0,observation_success_percent,retention,54,0.9817434408860185,0.9779473380165095,0.9854448541437111,0.9389821673679289
India,random_cn_failure,10.0,s100_surviving_before_deadline_percent,stressed,54,72.53081628415823,69.67460910673503,75.49269560634373,15.063173781802506
India,random_cn_failure,10.0,s100_surviving_before_deadline_percent,delta,54,-3.99714116876687,-4.302935692268377,-3.705963617779055,-13.910306166451054
India,random_cn_failure,10.0,s100_surviving_before_deadline_percent,retention,54,0.9203957944055314,0.9114774042335636,0.9285563618684339,0.6732241077998529
India,random_cn_failure,20.0,observation_success_percent,stressed,54,82.15897657036079,78.60990509159438,85.54910421957099,56.64294954721863
India,random_cn_failure,20.0,observation_success_percent,delta,54,-2.8721671218437073,-3.3910457892131025,-2.3377475524252165,-8.880120741699011
India,random_cn_failure,20.0,observation_success_percent,retention,54,0.9635552566498272,0.9559998804143777,0.9708074232917467,0.8936779072317367
India,random_cn_failure,20.0,s100_surviving_before_deadline_percent,stressed,54,68.98889208311373,65.6337739367224,72.31001030137512,12.36071582578698
India,random_cn_failure,20.0,s100_surviving_before_deadline_percent,delta,54,-7.539065369811381,-8.073883019500743,-6.996639875105808,-21.989650711513587
India,random_cn_failure,20.0,s100_surviving_before_deadline_percent,retention,54,0.8585218006301432,0.8433359356491613,0.8727954828359831,0.46753820891751924
India,random_cn_failure,30.0,observation_success_percent,stressed,54,80.55458930254102,77.139880096785,84.25811313145832,55.30810694264769
India,random_cn_failure,30.0,observation_success_percent,delta,54,-4.476554389663489,-5.279884768338844,-3.604120550045519,-12.561664510564903
India,random_cn_failure,30.0,observation_success_percent,retention,54,0.9448927775599587,0.9339779019799442,0.9563737106464633,0.844827838827839
India,random_cn_failure,30.0,s100_surviving_before_deadline_percent,stressed,54,64.74046124606711,61.27839166786451,68.04898603325188,7.669038378611471
India,random_cn_failure,30.0,s100_surviving_before_deadline_percent,delta,54,-11.787496206858002,-12.562788478430992,-11.022129789340873,-29.723156532988348
India,random_cn_failure,30.0,s100_surviving_before_deadline_percent,retention,54,0.797822253790678,0.7796188338577328,0.8162078885328653,0.36267058544882974
India,random_satellite_failure,5.0,observation_success_percent,stressed,54,80.39922728797244,76.93201310212955,83.42192588527216,33.85963777490297
India,random_satellite_failure,5.0,observation_success_percent,delta,54,-0.5909243360731077,-0.7038343765381293,-0.49180880967211327,-1.9249676584734792
India,random_satellite_failure,5.0,observation_success_percent,retention,54,0.9921351384341418,0.9906327231586561,0.993519080275522,0.9742163032425716
India,random_satellite_failure,5.0,s100_surviving_before_deadline_percent,stressed,54,68.6264470201512,66.11360514734812,71.34515722845822,0.014230271668822788
India,random_satellite_failure,5.0,s100_surviving_before_deadline_percent,delta,54,-1.2974578326022914,-1.419489925850426,-1.1716373160961353,-4.264338076757222
India,random_satellite_failure,5.0,s100_surviving_before_deadline_percent,retention,54,0.9812192810730898,0.978030895578362,0.9843706137368565,0.904761904761905
India,random_satellite_failure,10.0,observation_success_percent,stressed,54,79.72586291258132,76.24782701965752,83.12398746702324,33.67981888745148
India,random_satellite_failure,10.0,observation_success_percent,delta,54,-1.2642887114642178,-1.4966524160681125,-1.0352958215183303,-3.8292367399741223
India,random_satellite_failure,10.0,observation_success_percent,retention,54,0.9832550393423267,0.9802371009765334,0.9862818905346559,0.9486464843610367
India,random_satellite_failure,10.0,s100_surviving_before_deadline_percent,stressed,54,67.26442954774132,64.75149021478258,70.01518999104165,0.02436394997843899
India,random_satellite_failure,10.0,s100_surviving_before_deadline_percent,delta,54,-2.6594753050121747,-2.8987281903409534,-2.4383387562559626,-8.557352307028887
India,random_satellite_failure,10.0,s100_surviving_before_deadline_percent,retention,54,0.9615736575713635,0.9565950621340059,0.9667992354029145,0.8232067510548523
India,random_satellite_failure,20.0,observation_success_percent,stressed,54,78.19688911538846,74.577118206646,81.47767890199974,32.90168175937904
India,random_satellite_failure,20.0,observation_success_percent,delta,54,-2.7932625086570755,-3.304521062283029,-2.3500892205075057,-8.228331177231572
India,random_satellite_failure,20.0,observation_success_percent,retention,54,0.9631342410306192,0.9559665821236765,0.9697405022001893,0.8901562281294852
India,random_satellite_failure,20.0,s100_surviving_before_deadline_percent,stressed,54,64.4551305784596,61.576893884946934,67.24454912790402,0.08753773178094008
India,random_satellite_failure,20.0,s100_surviving_before_deadline_percent,delta,54,-5.468774274293894,-5.92731650267226,-5.004982809262672,-16.57050452781371
India,random_satellite_failure,20.0,s100_surviving_before_deadline_percent,retention,54,0.9231361097497358,0.9127840796405724,0.9329608027541162,0.6778801843317972
India,random_satellite_failure,30.0,observation_success_percent,stressed,54,76.1537177147354,72.64949480430292,79.71019560271394,31.618369987063392
India,random_satellite_failure,30.0,observation_success_percent,delta,54,-4.836433909310149,-5.780248401798639,-4.047200479714496,-14.092281155670562
India,random_satellite_failure,30.0,observation_success_percent,retention,54,0.9363601049361818,0.9258657173594904,0.9477865056536464,0.8028654219044106
India,random_satellite_failure,30.0,s100_surviving_before_deadline_percent,stressed,54,61.29628903669438,58.479748251524875,64.14108509995748,0.2147477360931437
India,random_satellite_failure,30.0,s100_surviving_before_deadline_percent,delta,54,-8.62761581605911,-9.155061830029489,-8.052805255371018,-23.22445019404915
India,random_satellite_failure,30.0,s100_surviving_before_deadline_percent,retention,54,0.871562504770834,0.8585300971266471,0.8849697702274136,0.5546732837055419
India,targeted_cn_failure,5.0,observation_success_percent,stressed,54,84.04221168128024,80.90339466245028,87.3590328685736,58.08538163001293
India,targeted_cn_failure,5.0,observation_success_percent,delta,54,-0.9889320109242493,-1.1996190886876523,-0.8145273345790812,-3.7516170763260135
India,targeted_cn_failure,5.0,observation_success_percent,retention,54,0.9864524675242381,0.983196279597678,0.9895046857713601,0.9489607777405296
India,targeted_cn_failure,5.0,s100_surviving_before_deadline_percent,stressed,54,74.34262852762207,71.29331967802214,77.18698193665853,15.640362225097025
India,targeted_cn_failure,5.0,s100_surviving_before_deadline_percent,delta,54,-2.185328925303052,-2.44873269129414,-1.908569306693498,-8.156532988357055
India,targeted_cn_failure,5.0,s100_surviving_before_deadline_percent,retention,54,0.9483081416326972,0.9378213226521834,0.9577343086243071,0.7318472503944106
India,targeted_cn_failure,10.0,observation_success_percent,stressed,54,83.3661539935796,79.99519069522303,86.68479588903263,58.07244501940491
India,targeted_cn_failure,10.0,observation_success_percent,delta,54,-1.6649896986248864,-1.9872969670835132,-1.363788270806382,-5.4398447606727105
India,targeted_cn_failure,10.0,observation_success_percent,retention,54,0.9783219084038962,0.9732351799559317,0.9826467659540458,0.9211791591242311
India,targeted_cn_failure,10.0,s100_surviving_before_deadline_percent,stressed,54,72.37985721814958,69.60395405107566,75.21186095539267,15.116429495472186
India,targeted_cn_failure,10.0,s100_surviving_before_deadline_percent,delta,54,-4.148100234775526,-4.570001437401179,-3.758750179675147,-15.291073738680465
India,targeted_cn_failure,10.0,s100_surviving_before_deadline_percent,retention,54,0.9149212812710878,0.9031062249990413,0.9255864975635503,0.5932659932659934
India,targeted_cn_failure,20.0,observation_success_percent,stressed,54,81.69325858847205,78.17658473479948,84.98072684586268,55.627425614489
India,targeted_cn_failure,20.0,observation_success_percent,delta,54,-3.3378851037324515,-4.00419840927603,-2.7032605050069485,-10.873221216041399
India,targeted_cn_failure,20.0,observation_success_percent,retention,54,0.9578184550869449,0.9479196610733887,0.9662718710521541,0.8600836868049985
India,targeted_cn_failure,20.0,s100_surviving_before_deadline_percent,stressed,54,68.24948493124431,65.20620118825165,71.33707656556945,11.254851228978008
India,targeted_cn_failure,20.0,s100_surviving_before_deadline_percent,delta,54,-8.2784725216808,-9.030754396051938,-7.544373772219829,-28.085381630012936
India,targeted_cn_failure,20.0,s100_surviving_before_deadline_percent,retention,54,0.848068935521477,0.8329852569208614,0.863190135095308,0.3794451871657754
India,targeted_cn_failure,30.0,observation_success_percent,stressed,54,79.82224138757127,76.37634157443344,82.99015380192613,54.307891332470895
India,targeted_cn_failure,30.0,observation_success_percent,delta,54,-5.208902304633224,-6.295361985530162,-4.14803435388817,-14.4954721862872
India,targeted_cn_failure,30.0,observation_success_percent,retention,54,0.9363254329134794,0.9230497587586364,0.9475941902452085,0.8168346442860219
India,targeted_cn_failure,30.0,s100_surviving_before_deadline_percent,stressed,54,63.31848018782043,59.94761870538068,66.6869100665996,7.490297542043986
India,targeted_cn_failure,30.0,s100_surviving_before_deadline_percent,delta,54,-13.209477265104692,-14.437568875473145,-11.993429878779166,-37.65200517464425
India,targeted_cn_failure,30.0,s100_surviving_before_deadline_percent,retention,54,0.781770413990481,0.760474851588169,0.8025526817490156,0.3130248835647941
