case_id,base_id,delta_India_minus_California_observation_success_percent,delta_India_minus_California_s100_surviving_before_deadline_percent,delta_India_minus_California_mean_surviving_coverage_deadline_percent,delta_India_minus_California_p100_t100_surviving_min,delta_India_minus_California_total_transferred_data_mbits,delta_India_minus_California_robustness_auc_retention,transferred_data_mbits_per_task
T060_P03_H0500_I0600_CN000_F1,T060_P03_H0500_I0600_F1,4.184184993531694,14.23027166882277,-7.293054485434062,,3171.0,,
T060_P03_H0500_I0600_CN010_F1,T060_P03_H0500_I0600_F1,17.896992238033633,14.61836998706339,-14.53002032190409,,5621.0,,
T060_P03_H0500_I0600_CN020_F1,T060_P03_H0500_I0600_F1,18.3740297542044,15.265200517464425,-21.14131959641363,,8704.5,,
T060_P03_H0500_I0600_CN030_F1,T060_P03_H0500_I0600_F1,18.89149417852522,-6.055950840879689,-24.105591298746447,259.45138888888914,12133.0,0.015891879852360957,
T060_P03_H0500_I0600_CN040_F1,T060_P03_H0500_I0600_F1,21.996280724450187,-4.1356727037516166,-21.121690621034446,259.3993055555636,14729.5,-0.024005254484115723,
T060_P03_H0500_I0600_CN050_F1,T060_P03_H0500_I0600_F1,23.548673997412678,13.199385510996123,-17.939536574051004,266.4861111111087,17275.0,-0.10351858801291225,
T060_P03_H0500_I0600_CN060_F1,T060_P03_H0500_I0600_F1,26.653460543337644,16.433538163001288,-14.050194216204702,270.75347222221717,20373.0,-0.11686596444657327,
T060_P03_H0500_I0600_CN070_F1,T060_P03_H0500_I0600_F1,28.205853816300134,22.255012936610612,-10.186949970414545,199.32152777777833,23192.0,-0.03676163025983703,
T060_P03_H0500_I0600_CN080_F1,T060_P03_H0500_I0600_F1,29.370148771022002,22.901843467011645,-9.070663224206527,216.88194444444417,25684.0,-0.04386018549168158,
T060_P03_H0500_I0600_CN090_F1,T060_P03_H0500_I0600_F1,30.534443725743856,29.111416558861578,-6.416254349325214,183.31597222223513,28709.5,-0.053101310374702115,
T060_P03_H0500_I0600_CN100_F1,T060_P03_H0500_I0600_F1,32.216203104786544,32.47493531694697,-4.765826911496205,240.7152777777555,31612.0,-0.034647269582406715,
T060_P03_H0500_I0800_CN000_F1,T060_P03_H0500_I0800_F1,23.673997412677878,-28.125,-45.81174168823077,,975.0,,
T060_P03_H0500_I0800_CN010_F1,T060_P03_H0500_I0800_F1,-6.921086675291072,-49.223803363518755,-49.58624272726103,11.617361111110938,4280.5,-0.09259259259259256,
T060_P03_H0500_I0800_CN020_F1,T060_P03_H0500_I0800_F1,-5.429333764553689,-29.442917205692112,-36.9669901180514,156.66875000000533,7843.0,-0.14038959094301084,
T060_P03_H0500_I0800_CN030_F1,T060_P03_H0500_I0800_F1,-5.190815006468306,-16.61545924967659,-31.11060949629362,165.3187500000001,10362.5,-0.12479347862412382,
T060_P03_H0500_I0800_CN040_F1,T060_P03_H0500_I0800_F1,1.4270698576972833,-16.247574385511,-27.493742722888,169.67916666667494,13050.0,-0.07011042766730335,
T060_P03_H0500_I0800_CN050_F1,T060_P03_H0500_I0800_F1,-5.510187580853824,-12.6253234152652,-22.45578651592575,169.8493055555538,16229.0,-0.08847646773410978,
T060_P03_H0500_I0800_CN060_F1,T060_P03_H0500_I0800_F1,-8.89391979301422,-17.472509702457963,-20.67583019788316,163.98124999999712,18876.0,-0.027373326283062438,
T060_P03_H0500_I0800_CN070_F1,T060_P03_H0500_I0800_F1,6.173188874514878,-2.793499353169466,-14.515899016811943,161.2,22188.0,-0.06493965875988339,
T060_P03_H0500_I0800_CN080_F1,T060_P03_H0500_I0800_F1,-1.8879366106080226,-5.012936610608023,-14.967191944111946,185.0972222222251,24668.0,-0.03578727950069582,
T060_P03_H0500_I0800_CN090_F1,T060_P03_H0500_I0800_F1,-15.8109637774903,-9.0637128072445,-14.961364966072253,188.09722222221936,27265.0,-0.05280815693002072,
T060_P03_H0500_I0800_CN100_F1,T060_P03_H0500_I0800_F1,-18.398285899094432,-12.44744501940491,-16.731181206104168,187.0972222222222,29755.5,-0.04090650319250777,
T060_P03_H0500_I0986_CN000_F1,T060_P03_H0500_I0986_F1,3.4928848641655885,0.0,-1.425392987719185,,1768.5,,
T060_P03_H0500_I0986_CN010_F1,T060_P03_H0500_I0986_F1,-13.409605433376456,-9.116267787839586,-19.165428770362276,3.3333333333333144,4476.0,0.03719135802469142,
T060_P03_H0500_I0986_CN020_F1,T060_P03_H0500_I0986_F1,0.044469598965065416,-23.112063389391977,-11.746911751796773,137.05138888889294,7281.5,-0.1614693674404627,
T060_P03_H0500_I0986_CN030_F1,T060_P03_H0500_I0986_F1,3.796086675291079,-9.916720569210867,-6.038489522210156,134.06666666666666,9350.5,-0.11079882718223666,
T060_P03_H0500_I0986_CN040_F1,T060_P03_H0500_I0986_F1,4.960381630012932,-2.413486416558861,-1.030726380353002,141.03263888888154,11571.5,-0.11563312825130057,
T060_P03_H0500_I0986_CN050_F1,T060_P03_H0500_I0986_F1,4.960381630012932,-5.0614489003881005,-8.13513451891005,140.15069444443725,13596.0,-0.09588880547213885,
T060_P03_H0500_I0986_CN060_F1,T060_P03_H0500_I0986_F1,4.960381630012932,10.393758085381634,5.936745783551515,140.53263888888154,15828.5,-0.08833302273160903,
T060_P03_H0500_I0986_CN070_F1,T060_P03_H0500_I0986_F1,4.960381630012932,2.5711513583441103,-3.9710866114146057,151.7166666666554,17649.0,-0.046678033649952155,
T060_P03_H0500_I0986_CN080_F1,T060_P03_H0500_I0986_F1,4.960381630012932,6.710866752910732,-1.9270277744853956,154.36597222222164,19826.0,-0.03585972654897884,
T060_P03_H0500_I0986_CN090_F1,T060_P03_H0500_I0986_F1,4.960381630012932,7.228331177231567,-1.747264035399624,145.01874999999927,21600.5,-0.02548731361231371,
T060_P03_H0500_I0986_CN100_F1,T060_P03_H0500_I0986_F1,4.960381630012932,10.850582147477354,-0.35853976531942067,145.01874999999927,23764.0,-0.010033721993598421,
T060_P03_H0800_I0600_CN000_F1,T060_P03_H0800_I0600_F1,4.960381630012932,14.23027166882277,-6.898597354554248,,3036.5,,
T060_P03_H0800_I0600_CN010_F1,T060_P03_H0800_I0600_F1,17.50889391979301,16.041397153945667,-16.140433287172172,,5597.0,,
T060_P03_H0800_I0600_CN020_F1,T060_P03_H0800_I0600_F1,24.494663648124188,16.041397153945667,-17.855572691300125,,8895.0,,
T060_P03_H0800_I0600_CN030_F1,T060_P03_H0800_I0600_F1,21.220084087968942,-10.474611901681754,-25.3726956757597,252.58333333333434,12472.5,0.006081046236991572,
T060_P03_H0800_I0600_CN040_F1,T060_P03_H0800_I0600_F1,23.289941785252267,-6.33489650711514,-21.1794875341606,242.10138888888477,15250.5,-0.016435125754766244,
T060_P03_H0800_I0600_CN050_F1,T060_P03_H0800_I0600_F1,26.26536222509702,13.587483829236731,-16.355310737799613,259.4569444444482,18102.0,-0.06479425020391794,
T060_P03_H0800_I0600_CN060_F1,T060_P03_H0800_I0600_F1,29.370148771022002,14.881144890038811,-12.347128887697195,263.2868055555543,21172.0,-0.1086385085342082,
T060_P03_H0800_I0600_CN070_F1,T060_P03_H0800_I0600_F1,31.18127425614489,23.160575679172055,-7.844439753888565,206.35347222222265,24259.0,-0.04877212842276357,
T060_P03_H0800_I0600_CN080_F1,T060_P03_H0800_I0600_F1,32.733667529107365,22.772477360931433,-6.039763677558952,209.18749999999616,27046.5,-0.041703580912034965,
T060_P03_H0800_I0600_CN090_F1,T060_P03_H0800_I0600_F1,32.86303363518758,26.653460543337644,-3.346762598731104,190.41527777777068,30195.5,-0.03910888331940954,
T060_P03_H0800_I0600_CN100_F1,T060_P03_H0800_I0600_F1,35.32098965071151,35.96782018111256,-0.941822831586606,182.91319444444184,33381.0,-0.03361098547665731,
T060_P03_H0800_I0800_CN000_F1,T060_P03_H0800_I0800_F1,26.90815006468305,-25.0,-48.68560604476317,,1710.0,,
T060_P03_H0800_I0800_CN010_F1,T060_P03_H0800_I0800_F1,0.06468305304010613,-46.248382923674,-44.0633322178312,54.01944444444575,5269.0,-0.13305695242656457,
T060_P03_H0800_I0800_CN020_F1,T060_P03_H0800_I0800_F1,3.7556597671410046,-21.919469598965065,-29.60732075998918,193.74999999999875,8933.0,-0.15348849917220075,
T060_P03_H0800_I0800_CN030_F1,T060_P03_H0800_I0800_F1,16.583117723156533,-8.336028460543332,-20.940941936130045,190.70138888888914,12094.0,-0.14952009387234244,
T060_P03_H0800_I0800_CN040_F1,T060_P03_H0800_I0800_F1,17.31888745148771,-2.793499353169466,-13.86715444239502,196.31597222222774,15517.5,-0.09647756879986968,
T060_P03_H0800_I0800_CN050_F1,T060_P03_H0800_I0800_F1,24.712968952134545,-4.256953428201811,-10.709685068827682,193.83333333333846,18591.5,-0.0861842770967115,
T060_P03_H0800_I0800_CN060_F1,T060_P03_H0800_I0800_F1,23.916558861578267,6.3712807244501874,-4.532243865139762,197.26736111110995,21876.5,-0.06646275564780468,
T060_P03_H0800_I0800_CN070_F1,T060_P03_H0800_I0800_F1,23.637613195342823,6.997897800776201,-2.49052201808108,195.70138888887845,25118.5,-0.09060252729933582,
T060_P03_H0800_I0800_CN080_F1,T060_P03_H0800_I0800_F1,22.841203104786544,5.663809831824068,-1.5592937246480574,198.8333333333287,28201.0,-0.06839479565772677,
T060_P03_H0800_I0800_CN090_F1,T060_P03_H0800_I0800_F1,27.906694695989657,10.709087968952133,-0.3579098067286992,180.83333333332286,31102.0,-0.07207441001091786,
T060_P03_H0800_I0800_CN100_F1,T060_P03_H0800_I0800_F1,26.334087968952133,13.8138745148771,-0.03817704605106087,167.8333333333486,33818.5,-0.0427824948356349,
T060_P03_H0800_I0986_CN000_F1,T060_P03_H0800_I0986_F1,8.239003880983182,-18.361901681759377,-15.39317911565195,-17.94999999999999,2301.5,-0.05775462962962963,
T060_P03_H0800_I0986_CN010_F1,T060_P03_H0800_I0986_F1,2.2436934023285957,-16.809508408796894,-25.64270469532186,9.433333333333337,5148.5,-0.123611111111111,
T060_P03_H0800_I0986_CN020_F1,T060_P03_H0800_I0986_F1,5.995310478654595,-29.810802069857694,-24.831230239875588,152.23611111110992,8063.0,-0.1713326509838139,
T060_P03_H0800_I0986_CN030_F1,T060_P03_H0800_I0986_F1,6.1246765847348,-24.955530401034935,-30.14836868250312,271.28333333333245,10428.0,-0.05795268991619351,
T060_P03_H0800_I0986_CN040_F1,T060_P03_H0800_I0986_F1,7.0302393272962505,-15.620957309184988,-25.103106824783907,163.93680555559524,13149.5,-0.08026948176389903,
T060_P03_H0800_I0986_CN050_F1,T060_P03_H0800_I0986_F1,7.0302393272962505,-10.595892626131956,-22.69665362885702,274.41874999999953,15489.5,-0.05367691925642115,
T060_P03_H0800_I0986_CN060_F1,T060_P03_H0800_I0986_F1,7.159605433376456,-12.168499353169466,-21.82074987159733,265.51805555555575,18000.5,-0.032840826637643095,
T060_P03_H0800_I0986_CN070_F1,T060_P03_H0800_I0986_F1,7.159605433376456,-7.7498382923674,-19.309391173797962,235.1513888889099,20243.5,-0.010519914215686432,
T060_P03_H0800_I0986_CN080_F1,T060_P03_H0800_I0986_F1,7.0302393272962505,-9.969275549805957,-18.75706214689265,234.7208333333341,22867.5,0.0038160027611028324,
T060_P03_H0800_I0986_CN090_F1,T060_P03_H0800_I0986_F1,7.288971539456668,-7.899417852522646,-16.163920824937776,229.23888888888834,25705.0,-0.01317748609415248,
T060_P03_H0800_I0986_CN100_F1,T060_P03_H0800_I0986_F1,7.288971539456668,-0.008085381630010602,-13.350321994389773,230.3680555555557,28344.0,-0.028001490282541397,
T060_P03_H1000_I0600_CN000_F1,T060_P03_H1000_I0600_F1,4.960381630012932,14.489003880983182,-4.453317033088133,,3072.0,,
T060_P03_H1000_I0600_CN010_F1,T060_P03_H1000_I0600_F1,20.225582147477354,15.91203104786546,-13.612887695020717,,5750.5,,
T060_P03_H1000_I0600_CN020_F1,T060_P03_H1000_I0600_F1,19.538324708926254,16.30012936610608,-21.60240429981762,,8999.5,,
T060_P03_H1000_I0600_CN030_F1,T060_P03_H1000_I0600_F1,24.215717981888744,-6.832147477360934,-23.975285906487372,245.0659722222224,12475.0,0.005101884170383375,
T060_P03_H1000_I0600_CN040_F1,T060_P03_H1000_I0600_F1,24.324870633893923,-5.279754204398444,-19.586008077034947,254.04999999999345,15298.5,0.015430662614108748,
T060_P03_H1000_I0600_CN050_F1,T060_P03_H1000_I0600_F1,27.688389391979314,20.225582147477354,-13.693959395886452,255.41875000000533,18186.0,-0.11195903601495472,
T060_P03_H1000_I0600_CN060_F1,T060_P03_H1000_I0600_F1,31.18127425614489,17.229948253557566,-9.964123127693654,264.1166666666664,21358.5,-0.0938908269576304,
T060_P03_H1000_I0600_CN070_F1,T060_P03_H1000_I0600_F1,32.216203104786544,21.090717981888744,-7.396524807942143,219.03055555555568,24355.0,-0.047144069310467884,
T060_P03_H1000_I0600_CN080_F1,T060_P03_H1000_I0600_F1,33.76859637774902,20.831985769728334,-4.912465050260323,206.22152777777399,27437.0,-0.03286129189461118,
T060_P03_H1000_I0600_CN090_F1,T060_P03_H1000_I0600_F1,35.0622574385511,28.723318240620955,-2.081643203690433,186.2868055555557,30446.5,-0.04395718657060321,
T060_P03_H1000_I0600_CN100_F1,T060_P03_H1000_I0600_F1,36.097186287192756,38.037677878395854,-0.27757893899625685,172.02013888887564,33560.5,-0.04844417003849433,
T060_P03_H1000_I0800_CN000_F1,T060_P03_H1000_I0800_F1,30.122089262613194,-20.840071151358345,-38.97449456793171,72.66666666666669,2443.5,-0.004402281746031744,
T060_P03_H1000_I0800_CN010_F1,T060_P03_H1000_I0800_F1,-2.692432082794305,-49.95148771021992,-41.10621692942027,72.93611111111142,5753.5,-0.13651322069492167,
T060_P03_H1000_I0800_CN020_F1,T060_P03_H1000_I0800_F1,7.766009055627421,-21.551584734799476,-25.956972073954162,200.09999999999755,9260.0,-0.11887276513128764,
T060_P03_H1000_I0800_CN030_F1,T060_P03_H1000_I0800_F1,17.8767787839586,-2.2558214747736116,-18.18746772815014,192.80069444444723,12383.0,-0.12611908645468972,
T060_P03_H1000_I0800_CN040_F1,T060_P03_H1000_I0800_F1,22.643111254851235,2.122412677878387,-14.094694392157209,175.48263888888616,15469.0,-0.08031291876400559,
T060_P03_H1000_I0800_CN050_F1,T060_P03_H1000_I0800_F1,26.13599611901681,7.167690815006466,-8.973962429780443,156.34930555555133,18657.0,-0.06696649061357651,
T060_P03_H1000_I0800_CN060_F1,T060_P03_H1000_I0800_F1,26.63324708926261,10.91930789133248,-3.7721778885383372,132.97083333333117,22073.0,-0.03878874798711762,
T060_P03_H1000_I0800_CN070_F1,T060_P03_H1000_I0800_F1,27.538809831824068,9.993531694695989,-2.093183217417689,168.34722222221316,25090.0,-0.039945265375725736,
T060_P03_H1000_I0800_CN080_F1,T060_P03_H1000_I0800_F1,30.384864165588624,5.922542043984478,-1.4250112675309339,123.80069444444453,28172.5,-0.009817757771567903,
T060_P03_H1000_I0800_CN090_F1,T060_P03_H1000_I0800_F1,29.32972186287192,13.595569210866756,-0.012858241204710907,118.66874999999979,31086.0,-0.020311158125685624,
T060_P03_H1000_I0800_CN100_F1,T060_P03_H1000_I0800_F1,30.7527490297542,14.201972833117722,0.0,78.00625000000025,33821.5,0.0035158317401684513,
T060_P03_H1000_I0986_CN000_F1,T060_P03_H1000_I0986_F1,9.791397153945667,-19.80514230271669,-17.08922215052894,1.3500000000000227,2634.0,-0.0651351686507936,
T060_P03_H1000_I0986_CN010_F1,T060_P03_H1000_I0986_F1,-0.4729948253557552,-23.746765847347994,-24.547277162203798,7.600000000000023,5453.5,-0.10761334610472528,
T060_P03_H1000_I0986_CN020_F1,T060_P03_H1000_I0986_F1,6.383408796895218,-25.41235446313066,-26.267388959247597,235.51805555555546,8522.0,-0.11150453540378924,
T060_P03_H1000_I0986_CN030_F1,T060_P03_H1000_I0986_F1,7.0302393272962505,-17.282503234152657,-17.742008797264077,233.5562500000234,11106.5,-0.08103230342438039,
T060_P03_H1000_I0986_CN040_F1,T060_P03_H1000_I0986_F1,7.8064359637774885,-16.54673350582148,-22.412182105208302,261.8402777777974,13636.0,-0.06042950513538736,
T060_P03_H1000_I0986_CN050_F1,T060_P03_H1000_I0986_F1,8.065168175937906,-9.431597671410088,-18.32207340681917,268.10069444444537,16398.5,-0.061601799539652724,
T060_P03_H1000_I0986_CN060_F1,T060_P03_H1000_I0986_F1,8.323900388098316,-8.396668822768433,-16.439887795820013,259.1006944444447,18915.5,-0.01232244210815625,
T060_P03_H1000_I0986_CN070_F1,T060_P03_H1000_I0986_F1,9.358829236739972,-8.287516170763269,-14.610380203600542,240.84930555557438,21988.0,0.016392248085510763,
T060_P03_H1000_I0986_CN080_F1,T060_P03_H1000_I0986_F1,9.617561448900389,-4.665265200517467,-12.485546468597306,226.8638888888886,24768.0,-0.016639656483406373,
T060_P03_H1000_I0986_CN090_F1,T060_P03_H1000_I0986_F1,10.264391979301422,-1.689844760672699,-10.004872716737125,213.26666666666668,27542.5,-0.0009533736363005474,
T060_P03_H1000_I0986_CN100_F1,T060_P03_H1000_I0986_F1,10.652490297542037,4.649094437257446,-6.718225277547305,220.88472222224203,30654.0,-0.03461500918202742,
T060_P05_H0500_I0600_CN000_F1,T060_P05_H0500_I0600_F1,8.392626131953435,17.205692108667527,15.784454093412336,,2716.5,,
T060_P05_H0500_I0600_CN010_F1,T060_P05_H0500_I0600_F1,0.1819210866753025,15.503719275549805,-1.7086045840801916,80.8638888888614,5400.0,-0.10767746913580245,
T060_P05_H0500_I0600_CN020_F1,T060_P05_H0500_I0600_F1,-6.585543337645532,-2.9188227684346693,-6.608363495246962,235.59861111111073,7990.0,0.04559677828513431,
T060_P05_H0500_I0600_CN030_F1,T060_P05_H0500_I0600_F1,-2.425614489003877,-40.24094437257438,-4.394568304910322,207.41597222221864,10808.5,-0.014755891234597973,
T060_P05_H0500_I0600_CN040_F1,T060_P05_H0500_I0600_F1,-8.934346701164301,-20.597509702457963,-1.7613338537498322,255.21875000000836,13584.0,-0.08599518777285287,
T060_P05_H0500_I0600_CN050_F1,T060_P05_H0500_I0600_F1,-14.129204398447598,-13.910899094437255,-0.5460899673265232,259.41875000000243,16824.0,-0.07522323014996157,
T060_P05_H0500_I0600_CN060_F1,T060_P05_H0500_I0600_F1,-14.646668822768433,-7.551746442432091,-0.29520992949640856,274.10277777778344,20020.5,-0.03905915566514251,
T060_P05_H0500_I0600_CN070_F1,T060_P05_H0500_I0600_F1,-26.629204398447598,-0.9338615782664874,0.654047976011995,243.40486111111602,23097.5,-0.05379063387245986,
T060_P05_H0500_I0600_CN080_F1,T060_P05_H0500_I0600_F1,-16.607373868046565,-12.916397153945667,0.06590454772614862,216.83333333333587,26736.0,0.005696936560796617,
T060_P05_H0500_I0600_CN090_F1,T060_P05_H0500_I0600_F1,-22.966526520051744,-13.175129366106077,-1.0919986435353763,194.11666666666133,30011.0,-0.00838910032333784,
T060_P05_H0500_I0600_CN100_F1,T060_P05_H0500_I0600_F1,-28.4403298835705,-10.717173350582144,0.5875187406296902,210.02013888888553,33273.0,-0.025495634523412303,
T060_P05_H0500_I0800_CN000_F1,T060_P05_H0500_I0800_F1,21.47477360931436,0.0,-11.346015948363934,,1242.0,,
T060_P05_H0500_I0800_CN010_F1,T060_P05_H0500_I0800_F1,-13.013421733505822,-41.84993531694696,-20.85440945203483,37.55069444444763,5031.0,-0.03068507495590822,
T060_P05_H0500_I0800_CN020_F1,T060_P05_H0500_I0800_F1,-8.764553686934022,-18.487225097024584,-14.472832682460094,211.02152777777243,8039.0,-0.10798397204145582,
T060_P05_H0500_I0800_CN030_F1,T060_P05_H0500_I0800_F1,-20.916882276843467,-17.66251617076327,-16.129004247333796,203.14791666667793,11530.5,-0.058130496906786844,
T060_P05_H0500_I0800_CN040_F1,T060_P05_H0500_I0800_F1,-8.954560155239335,-5.461675291073746,-14.790538884268656,184.39930555555196,13625.0,-0.043606529267579686,
T060_P05_H0500_I0800_CN050_F1,T060_P05_H0500_I0800_F1,-20.160899094437255,-14.856888745148765,-14.195956924166808,195.41736111110873,16349.5,-0.019166016530420937,
T060_P05_H0500_I0800_CN060_F1,T060_P05_H0500_I0800_F1,-19.793014230271666,-12.787031047865455,-10.794706385141382,177.7520833333263,19579.0,-0.020293700027570916,
T060_P05_H0500_I0800_CN070_F1,T060_P05_H0500_I0800_F1,-18.111254851228978,-16.17076326002588,-10.129828127887635,203.01875000000035,22220.5,-0.002003136431184327,
T060_P05_H0500_I0800_CN080_F1,T060_P05_H0500_I0800_F1,-15.135834411384224,-9.55287839586029,-6.943446605679782,177.2826388888914,25902.5,-0.018098964555953945,
T060_P05_H0500_I0800_CN090_F1,T060_P05_H0500_I0800_F1,-14.618369987063389,-10.090556274256144,-5.775580607404677,208.88680555555544,28747.5,-0.015724358013589068,
T060_P05_H0500_I0800_CN100_F1,T060_P05_H0500_I0800_F1,-11.642949547218635,-6.85640362225098,-2.9872276638123907,183.58472222222167,31987.0,-0.022278806584361988,
T060_P05_H0500_I0986_CN000_F1,T060_P05_H0500_I0986_F1,3.1047865459249677,0.0,-10.331637708181539,,1429.5,,
T060_P05_H0500_I0986_CN010_F1,T060_P05_H0500_I0986_F1,-45.26600905562743,-50.31937257438551,-32.34796012519548,106.98263888888661,4850.5,-0.10398113338902815,
T060_P05_H0500_I0986_CN020_F1,T060_P05_H0500_I0986_F1,-22.238842173350584,-37.3746765847348,-19.22311364119645,204.8854166666662,8429.5,-0.19187125220458556,
T060_P05_H0500_I0986_CN030_F1,T060_P05_H0500_I0986_F1,-10.207794307891334,-24.3086998706339,-7.4490053242571435,231.91944444444283,12636.0,-0.16065438034188018,
T060_P05_H0500_I0986_CN040_F1,T060_P05_H0500_I0986_F1,0.788324708926254,-9.690329883570499,-0.37484052044747784,227.05138888888857,15890.5,-0.1271821746131765,
T060_P05_H0500_I0986_CN050_F1,T060_P05_H0500_I0986_F1,11.266979301423035,-1.0228007761966467,7.661277917787274,259.48263888888965,19669.5,-0.08159352473278636,
T060_P05_H0500_I0986_CN060_F1,T060_P05_H0500_I0986_F1,14.610284605433378,5.445504527813711,11.490342909208735,245.35069444444434,23106.5,-0.10181986010778599,
T060_P05_H0500_I0986_CN070_F1,T060_P05_H0500_I0986_F1,20.840071151358345,12.172542043984478,15.089052818677672,228.21597222222064,26229.0,-0.07670301390215428,
T060_P05_H0500_I0986_CN080_F1,T060_P05_H0500_I0986_F1,18.491267787839575,21.35753557567918,14.565329883570499,192.56736111111087,29390.0,-0.06412348889852149,
T060_P05_H0500_I0986_CN090_F1,T060_P05_H0500_I0986_F1,18.75,18.770213454075034,15.051736965061679,175.00138888888853,31835.5,-0.03899965385946691,
T060_P05_H0500_I0986_CN100_F1,T060_P05_H0500_I0986_F1,18.75,21.745633893919788,14.634325140146615,140.6993055555553,34311.0,-0.0020864757244293264,
T060_P05_H0800_I0600_CN000_F1,T060_P05_H0800_I0600_F1,8.671571798188864,8.865620957309183,0.35731406275039745,41.58333333333333,2563.0,-0.023832742316784783,
T060_P05_H0800_I0600_CN010_F1,T060_P05_H0800_I0600_F1,-5.012936610608023,5.8497736093143615,-6.4640849665682225,276.78402777777853,5371.0,-0.021185296742525783,
T060_P05_H0800_I0600_CN020_F1,T060_P05_H0800_I0600_F1,-5.142302716688235,-14.274741267787839,-7.792905424050176,182.5000000000114,8098.5,0.09811287477954145,
T060_P05_H0800_I0600_CN030_F1,T060_P05_H0800_I0600_F1,-14.387936610608023,-45.346862871927556,-7.880361894945196,112.71736111113154,10793.0,-0.012239600437876308,
T060_P05_H0800_I0600_CN040_F1,T060_P05_H0800_I0600_F1,-11.262936610608023,-21.911384217335055,-2.145117597349895,249.4159722222259,13842.5,-0.10465529544055197,
T060_P05_H0800_I0600_CN050_F1,T060_P05_H0800_I0600_F1,-8.675614489003877,-15.592658473479943,-0.5907823265179957,248.45138888888894,16985.0,-0.06496487867177536,
T060_P05_H0800_I0600_CN060_F1,T060_P05_H0800_I0600_F1,-18.050614489003877,-15.63308538163001,-0.5155344778861064,253.68263888889436,20198.5,-0.03809982097877607,
T060_P05_H0800_I0600_CN070_F1,T060_P05_H0800_I0600_F1,-18.050614489003877,-13.045763260025879,-0.771667903066259,259.2812499999951,23260.0,-0.023378730806672743,
T060_P05_H0800_I0600_CN080_F1,T060_P05_H0800_I0600_F1,-20.767302716688235,-12.787031047865455,-0.21096068249258337,270.766666666665,26971.0,-0.015584711883099067,
T060_P05_H0800_I0600_CN090_F1,T060_P05_H0800_I0600_F1,-18.3093467011643,-11.881468305304011,-0.09350272007911542,173.31527777777325,30416.0,-0.02007568524974135,
T060_P05_H0800_I0600_CN100_F1,T060_P05_H0800_I0600_F1,-18.3093467011643,-9.682244501940502,0.78125,182.58611111111378,33681.5,-0.021727618065083165,
T060_P05_H0800_I0800_CN000_F1,T060_P05_H0800_I0800_F1,25.614489003880987,0.0,-13.205590800189444,,1527.5,,
T060_P05_H0800_I0800_CN010_F1,T060_P05_H0800_I0800_F1,-17.043984476067273,-26.871765847347994,-15.602006211976288,35.20069444444425,5360.5,-0.05440613026819918,
T060_P05_H0800_I0800_CN020_F1,T060_P05_H0800_I0800_F1,-5.1625161707632685,-15.641170763260028,-8.438850926647746,242.87152777777825,8751.0,-0.11908339084426034,
T060_P05_H0800_I0800_CN030_F1,T060_P05_H0800_I0800_F1,-8.307729624838288,-13.094275549805957,-11.304177005694001,238.18750000000114,12084.5,-0.07601312241864755,
T060_P05_H0800_I0800_CN040_F1,T060_P05_H0800_I0800_F1,-9.362871927554977,-13.413648124191454,-10.138895305858426,198.2868055555557,15343.0,-0.013819854476054272,
T060_P05_H0800_I0800_CN050_F1,T060_P05_H0800_I0800_F1,-17.852522639068567,-11.602522639068567,-6.9652290088092315,185.1166666666674,18238.0,-0.011872265966754059,
T060_P05_H0800_I0800_CN060_F1,T060_P05_H0800_I0800_F1,-6.189359637774899,-8.0004851228978,-2.8749114458202456,179.2006944444467,21959.5,-0.0220027512134382,
T060_P05_H0800_I0800_CN070_F1,T060_P05_H0800_I0800_F1,-8.538163001293668,-3.6222509702458012,-0.9887266678987174,207.4861111111052,25014.0,-0.01852985955754405,
T060_P05_H0800_I0800_CN080_F1,T060_P05_H0800_I0800_F1,-6.080206985769735,-2.9552069857697347,-0.061169762212770706,179.04861111110822,28334.5,-0.026124720650624877,
T060_P05_H0800_I0800_CN090_F1,T060_P05_H0800_I0800_F1,-6.338939197930131,-3.8809831824062115,-0.530555042198003,167.01666666666716,31207.5,-0.021290045828971427,
T060_P05_H0800_I0800_CN100_F1,T060_P05_H0800_I0800_F1,-5.433376455368688,0.0,0.0,151.5590277777967,33814.0,0.001352579536198606,
T060_P05_H0800_I0986_CN000_F1,T060_P05_H0800_I0986_F1,-32.903460543337644,0.129366106080207,-7.108748751369756,,1831.0,,
T060_P05_H0800_I0986_CN010_F1,T060_P05_H0800_I0986_F1,-29.006306597671404,-46.00986416558862,-28.654374018944857,94.66736111110112,5591.5,-0.08790701128936418,
T060_P05_H0800_I0986_CN020_F1,T060_P05_H0800_I0986_F1,-19.473641655886155,-40.30158473479948,-23.96070894244548,226.78472222222382,9406.0,-0.12313132208531563,
T060_P05_H0800_I0986_CN030_F1,T060_P05_H0800_I0986_F1,-7.3132276843467,-20.35899094437258,-13.970210644240083,256.885416666664,13571.0,-0.10621094188049873,
T060_P05_H0800_I0986_CN040_F1,T060_P05_H0800_I0986_F1,-4.099288486416569,-16.906532988357043,-11.321910804446375,258.2472222222224,17045.0,-0.06139403292181067,
T060_P05_H0800_I0986_CN050_F1,T060_P05_H0800_I0986_F1,2.2396507115135904,-11.214424320827945,-5.779943069723146,241.2159722222275,20172.5,-0.026612630132745063,
T060_P05_H0800_I0986_CN060_F1,T060_P05_H0800_I0986_F1,4.697606727037524,-11.343790426908157,-4.331190227050513,223.51666666666665,22959.5,-0.021435815066767283,
T060_P05_H0800_I0986_CN070_F1,T060_P05_H0800_I0986_F1,5.2150711513583445,-2.805627425614489,-1.017446690150436,199.9548611111227,25643.0,-0.02769903675605434,
T060_P05_H0800_I0986_CN080_F1,T060_P05_H0800_I0986_F1,5.861901681759377,4.697606727037524,-0.12285041392415508,186.190277777779,28767.5,-0.03999710014438462,
T060_P05_H0800_I0986_CN090_F1,T060_P05_H0800_I0986_F1,5.732535575679179,2.6277490297541988,-0.33258246712321693,206.48611111111202,31400.0,-0.02493412875963208,
T060_P05_H0800_I0986_CN100_F1,T060_P05_H0800_I0986_F1,6.120633893919788,6.25,0.0,122.48263888889306,33838.0,0.002756655966013488,
T060_P05_H1000_I0600_CN000_F1,T060_P05_H1000_I0600_F1,8.82115135834411,3.2422380336351857,-2.0147955374181947,255.20000000000005,2511.5,-0.002799564270152488,
T060_P05_H1000_I0600_CN010_F1,T060_P05_H1000_I0600_F1,2.829883570504535,-4.5803686934023276,-8.504920264590254,224.11527777777764,5244.0,0.05666858861303303,
T060_P05_H1000_I0600_CN020_F1,T060_P05_H1000_I0600_F1,-1.9970892626132013,-32.377910737386806,-8.458949169522597,163.6673611111306,8010.5,0.09876303021568911,
T060_P05_H1000_I0600_CN030_F1,T060_P05_H1000_I0600_F1,-10.725258732212168,-32.090879689521344,-4.91099925764064,121.39930555556845,10991.5,-0.04712766156845116,
T060_P05_H1000_I0600_CN040_F1,T060_P05_H1000_I0600_F1,-5.271668822768433,-15.681597671410088,-0.06546388831129946,239.15208333333356,13748.0,-0.12885628095138457,
T060_P05_H1000_I0600_CN050_F1,T060_P05_H1000_I0600_F1,-4.863357050452777,-8.69582794307891,1.514683278326487,242.71736111111167,16892.5,-0.07460905349794245,
T060_P05_H1000_I0600_CN060_F1,T060_P05_H1000_I0600_F1,-8.784767141009056,-1.4513260025873223,2.6156544957774486,247.05555555555247,20035.5,-0.07877911206983257,
T060_P05_H1000_I0600_CN070_F1,T060_P05_H1000_I0600_F1,-8.267302716688235,-5.631468305304011,0.8439673373074896,263.5472222222237,23149.5,-0.048514839696674694,
T060_P05_H1000_I0600_CN080_F1,T060_P05_H1000_I0600_F1,-11.262936610608023,-9.015200517464422,0.8444219714711494,244.6729166666708,27005.0,-0.015424323814909102,
T060_P05_H1000_I0600_CN090_F1,T060_P05_H1000_I0600_F1,-23.74272315653299,-13.971539456662356,-0.5191256830600963,195.98124999997248,30131.0,-0.014206980123920854,
T060_P05_H1000_I0600_CN100_F1,T060_P05_H1000_I0600_F1,-20.50857050452781,-13.583441138421733,-0.2160953800298131,164.66597222222234,33588.0,-0.0031357424040807658,
T060_P05_H1000_I0800_CN000_F1,T060_P05_H1000_I0800_F1,32.60025873221216,0.0,-1.788569928167199,,2006.5,,
T060_P05_H1000_I0800_CN010_F1,T060_P05_H1000_I0800_F1,0.48108020698578,-23.78719275549806,-7.891661427863795,9.335416666666902,5680.0,-0.08908688562776612,
T060_P05_H1000_I0800_CN020_F1,T060_P05_H1000_I0800_F1,1.0874838292367315,-17.96976067270375,-0.37725090725894006,258.18333333333334,8898.0,-0.08046535244922348,
T060_P05_H1000_I0800_CN030_F1,T060_P05_H1000_I0800_F1,-5.979139715394567,-12.835543337645532,-6.856793159351895,260.7173611111116,12503.5,-0.08282596859132263,
T060_P05_H1000_I0800_CN040_F1,T060_P05_H1000_I0800_F1,3.7637451487710223,-2.0779430789133215,-1.7944702406620223,184.48541666666688,15594.0,-0.04638043964024374,
T060_P05_H1000_I0800_CN050_F1,T060_P05_H1000_I0800_F1,-0.5659767141008984,0.8772639068564132,-0.2214849124211895,198.51805555555546,18952.5,-0.01945831277801735,
T060_P05_H1000_I0800_CN060_F1,T060_P05_H1000_I0800_F1,-6.448091849935324,-6.706824062095734,-0.507428283948343,174.26736111111148,22366.0,-0.006259909768610794,
T060_P05_H1000_I0800_CN070_F1,T060_P05_H1000_I0800_F1,-0.7357697283311779,0.8166235446313124,0.7914882749132346,165.53819444444156,25211.5,-0.011266044316089907,
T060_P05_H1000_I0800_CN080_F1,T060_P05_H1000_I0800_F1,3.9416235446313124,-2.3083764553686876,1.2909659335920622,155.65277777777882,28342.0,0.03382120039813863,
T060_P05_H1000_I0800_CN090_F1,T060_P05_H1000_I0800_F1,-6.338939197930131,2.8662677878395755,2.031586890901252,165.18333333333356,31268.5,-0.021919178184083177,
T060_P05_H1000_I0800_CN100_F1,T060_P05_H1000_I0800_F1,-5.5627425614489,3.125,1.0416666666666572,132.91666666669693,33828.0,0.005119910942950723,
T060_P05_H1000_I0986_CN000_F1,T060_P05_H1000_I0986_F1,-49.84233505821475,0.7761966364812419,-8.970390578461348,,2090.0,,
T060_P05_H1000_I0986_CN010_F1,T060_P05_H1000_I0986_F1,-19.41300129366106,-25.727684346701164,-20.773228981912432,74.69999999994832,5847.5,-0.08858830212996882,
T060_P05_H1000_I0986_CN020_F1,T060_P05_H1000_I0986_F1,-13.502587322121613,-33.424967658473484,-20.22985378305107,222.66736111111447,9299.0,-0.07351324966456552,
T060_P05_H1000_I0986_CN030_F1,T060_P05_H1000_I0986_F1,-13.284282018111256,-22.339909443725745,-17.215008218071148,267.1840277777806,13339.0,-0.08432367149758446,
T060_P05_H1000_I0986_CN040_F1,T060_P05_H1000_I0986_F1,-1.511966364812423,-9.49223803363519,-6.971719885691442,238.58611111111435,16884.5,-0.046534221529038966,
T060_P05_H1000_I0986_CN050_F1,T060_P05_H1000_I0986_F1,2.757115135834411,-9.1243531694696,-5.43797010808656,209.26388888885657,19991.5,-0.007060223195280546,
T060_P05_H1000_I0986_CN060_F1,T060_P05_H1000_I0986_F1,4.309508408796887,-8.23900388098319,-4.500922751246165,194.35347222222265,22821.0,-0.03286343643189338,
T060_P05_H1000_I0986_CN070_F1,T060_P05_H1000_I0986_F1,4.438874514877099,-5.522315653298833,-1.8645304673765395,190.3506944444309,25616.5,-0.02083374063212773,
T060_P05_H1000_I0986_CN080_F1,T060_P05_H1000_I0986_F1,4.956338939197934,3.7920439844760665,-0.2603354673212266,187.91666666669286,28798.0,-0.026004109768477668,
T060_P05_H1000_I0986_CN090_F1,T060_P05_H1000_I0986_F1,6.120633893919788,4.826972833117722,-0.12633550149720918,185.38611111109603,31370.0,-0.014224506658889746,
T060_P05_H1000_I0986_CN100_F1,T060_P05_H1000_I0986_F1,6.120633893919788,6.25,0.0,115.35069444444831,33854.0,0.011060662322520787,
T060_P10_H0500_I0600_CN000_F1,T060_P10_H0500_I0600_F1,13.854301423027167,0.0,6.162361427435194,,3186.0,,
T060_P10_H0500_I0600_CN010_F1,T060_P10_H0500_I0600_F1,13.854301423027167,-1.4432406209573094,-12.615368399726421,33.2333333333284,5812.0,-0.20580484330484317,
T060_P10_H0500_I0600_CN020_F1,T060_P10_H0500_I0600_F1,13.983667529107365,-33.67157179818888,-12.85674473028044,210.78333333333288,8611.0,-0.09847517654535187,
T060_P10_H0500_I0600_CN030_F1,T060_P10_H0500_I0600_F1,13.983667529107365,-16.417367399741266,-7.255619689885364,243.92013888888832,11472.0,-0.13791160027952476,
T060_P10_H0500_I0600_CN040_F1,T060_P10_H0500_I0600_F1,1.4836675291073647,-19.82131306597671,-10.098018178588731,243.45347222226857,14270.5,-0.13023619254970853,
T060_P10_H0500_I0600_CN050_F1,T060_P10_H0500_I0600_F1,-6.448091849935324,-3.9092820181112558,-7.667980227889544,233.93680555556955,16847.0,-0.07188350447029146,
T060_P10_H0500_I0600_CN060_F1,T060_P10_H0500_I0600_F1,-4.2488680465718005,-2.4862548512289777,-4.526440384601003,232.74930555555545,20051.5,-0.05431269869131905,
T060_P10_H0500_I0600_CN070_F1,T060_P10_H0500_I0600_F1,2.7773285899094446,-5.890200517464422,-4.863912533925486,212.10138888889537,23339.5,-0.02519110779639855,
T060_P10_H0500_I0600_CN080_F1,T060_P10_H0500_I0600_F1,3.8122574385511,5.663809831824068,-0.8075037009622577,215.3506944444509,26453.5,-0.0361785156804314,
T060_P10_H0500_I0600_CN090_F1,T060_P10_H0500_I0600_F1,-1.4028137128072444,-0.4770375161707676,-0.4078126285056527,202.91666666666524,29683.5,0.007519498809951841,
T060_P10_H0500_I0600_CN100_F1,T060_P10_H0500_I0600_F1,-0.7559831824062115,-2.3083764553686876,-0.47292643309482685,223.52083333333962,32647.5,-0.004173367688327434,
T060_P10_H0500_I0800_CN000_F1,T060_P10_H0500_I0800_F1,21.604139715394567,0.0,-14.170151714412544,,1340.0,,
T060_P10_H0500_I0800_CN010_F1,T060_P10_H0500_I0800_F1,-22.238842173350584,-42.90507761966365,-20.03346853240275,9.116666666666674,5463.5,-0.10207592178925018,
T060_P10_H0500_I0800_CN020_F1,T060_P10_H0500_I0800_F1,-3.7394890038809763,-20.557082794307888,-6.148647841684195,241.5027777777839,8921.0,-0.1308073241781108,
T060_P10_H0500_I0800_CN030_F1,T060_P10_H0500_I0800_F1,-2.336675291073746,-1.7989974126778776,-3.2590335763847946,243.91944444448552,11796.0,-0.09041462649089771,
T060_P10_H0500_I0800_CN040_F1,T060_P10_H0500_I0800_F1,-9.38308538163001,-6.108505821474779,-8.332083190993288,265.74930555555403,14628.5,-0.053119239533381046,
T060_P10_H0500_I0800_CN050_F1,T060_P10_H0500_I0800_F1,-7.592173350582144,-12.398932729624832,-8.820097808616566,223.0173611111113,17775.0,-0.00940329624689662,
T060_P10_H0500_I0800_CN060_F1,T060_P10_H0500_I0800_F1,-2.158796895213456,-7.612386804657177,-3.1762074169900956,225.64999999999793,21493.5,0.01386373868024171,
T060_P10_H0500_I0800_CN070_F1,T060_P10_H0500_I0800_F1,1.8515523932729536,2.1304980595084118,0.4438760759507687,209.35069444443823,24719.0,-0.02222747683960591,
T060_P10_H0500_I0800_CN080_F1,T060_P10_H0500_I0800_F1,1.572606727037524,-0.4972509702458012,1.8990041329950884,200.21874999999557,28076.5,-0.04019202087994023,
T060_P10_H0500_I0800_CN090_F1,T060_P10_H0500_I0800_F1,6.25,2.7369016817593774,3.066197224508997,179.21875000001114,31573.0,-0.05176224611708469,
T060_P10_H0500_I0800_CN100_F1,T060_P10_H0500_I0800_F1,3.125,3.125,3.125,156.78472222222214,33848.0,-0.012231472594323667,
T060_P10_H0500_I0986_CN000_F1,T060_P10_H0500_I0986_F1,13.71280724450194,0.0,-14.54924517421535,,1323.0,,
T060_P10_H0500_I0986_CN010_F1,T060_P10_H0500_I0986_F1,-10.854624838292366,-17.626131953428203,-15.685905683865201,184.88333333333335,5843.0,-0.11731237816764128,
T060_P10_H0500_I0986_CN020_F1,T060_P10_H0500_I0986_F1,-3.48075679172058,-23.791235446313067,-4.022289719483652,240.08680555557333,9858.5,-0.11637588183421532,
T060_P10_H0500_I0986_CN030_F1,T060_P10_H0500_I0986_F1,2.4296571798188893,-10.983990944372579,-9.085219037419549,268.19861111110464,13285.5,-0.09647348890316143,
T060_P10_H0500_I0986_CN040_F1,T060_P10_H0500_I0986_F1,-1.8798512289779978,-1.560478654592501,-4.982460066345908,266.7666666666662,16438.0,-0.0540824337699336,
T060_P10_H0500_I0986_CN050_F1,T060_P10_H0500_I0986_F1,-2.9552069857697347,-15.782664941785256,-5.5139782597738645,234.84999999999607,19740.0,-0.008588594114467774,
T060_P10_H0500_I0986_CN060_F1,T060_P10_H0500_I0986_F1,2.2396507115135904,-9.035413971539455,-1.8700773317526256,210.65000000000302,22500.5,0.011229793620881168,
T060_P10_H0500_I0986_CN070_F1,T060_P10_H0500_I0986_F1,5.9912677878395755,2.219437257438557,1.4242079341529603,199.48263888888866,25787.5,-0.024469676764273807,
T060_P10_H0500_I0986_CN080_F1,T060_P10_H0500_I0986_F1,6.25,-0.36788486416558897,1.23226964389643,201.15208333333356,28210.0,-0.03274949471654487,
T060_P10_H0500_I0986_CN090_F1,T060_P10_H0500_I0986_F1,0.0,0.0,0.0,153.28402777777893,31341.0,-0.006991609170619695,
T060_P10_H0500_I0986_CN100_F1,T060_P10_H0500_I0986_F1,0.0,0.0,0.0,137.9548611111107,33852.0,0.008727645417086038,
T060_P10_H0800_I0600_CN000_F1,T060_P10_H0800_I0600_F1,20.710705045278132,-6.25,5.4442926489399355,,3286.0,,
T060_P10_H0800_I0600_CN010_F1,T060_P10_H0800_I0600_F1,20.710705045278132,-2.6277490297542045,-6.748645975651186,306.4548611111202,5887.5,-0.23941798941798942,
T060_P10_H0800_I0600_CN020_F1,T060_P10_H0800_I0600_F1,20.322606727037524,-43.93192108667529,-12.08043621065005,192.9347222222205,8688.0,-0.09910855400489049,
T060_P10_H0800_I0600_CN030_F1,T060_P10_H0800_I0600_F1,11.206338939197934,-27.45391332470892,-8.945938860027297,195.58333333333036,11580.5,-0.11845129536101773,
T060_P10_H0800_I0600_CN040_F1,T060_P10_H0800_I0600_F1,8.081338939197934,-30.8780724450194,-10.63926715380181,194.0555555555547,14648.0,-0.09379991617131533,
T060_P10_H0800_I0600_CN050_F1,T060_P10_H0800_I0600_F1,7.693240620957312,-12.746604139715387,-4.701903763190941,211.18333333333965,17442.0,-0.05599157554851231,
T060_P10_H0800_I0600_CN060_F1,T060_P10_H0800_I0600_F1,7.822606727037524,-5.332309184993534,-1.6130523027353547,231.11666666666497,20877.5,-0.0579334009101542,
T060_P10_H0800_I0600_CN070_F1,T060_P10_H0800_I0600_F1,7.822606727037524,-10.567593790426912,-3.1147713505410763,218.53541666666183,24189.5,-0.02721783019411328,
T060_P10_H0800_I0600_CN080_F1,T060_P10_H0800_I0600_F1,8.081338939197934,-5.910413971539455,-0.8322856172144668,218.23333333333505,27372.5,-0.015334528809614723,
T060_P10_H0800_I0600_CN090_F1,T060_P10_H0800_I0600_F1,8.210705045278132,-0.34767141009055536,0.7340243126142383,190.75277777777865,30812.0,-0.02027914572005063,
T060_P10_H0800_I0600_CN100_F1,T060_P10_H0800_I0600_F1,8.340071151358345,2.7369016817593774,1.5193779646399435,182.91666666666595,33822.5,-0.023698738537448305,
T060_P10_H0800_I0800_CN000_F1,T060_P10_H0800_I0800_F1,23.673997412677878,0.0,-16.483611952696762,,1616.5,,
T060_P10_H0800_I0800_CN010_F1,T060_P10_H0800_I0800_F1,-23.144404915912034,-45.01536222509702,-20.415696221480836,40.06875000000531,5399.0,-0.15033344748257016,
T060_P10_H0800_I0800_CN020_F1,T060_P10_H0800_I0800_F1,-4.127587322121613,-25.99045924967659,-6.348257927247857,240.35416666668004,8991.0,-0.15743791930888706,
T060_P10_H0800_I0800_CN030_F1,T060_P10_H0800_I0800_F1,-8.218790426908157,-1.5402652005174673,-1.7196253329823747,249.4854166666861,12430.0,-0.10224784159159162,
T060_P10_H0800_I0800_CN040_F1,T060_P10_H0800_I0800_F1,-6.298512289780078,-12.358505821474779,-7.416143041951585,238.6881944444383,15568.5,-0.033953273592772004,
T060_P10_H0800_I0800_CN050_F1,T060_P10_H0800_I0800_F1,-7.871119016817602,-7.054495472186289,-4.984016495578587,220.91666666666754,18454.5,-0.026961896373794425,
T060_P10_H0800_I0800_CN060_F1,T060_P10_H0800_I0800_F1,-2.3083764553686876,2.150711513583431,3.7998966051197556,183.7847222222469,22250.5,0.004256687242798485,
T060_P10_H0800_I0800_CN070_F1,T060_P10_H0800_I0800_F1,2.219437257438557,-0.1980918499353237,4.078576842160302,179.21875000002905,25590.5,-0.005203360209896535,
T060_P10_H0800_I0800_CN080_F1,T060_P10_H0800_I0800_F1,-0.2587322121604245,2.757115135834411,1.747326515478207,184.74930555555548,28420.5,-0.029404685069340908,
T060_P10_H0800_I0800_CN090_F1,T060_P10_H0800_I0800_F1,0.0,1.701972833117722,1.3533581285036718,186.749305555555,31402.5,-0.0352189147279528,
T060_P10_H0800_I0800_CN100_F1,T060_P10_H0800_I0800_F1,0.0,3.125,1.5625,144.0486111111221,33852.0,-0.001605484381013489,
T060_P10_H0800_I0986_CN000_F1,T060_P10_H0800_I0986_F1,-19.877910737386806,0.0,-9.915934254297532,,1883.5,,
T060_P10_H0800_I0986_CN010_F1,T060_P10_H0800_I0986_F1,-5.679980595084089,-25.299159120310478,-12.098678091242391,184.51666666666668,6326.0,-0.05800322061191632,
T060_P10_H0800_I0986_CN020_F1,T060_P10_H0800_I0986_F1,1.0470569210866785,-24.199547218628716,-3.416597283386622,236.02013888888916,10531.5,-0.1206808293117817,
T060_P10_H0800_I0986_CN030_F1,T060_P10_H0800_I0986_F1,-3.990135834411376,-24.797865459249678,-9.561612162325218,267.21874999999557,14112.0,-0.06651443031524329,
T060_P10_H0800_I0986_CN040_F1,T060_P10_H0800_I0986_F1,2.7369016817593774,-16.300129366106077,-3.944732858057577,225.77986111110076,17350.0,-0.03557187464222333,
T060_P10_H0800_I0986_CN050_F1,T060_P10_H0800_I0986_F1,2.9956338939197877,-10.975905562742554,-2.0335081899198997,211.98125000000462,20133.5,-0.01628622464769469,
T060_P10_H0800_I0986_CN060_F1,T060_P10_H0800_I0986_F1,3.125,-0.12936610608021226,-0.014374011786685514,167.78472222223152,22857.0,-0.030477670432738413,
T060_P10_H0800_I0986_CN070_F1,T060_P10_H0800_I0986_F1,3.125,-0.7761966364812452,-0.07075933984083349,176.2743055555522,25747.5,-0.02649633009802499,
T060_P10_H0800_I0986_CN080_F1,T060_P10_H0800_I0986_F1,3.125,-2.846054333764556,-0.29976348216969484,187.88472222222543,28281.0,-0.015821728436159144,
T060_P10_H0800_I0986_CN090_F1,T060_P10_H0800_I0986_F1,3.125,0.0,0.0,132.18680555555298,31298.5,0.007570967939964479,
T060_P10_H0800_I0986_CN100_F1,T060_P10_H0800_I0986_F1,3.125,0.0,0.0,121.22500000000119,33850.0,0.00722295963897257,
T060_P10_H1000_I0600_CN000_F1,T060_P10_H1000_I0600_F1,20.710705045278132,-3.125,4.7000699125853345,,3338.5,,
T060_P10_H1000_I0600_CN010_F1,T060_P10_H1000_I0600_F1,20.710705045278132,-5.882115135834411,-8.754778163807686,204.73194444444442,5910.0,-0.1122256515775033,
T060_P10_H1000_I0600_CN020_F1,T060_P10_H1000_I0600_F1,20.969437257438557,-42.63826002587322,-12.314814621481801,191.87013888889038,8765.0,-0.06467115201003248,
T060_P10_H1000_I0600_CN030_F1,T060_P10_H1000_I0600_F1,20.969437257438557,-23.293984476067273,-6.1619511568727745,192.75000000000318,11771.5,-0.11500201910358154,
T060_P10_H1000_I0600_CN040_F1,T060_P10_H1000_I0600_F1,17.844437257438557,-19.024902975420446,-4.878215170043958,187.85347222222083,14837.5,-0.1018359705859706,
T060_P10_H1000_I0600_CN050_F1,T060_P10_H1000_I0600_F1,11.335705045278132,-8.954560155239335,-3.2297503710441333,218.28680555557366,17518.5,-0.07784001204686031,
T060_P10_H1000_I0600_CN060_F1,T060_P10_H1000_I0600_F1,14.719437257438557,-7.660899094437255,-0.2517216354764997,225.98194444445215,20846.0,-0.036943293615268935,
T060_P10_H1000_I0600_CN070_F1,T060_P10_H1000_I0600_F1,8.469437257438557,-13.413648124191454,-2.2642916332118688,219.91944444444624,24019.5,-0.01680406453152039,
T060_P10_H1000_I0600_CN080_F1,T060_P10_H1000_I0600_F1,8.210705045278132,-10.547380336351878,-1.402489551808614,241.08402777778122,27083.0,-0.01510524019088999,
T060_P10_H1000_I0600_CN090_F1,T060_P10_H1000_I0600_F1,5.344437257438557,-9.682244501940502,-1.6004583307598637,195.96944444444455,30772.5,-0.0013175189404009968,
T060_P10_H1000_I0600_CN100_F1,T060_P10_H1000_I0600_F1,5.344437257438557,1.055142302716689,0.3005463426183326,164.4999999999997,33790.5,-0.023447465234868847,
T060_P10_H1000_I0800_CN000_F1,T060_P10_H1000_I0800_F1,39.974126778783955,0.0,-11.22212690665522,,2055.5,,
T060_P10_H1000_I0800_CN010_F1,T060_P10_H1000_I0800_F1,-14.864974126778783,-42.706985769728334,-17.60148921005335,3.2013888888890847,5665.0,-0.1220807613168724,
T060_P10_H1000_I0800_CN020_F1,T060_P10_H1000_I0800_F1,0.9176908150064662,-24.567432082794305,-6.154063940213234,233.35416666665185,9165.0,-0.09501695294328139,
T060_P10_H1000_I0800_CN030_F1,T060_P10_H1000_I0800_F1,5.1867723156533,-1.7989974126778776,1.627491359258812,226.05208333334664,12475.0,-0.09753327055869443,
T060_P10_H1000_I0800_CN040_F1,T060_P10_H1000_I0800_F1,2.0415588615782667,1.6938874514877114,-0.07461039661072277,209.6993055555555,15682.5,-0.05867260940032437,
T060_P10_H1000_I0800_CN050_F1,T060_P10_H1000_I0800_F1,-4.6167529107373895,1.4149417852522674,-3.1266074508716883,199.6673611111113,18361.0,-0.038580609169419855,
T060_P10_H1000_I0800_CN060_F1,T060_P10_H1000_I0800_F1,-1.5321798188874425,-3.9699223803363566,-0.5817411665163945,190.5027777777953,21833.0,-0.012978395061728487,
T060_P10_H1000_I0800_CN070_F1,T060_P10_H1000_I0800_F1,16.033311772315656,8.121765847348001,4.183833810289173,173.48263888888778,25287.0,-0.04306864945753841,
T060_P10_H1000_I0800_CN080_F1,T060_P10_H1000_I0800_F1,-1.1642949547218677,0.02021345407503361,0.8955131848889977,184.6527777778021,28308.5,-0.012515432763397949,
T060_P10_H1000_I0800_CN090_F1,T060_P10_H1000_I0800_F1,0.0,1.572606727037524,1.3266028656552606,163.69097222222086,31270.5,-0.023021373499309994,
T060_P10_H1000_I0800_CN100_F1,T060_P10_H1000_I0800_F1,0.0,3.125,1.5625,142.82291666666526,33854.5,-0.0005617456541799903,
T060_P10_H1000_I0986_CN000_F1,T060_P10_H1000_I0986_F1,-28.298835705045278,0.0,-8.349174490930196,,2278.5,,
T060_P10_H1000_I0986_CN010_F1,T060_P10_H1000_I0986_F1,-11.412516170763269,-38.85430142302717,-14.53043624861364,175.21666666666667,6442.0,-0.030670051772202278,
T060_P10_H1000_I0986_CN020_F1,T060_P10_H1000_I0986_F1,6.589586028460545,-22.129689521345405,-5.654906841943486,232.23680555555524,10395.0,-0.1105216729943207,
T060_P10_H1000_I0986_CN030_F1,T060_P10_H1000_I0986_F1,17.197606727037524,-8.287516170763269,-0.14939246747512414,246.66597222222214,14144.0,-0.058621959043058114,
T060_P10_H1000_I0986_CN040_F1,T060_P10_H1000_I0986_F1,7.693240620957312,-3.0037192755498126,2.1658739375831857,204.7666666666671,17400.5,-0.03532388597748082,
T060_P10_H1000_I0986_CN050_F1,T060_P10_H1000_I0986_F1,2.219437257438557,-11.622736093143587,-2.037561672910954,199.28263888888887,20074.5,0.006571563119240342,
T060_P10_H1000_I0986_CN060_F1,T060_P10_H1000_I0986_F1,6.25,-2.567108667529112,0.004402041109671018,188.14861111111094,22663.5,0.02048474367105735,
T060_P10_H1000_I0986_CN070_F1,T060_P10_H1000_I0986_F1,12.5,0.0,0.0,150.35069444444434,25666.5,0.028282533928657094,
T060_P10_H1000_I0986_CN080_F1,T060_P10_H1000_I0986_F1,3.125,-1.2936610608020658,-0.1345603512485809,188.08402777777718,28314.5,-0.014512929439104982,
T060_P10_H1000_I0986_CN090_F1,T060_P10_H1000_I0986_F1,3.125,0.0,0.0,117.4534722222254,31232.5,0.004916492232044378,
T060_P10_H1000_I0986_CN100_F1,T060_P10_H1000_I0986_F1,3.125,0.0,0.0,98.01041666666691,33824.0,0.006944912348473942,
T120_P03_H0500_I0600_CN000_F1,T120_P03_H0500_I0600_F1,4.3135510996118995,13.971539456662354,-7.512942308897813,,6328.0,,
T120_P03_H0500_I0600_CN010_F1,T120_P03_H0500_I0600_F1,19.150226390685646,-7.40620957309185,-30.894393973640376,16.016666666674666,13803.0,0.31588371459694986,
T120_P03_H0500_I0600_CN020_F1,T120_P03_H0500_I0600_F1,22.1256468305304,3.367561448900389,-22.290450400949794,273.08263888890684,21445.5,-0.13313237274170542,
T120_P03_H0500_I0600_CN030_F1,T120_P03_H0500_I0600_F1,27.94712160413971,24.88276196636481,-13.402310808119182,266.35416666666754,27820.5,-0.13355449513507267,
T120_P03_H0500_I0600_CN040_F1,T120_P03_H0500_I0600_F1,30.146345407503233,21.996280724450187,-10.178599222933343,223.74999999999983,33749.5,-0.059311866045612005,
T120_P03_H0500_I0600_CN050_F1,T120_P03_H0500_I0600_F1,32.47493531694697,28.205853816300134,-6.343282225485822,207.7666666666793,39877.0,-0.06827636545820492,
T120_P03_H0500_I0600_CN060_F1,T120_P03_H0500_I0600_F1,35.32098965071151,31.828104786545936,-2.7345932234383667,185.76666666666569,46503.0,-0.038810881616966,
T120_P03_H0500_I0600_CN070_F1,T120_P03_H0500_I0600_F1,36.097186287192756,35.45035575679172,-0.7908017179670708,166.40208333333376,52313.5,-0.04452984344292599,
T120_P03_H0500_I0600_CN080_F1,T120_P03_H0500_I0600_F1,37.520213454075034,36.74401681759379,-0.1645635641698675,161.80208333333127,57721.0,-0.040251607596829775,
T120_P03_H0500_I0600_CN090_F1,T120_P03_H0500_I0600_F1,38.29641009055628,38.8138745148771,-0.016404199475061887,158.48263888888783,62759.0,-0.04284004550976317,
T120_P03_H0500_I0600_CN100_F1,T120_P03_H0500_I0600_F1,38.94324062095731,39.20197283311772,0.0,152.14861111110991,67784.5,-0.012751626989608744,
T120_P03_H0500_I0800_CN000_F1,T120_P03_H0500_I0800_F1,23.803363518758086,-28.125,-46.184459131145985,,1907.0,,
T120_P03_H0500_I0800_CN010_F1,T120_P03_H0500_I0800_F1,-5.967011642949551,-32.527490297542045,-36.64355316759406,151.84930555555374,12592.0,-0.1845891955266954,
T120_P03_H0500_I0800_CN020_F1,T120_P03_H0500_I0800_F1,-5.76891979301422,-8.98285899094438,-25.6820870897526,167.71736111111147,19377.0,-0.13183020683020674,
T120_P03_H0500_I0800_CN030_F1,T120_P03_H0500_I0800_F1,7.3374838292367315,-1.9970892626132013,-17.133749739045356,162.63402777777702,26328.5,-0.0696437893143318,
T120_P03_H0500_I0800_CN040_F1,T120_P03_H0500_I0800_F1,5.097833117723155,2.9188227684346657,-11.885371159669631,162.71736111111147,32807.0,-0.05484151077562627,
T120_P03_H0500_I0800_CN050_F1,T120_P03_H0500_I0800_F1,2.858182406209579,7.834734799482533,-7.491856428398151,160.71736111111724,39200.5,-0.0597409198971699,
T120_P03_H0500_I0800_CN060_F1,T120_P03_H0500_I0800_F1,-0.2870310478654545,6.888745148771022,-4.7036136478002675,161.71736111111244,45266.5,-0.07152549221812654,
T120_P03_H0500_I0800_CN070_F1,T120_P03_H0500_I0800_F1,4.390362225097022,11.954236739974121,-3.597184259511124,187.26736111111128,50471.5,-0.04266720592035933,
T120_P03_H0500_I0800_CN080_F1,T120_P03_H0500_I0800_F1,1.0066300129366113,12.839586028460545,-1.5265690481635374,189.2673611111054,56691.5,-0.045246760168366595,
T120_P03_H0500_I0800_CN090_F1,T120_P03_H0500_I0800_F1,2.688389391979314,17.884864165588624,-1.0771713905912463,185.26736111111083,61933.5,-0.04889541206712744,
T120_P03_H0500_I0800_CN100_F1,T120_P03_H0500_I0800_F1,1.6534605433376441,12.540426908150053,-1.195932994319577,191.83333333333292,67040.0,-0.07542103841241743,
T120_P03_H0500_I0986_CN000_F1,T120_P03_H0500_I0986_F1,3.751617076326003,0.0,-0.8630954591480418,,3562.5,,
T120_P03_H0500_I0986_CN010_F1,T120_P03_H0500_I0986_F1,4.572283311772317,-25.958117723156533,-12.50670000785,133.06944444444355,11642.5,-0.13881626724763974,
T120_P03_H0500_I0986_CN020_F1,T120_P03_H0500_I0986_F1,4.960381630012932,-1.5079236739974107,-0.7471321857203037,139.20069444444454,17072.0,-0.17417399708421377,
T120_P03_H0500_I0986_CN030_F1,T120_P03_H0500_I0986_F1,4.960381630012932,0.889391979301422,-5.952420124190951,144.7166666666622,21717.0,-0.0962660619803477,
T120_P03_H0500_I0986_CN040_F1,T120_P03_H0500_I0986_F1,4.960381630012932,4.641009055627421,-3.3136134315205794,142.4493055555555,25851.5,-0.04428387925497734,
T120_P03_H0500_I0986_CN050_F1,T120_P03_H0500_I0986_F1,4.960381630012932,6.8402328589909445,-1.4554404082775392,145.61597222222187,30090.5,-0.033945377280265365,
T120_P03_H0500_I0986_CN060_F1,T120_P03_H0500_I0986_F1,4.960381630012932,8.521992238033633,-0.3019695853151916,133.71666666666658,34169.5,-0.033051086149902154,
T120_P03_H0500_I0986_CN070_F1,T120_P03_H0500_I0986_F1,4.960381630012932,9.815653298835699,0.3492028727843177,142.58472222222366,38332.5,-0.020688274365599613,
T120_P03_H0500_I0986_CN080_F1,T120_P03_H0500_I0986_F1,4.960381630012932,10.203751617076335,0.7874922915453482,136.88680555559026,42285.0,-0.011214083300382316,
T120_P03_H0500_I0986_CN090_F1,T120_P03_H0500_I0986_F1,4.960381630012932,11.23868046571799,1.4969501144887971,141.71666666667144,46443.0,-0.008489684860298885,
T120_P03_H0500_I0986_CN100_F1,T120_P03_H0500_I0986_F1,4.960381630012932,12.273609314359632,2.4996452822539794,148.15069444443967,50704.0,-0.007048891452005601,
T120_P03_H0800_I0600_CN000_F1,T120_P03_H0800_I0600_F1,4.960381630012932,14.23027166882277,-6.635847916459248,,6108.0,,
T120_P03_H0800_I0600_CN010_F1,T120_P03_H0800_I0600_F1,25.658958602846056,-1.5443078913324726,-24.970324332617807,6.666666666666686,13664.5,0.3913510628422908,
T120_P03_H0800_I0600_CN020_F1,T120_P03_H0800_I0600_F1,24.712968952134545,3.1290426908150124,-22.26620324563872,261.66597222222515,21367.5,-0.11371389090615669,
T120_P03_H0800_I0600_CN030_F1,T120_P03_H0800_I0600_F1,30.016979301423035,17.8767787839586,-13.525863635101047,256.10277777776986,28059.0,-0.11283611272703764,
T120_P03_H0800_I0600_CN040_F1,T120_P03_H0800_I0600_F1,33.38049805950841,21.349450194049155,-9.099867460720546,231.6500000000005,34462.0,-0.07361134540410852,
T120_P03_H0800_I0600_CN050_F1,T120_P03_H0800_I0600_F1,35.19162354463131,26.26536222509702,-4.62058719932736,189.31527777777762,41001.5,-0.07968664422890037,
T120_P03_H0800_I0600_CN060_F1,T120_P03_H0800_I0600_F1,36.873382923674,29.4995148771022,-2.0772512131635636,181.3222222222046,46846.0,-0.04607983548552763,
T120_P03_H0800_I0600_CN070_F1,T120_P03_H0800_I0600_F1,37.520213454075034,34.80352522639069,-0.49460455288938476,171.11666666666594,52218.5,-0.050454695767195745,
T120_P03_H0800_I0600_CN080_F1,T120_P03_H0800_I0600_F1,37.908311772315656,36.873382923674,-0.107502619484805,158.52083333335517,57400.0,-0.041751327055691845,
T120_P03_H0800_I0600_CN090_F1,T120_P03_H0800_I0600_F1,38.68450840879689,37.778945666235444,-0.0625693774444045,156.190277777799,62483.0,-0.03197971255999155,
T120_P03_H0800_I0600_CN100_F1,T120_P03_H0800_I0600_F1,38.94324062095731,39.20197283311772,0.0,115.58263888889728,67625.0,0.0012490215038910568,
T120_P03_H0800_I0800_CN000_F1,T120_P03_H0800_I0800_F1,27.037516170763258,-21.875,-48.33892028490067,,3430.5,,
T120_P03_H0800_I0800_CN010_F1,T120_P03_H0800_I0800_F1,8.950517464424323,-31.751293661060807,-29.982326528740245,183.56597222222192,14003.0,-0.20551832426832428,
T120_P03_H0800_I0800_CN020_F1,T120_P03_H0800_I0800_F1,21.86691461836999,1.8838939197930102,-15.002411642061546,190.26736111112163,21784.5,-0.12149355274355267,
T120_P03_H0800_I0800_CN030_F1,T120_P03_H0800_I0800_F1,22.343952134540743,10.292690815006466,-7.45201569928642,191.8715277777796,28844.0,-0.08209950018460643,
T120_P03_H0800_I0800_CN040_F1,T120_P03_H0800_I0800_F1,26.483667529107365,14.282826649417856,-2.6296386984317337,175.8333333333282,35564.5,-0.06010297737350878,
T120_P03_H0800_I0800_CN050_F1,T120_P03_H0800_I0800_F1,26.592820181112558,21.527328589909445,0.31456014100847085,94.53680555555815,41518.5,-0.07056418697391831,
T120_P03_H0800_I0800_CN060_F1,T120_P03_H0800_I0800_F1,19.158311772315656,23.576972833117722,0.7826312174138224,72.27013888888419,46900.5,-0.056781313794109,
T120_P03_H0800_I0800_CN070_F1,T120_P03_H0800_I0800_F1,19.54641009055628,29.826972833117722,1.259263638490694,42.10277777777762,52099.5,-0.031024428448969132,
T120_P03_H0800_I0800_CN080_F1,T120_P03_H0800_I0800_F1,19.80514230271669,26.701972833117722,1.1049426508363638,32.70416666666205,57298.5,0.0027117119116150112,
T120_P03_H0800_I0800_CN090_F1,T120_P03_H0800_I0800_F1,17.06824062095731,20.451972833117722,0.45325045325044755,35.9326388888866,62512.0,0.009077184796345006,
T120_P03_H0800_I0800_CN100_F1,T120_P03_H0800_I0800_F1,17.06824062095731,17.326972833117722,0.2849002849002886,31.932638888890267,67713.5,0.0037828738288057107,
T120_P03_H0800_I0986_CN000_F1,T120_P03_H0800_I0986_F1,8.239003880983182,-21.875,-17.425636578009758,,4608.5,,
T120_P03_H0800_I0986_CN010_F1,T120_P03_H0800_I0986_F1,5.865944372574383,-33.841364812419144,-25.58143298281503,149.0666666666691,12789.5,-0.20630983875031483,
T120_P03_H0800_I0986_CN020_F1,T120_P03_H0800_I0986_F1,6.642141009055621,-18.3780724450194,-26.637686558932316,275.6847222222224,18775.5,-0.11237183883788815,
T120_P03_H0800_I0986_CN030_F1,T120_P03_H0800_I0986_F1,7.0302393272962505,-15.164133247089268,-22.91812829764193,256.2541666666672,23945.0,-0.027387792777200826,
T120_P03_H0800_I0986_CN040_F1,T120_P03_H0800_I0986_F1,7.288971539456668,-13.353007761966367,-19.82623615637617,230.8500000000002,29078.0,-0.012769288717983107,
T120_P03_H0800_I0986_CN050_F1,T120_P03_H0800_I0986_F1,7.418337645536866,-10.506953428201811,-15.787517567178597,227.36805555555657,34911.0,-0.01989833853442191,
T120_P03_H0800_I0986_CN060_F1,T120_P03_H0800_I0986_F1,7.418337645536866,-7.9196313065976796,-12.356334404971122,220.802083333337,40517.5,-0.02438489203623606,
T120_P03_H0800_I0986_CN070_F1,T120_P03_H0800_I0986_F1,7.8064359637774885,-5.979139715394567,-9.850289725013383,217.3673611111365,45979.5,-0.030159906422741134,
T120_P03_H0800_I0986_CN080_F1,T120_P03_H0800_I0986_F1,8.194534282018104,-3.7799159120310577,-7.764786184093481,218.67013888889113,51219.0,-0.028738410100249245,
T120_P03_H0800_I0986_CN090_F1,T120_P03_H0800_I0986_F1,4.940168175937906,0.4891655886157764,-6.604595355516494,219.6701388888889,56315.5,-0.03251624761617977,
T120_P03_H0800_I0986_CN100_F1,T120_P03_H0800_I0986_F1,5.069534282018104,5.922542043984478,-5.227399718925128,211.93402777777834,61643.5,-0.02179524783724618,
T120_P03_H1000_I0600_CN000_F1,T120_P03_H1000_I0600_F1,4.960381630012932,14.100905562742561,-4.7884442500825415,,6153.5,,
T120_P03_H1000_I0600_CN010_F1,T120_P03_H1000_I0600_F1,19.79705692108668,15.653298835705046,-25.91201323583862,,13601.5,,
T120_P03_H1000_I0600_CN020_F1,T120_P03_H1000_I0600_F1,24.45423673997412,7.288971539456668,-20.693524212275392,255.72083333335445,21178.0,-0.09723318544643667,
T120_P03_H1000_I0600_CN030_F1,T120_P03_H1000_I0600_F1,31.957470892626134,21.648609314359632,-12.82360596351458,259.1548611111119,27862.5,-0.1363778354479046,
T120_P03_H1000_I0600_CN040_F1,T120_P03_H1000_I0600_F1,34.15669469598966,19.408958602846056,-9.116847414954137,216.0173611111113,34280.5,-0.07757400365537093,
T120_P03_H1000_I0600_CN050_F1,T120_P03_H1000_I0600_F1,36.48528460543338,25.101067270375168,-4.603185718385987,186.8854166666664,40804.0,-0.04906079005579278,
T120_P03_H1000_I0600_CN060_F1,T120_P03_H1000_I0600_F1,37.39084734799482,28.464586028460545,-2.409306667694196,185.58333333333562,46532.0,-0.048172299304963584,
T120_P03_H1000_I0600_CN070_F1,T120_P03_H1000_I0600_F1,38.16704398447607,31.828104786545936,-0.9307174053836178,166.96805555557245,51954.0,-0.029412197752063607,
T120_P03_H1000_I0600_CN080_F1,T120_P03_H1000_I0600_F1,38.29641009055628,34.15669469598966,-0.3884612002550938,166.28402777777848,57172.5,-0.04060269776947356,
T120_P03_H1000_I0600_CN090_F1,T120_P03_H1000_I0600_F1,39.072606727037524,35.32098965071151,-0.17521339970843997,161.4020833333352,62393.0,-0.032965239829993775,
T120_P03_H1000_I0600_CN100_F1,T120_P03_H1000_I0600_F1,39.20197283311772,39.20197283311772,0.0,114.98472222222868,67598.0,-0.0019663934552039963,
T120_P03_H1000_I0800_CN000_F1,T120_P03_H1000_I0800_F1,31.545116429495472,-24.482535575679172,-39.12038304754008,57.35000000000002,4873.5,-0.048958333333333326,
T120_P03_H1000_I0800_CN010_F1,T120_P03_H1000_I0800_F1,4.232697283311765,-29.42270375161707,-26.780446254544074,185.2701388888899,14287.5,-0.17709343988126902,
T120_P03_H1000_I0800_CN020_F1,T120_P03_H1000_I0800_F1,14.173673997412678,5.5061448900388115,-14.073140856424175,162.2659722222224,21712.0,-0.09938987728621873,
T120_P03_H1000_I0800_CN030_F1,T120_P03_H1000_I0800_F1,23.120148771022002,11.19825355756791,-7.901274934943444,155.2486111111095,28464.0,-0.057767398908175505,
T120_P03_H1000_I0800_CN040_F1,T120_P03_H1000_I0800_F1,21.139230271668822,17.795924967658465,-3.1265950769119684,115.83888888887913,35230.0,-0.056269124981755625,
T120_P03_H1000_I0800_CN050_F1,T120_P03_H1000_I0800_F1,24.761481241914623,23.09993531694697,-0.3889412826042786,111.23472222221193,41101.0,-0.06171462275335515,
T120_P03_H1000_I0800_CN060_F1,T120_P03_H1000_I0800_F1,26.3138745148771,26.184508408796887,0.850792274092953,99.27013888885332,46585.5,-0.053702588386252414,
T120_P03_H1000_I0800_CN070_F1,T120_P03_H1000_I0800_F1,23.576972833117722,20.451972833117722,0.47699214365881915,70.40486111110926,51884.0,-0.023933508311460905,
T120_P03_H1000_I0800_CN080_F1,T120_P03_H1000_I0800_F1,20.451972833117722,20.451972833117722,0.47699214365881915,41.665972222224525,57168.5,0.00032033148634202924,
T120_P03_H1000_I0800_CN090_F1,T120_P03_H1000_I0800_F1,23.576972833117722,17.326972833117722,0.16835016835017313,29.833333333337094,62413.5,0.005972203527978004,
T120_P03_H1000_I0800_CN100_F1,T120_P03_H1000_I0800_F1,20.451972833117722,17.326972833117722,0.16835016835017313,35.26736111113678,67691.5,0.011279219104022187,
T120_P03_H1000_I0986_CN000_F1,T120_P03_H1000_I0986_F1,9.791397153945667,-17.326972833117722,-16.630750271163116,35.26666666666665,5263.5,-0.07370580808080807,
T120_P03_H1000_I0986_CN010_F1,T120_P03_H1000_I0986_F1,6.642141009055621,-25.671086675291072,-25.908075821763774,234.21597222222232,13479.5,-0.1327289410622745,
T120_P03_H1000_I0986_CN020_F1,T120_P03_H1000_I0986_F1,7.288971539456668,-7.838777490297545,-19.15677989545692,273.2840277777868,19524.5,-0.10733014525285067,
T120_P03_H1000_I0986_CN030_F1,T120_P03_H1000_I0986_F1,9.358829236739972,-3.848641655886155,-14.630819735539887,262.7048611111113,25574.0,-0.04162542087542098,
T120_P03_H1000_I0986_CN040_F1,T120_P03_H1000_I0986_F1,10.264391979301422,-6.864489003880976,-14.148670241444549,235.14861111111153,31384.0,-0.020464851975721565,
T120_P03_H1000_I0986_CN050_F1,T120_P03_H1000_I0986_F1,11.558053040103488,-4.535899094437255,-9.920019023498071,208.78819444444514,37470.0,-0.020384182989579447,
T120_P03_H1000_I0986_CN060_F1,T120_P03_H1000_I0986_F1,9.338615782664945,-1.4311125485122886,-6.288350365067572,199.23194444443442,43731.5,-0.031234271611095044,
T120_P03_H1000_I0986_CN070_F1,T120_P03_H1000_I0986_F1,13.627910737386799,1.156209573091843,-3.941314409646239,194.2840277777724,49366.0,-0.025923382173382192,
T120_P03_H1000_I0986_CN080_F1,T120_P03_H1000_I0986_F1,13.627910737386799,3.7435316946959887,-2.4292062383052553,184.8847222222343,54789.0,-0.03348911784984854,
T120_P03_H1000_I0986_CN090_F1,T120_P03_H1000_I0986_F1,14.921571798188864,9.306274256144889,-1.2326121692758676,190.8506944444448,60317.5,-0.030462199837199777,
T120_P03_H1000_I0986_CN100_F1,T120_P03_H1000_I0986_F1,15.69776843467011,16.55077619663649,-0.6423980420412221,193.36875000000484,65619.0,-0.02152066469196101,
T120_P05_H0500_I0600_CN000_F1,T120_P05_H0500_I0600_F1,5.00889391979301,17.59379042690815,17.006849448177043,,5427.0,,
T120_P05_H0500_I0600_CN010_F1,T120_P05_H0500_I0600_F1,-6.585543337645532,13.931112548512289,1.0249101237094038,282.9618055555329,12281.5,0.03767806267806273,
T120_P05_H0500_I0600_CN020_F1,T120_P05_H0500_I0600_F1,-5.679980595084089,-20.46814359637775,-1.6078726533363863,252.88194444444468,18248.0,-0.0710632528614985,
T120_P05_H0500_I0600_CN030_F1,T120_P05_H0500_I0600_F1,-15.05498059508409,-7.442593790426912,0.5945285205242214,174.32152777777628,25295.0,-0.009699281385745606,
T120_P05_H0500_I0600_CN040_F1,T120_P05_H0500_I0600_F1,-18.3093467011643,-7.4628072445019455,0.4515085710261246,161.45347222222273,32181.0,-0.010399013456234618,
T120_P05_H0500_I0600_CN050_F1,T120_P05_H0500_I0600_F1,-18.826811125485122,-8.776681759379045,1.001139302948502,121.11666666666643,38579.5,0.004315154290285839,
T120_P05_H0500_I0600_CN060_F1,T120_P05_H0500_I0600_F1,-18.568078913324698,-8.388583441138422,1.171875,117.68124999999951,44272.0,-0.007103918198522963,
T120_P05_H0500_I0600_CN070_F1,T120_P05_H0500_I0600_F1,-17.254204398447598,-8.776681759379045,1.391764302948502,112.69930555559812,50235.5,-0.0023913941652323745,
T120_P05_H0500_I0600_CN080_F1,T120_P05_H0500_I0600_F1,-18.568078913324698,-11.513583441138422,0.0,104.62083333333383,55970.0,0.013845401505306443,
T120_P05_H0500_I0600_CN090_F1,T120_P05_H0500_I0600_F1,-18.826811125485122,-8.388583441138422,0.390625,124.36041666666812,61918.0,-0.0014298053476980987,
T120_P05_H0500_I0600_CN100_F1,T120_P05_H0500_I0600_F1,-19.732373868046565,-8.388583441138422,0.390625,152.31875000001247,67644.5,0.0004669585403171972,
T120_P05_H0500_I0800_CN000_F1,T120_P05_H0500_I0800_F1,23.415265200517467,0.0,-10.808128915494926,,2514.5,,
T120_P05_H0500_I0800_CN010_F1,T120_P05_H0500_I0800_F1,-14.646668822768433,-22.647153945666233,-16.932799328118264,217.54930555555632,12790.5,-0.059372150211002506,
T120_P05_H0500_I0800_CN020_F1,T120_P05_H0500_I0800_F1,-7.790265200517467,-12.487871927554977,-15.219287877065767,196.75208333333245,19110.0,-0.057659980716043835,
T120_P05_H0500_I0800_CN030_F1,T120_P05_H0500_I0800_F1,-18.75808538163001,-15.503719275549813,-12.479762511325234,181.31805555555414,24493.5,0.0011010298723771461,
T120_P05_H0500_I0800_CN040_F1,T120_P05_H0500_I0800_F1,-13.19534282018111,-10.846539456662356,-7.627699000620595,147.98333333333335,31821.0,-0.022552685477133738,
T120_P05_H0500_I0800_CN050_F1,T120_P05_H0500_I0800_F1,-10.608020698576965,-9.164780077619668,-5.718690869512955,140.7194444444478,37958.0,-0.02194483652460133,
T120_P05_H0500_I0800_CN060_F1,T120_P05_H0500_I0800_F1,-6.468305304010343,-6.706824062095734,-3.041072440768531,145.5493055555556,44068.5,-0.026752647033111643,
T120_P05_H0500_I0800_CN070_F1,T120_P05_H0500_I0800_F1,-5.174644243208277,-6.985769728331178,-1.5785662624754195,141.41736111113022,50751.0,-0.01042972573146872,
T120_P05_H0500_I0800_CN080_F1,T120_P05_H0500_I0800_F1,-2.846054333764556,-4.398447606727046,-0.5250481789557995,138.85138888889946,56307.5,-0.01508595981807248,
T120_P05_H0500_I0800_CN090_F1,T120_P05_H0500_I0800_F1,-2.846054333764556,-1.2936610608020658,-0.1447894811223449,145.8513888888864,62354.0,-0.016475421399446688,
T120_P05_H0500_I0800_CN100_F1,T120_P05_H0500_I0800_F1,-2.199223803363509,0.0,0.0,132.1888888888921,67620.0,-0.0020100595623113726,
T120_P05_H0500_I0986_CN000_F1,T120_P05_H0500_I0986_F1,3.4928848641655885,0.0,-10.280509941029177,,2815.5,,
T120_P05_H0500_I0986_CN010_F1,T120_P05_H0500_I0986_F1,-19.39278783958602,-38.02150711513583,-19.640809335758824,203.4513888888895,13118.5,-0.15916547192353647,
T120_P05_H0500_I0986_CN020_F1,T120_P05_H0500_I0986_F1,-3.521183699870633,-16.97525873221217,-7.894113887340623,258.0840277777777,22156.5,-0.12813160693927728,
T120_P05_H0500_I0986_CN030_F1,T120_P05_H0500_I0986_F1,18.770213454075034,7.256630012936611,11.062252660174224,250.21736111111116,30405.5,-0.09892396184062846,
T120_P05_H0500_I0986_CN040_F1,T120_P05_H0500_I0986_F1,15.10753557567918,9.932891332470888,8.838345702828022,206.69930555554276,36930.5,-0.06085390946502078,
T120_P05_H0500_I0986_CN050_F1,T120_P05_H0500_I0986_F1,15.625,21.745633893919788,15.120502132145091,177.73611111111106,42227.0,-0.05085461043945505,
T120_P05_H0500_I0986_CN060_F1,T120_P05_H0500_I0986_F1,15.625,15.495633893919788,9.194576206219168,170.17152777777764,47170.0,-0.010338950901582988,
T120_P05_H0500_I0986_CN070_F1,T120_P05_H0500_I0986_F1,21.875,21.745633893919788,15.120502132145091,144.60555555557528,52954.0,-0.0022388457109960846,
T120_P05_H0500_I0986_CN080_F1,T120_P05_H0500_I0986_F1,15.625,15.495633893919788,8.824205835848801,131.90625000000483,57807.0,0.006254131218149439,
T120_P05_H0500_I0986_CN090_F1,T120_P05_H0500_I0986_F1,15.625,15.495633893919788,6.988524747256946,111.03819444443842,63373.5,0.007006390505838733,
T120_P05_H0500_I0986_CN100_F1,T120_P05_H0500_I0986_F1,9.375,15.495633893919788,6.988524747256946,108.5673611111,68265.0,0.01009378753633694,
T120_P05_H0800_I0600_CN000_F1,T120_P05_H0800_I0600_F1,10.094598965071157,7.681112548512289,2.495975988864501,38.75,5161.5,0.013043091168091325,
T120_P05_H0800_I0600_CN010_F1,T120_P05_H0800_I0600_F1,-6.456177231565334,4.923997412677878,-0.48765241094271516,227.34861111111093,12122.0,0.03925318761384333,
T120_P05_H0800_I0600_CN020_F1,T120_P05_H0800_I0600_F1,-3.3311772315653343,-21.3737063389392,-0.2824073742453237,243.15138888888976,18131.0,-0.07419639009303625,
T120_P05_H0800_I0600_CN030_F1,T120_P05_H0800_I0600_F1,-11.671248382923665,-6.019566623544634,1.2316930991450334,197.80069444444499,25442.5,-0.025001513429489863,
T120_P05_H0800_I0600_CN040_F1,T120_P05_H0800_I0600_F1,-16.75695342820181,-5.522315653298833,0.06595400460608403,172.2347222222374,32107.0,-0.026501620144093407,
T120_P05_H0800_I0600_CN050_F1,T120_P05_H0800_I0600_F1,-18.050614489003877,-8.129851228977998,0.9801751279024131,109.64791666666666,38327.0,-0.00745908962663433,
T120_P05_H0800_I0600_CN060_F1,T120_P05_H0800_I0600_F1,-16.75695342820181,-8.129851228977998,0.1989319602955959,125.58541666666146,44105.5,0.002051026503791298,
T120_P05_H0800_I0600_CN070_F1,T120_P05_H0800_I0600_F1,-19.085543337645532,-8.0004851228978,0.5310135991954184,100.74236111114766,50073.5,0.00046585417177524846,
T120_P05_H0800_I0600_CN080_F1,T120_P05_H0800_I0600_F1,-16.4982212160414,-7.483020698576965,0.8075888757706906,107.35694444445492,55934.5,-0.003430499146735544,
T120_P05_H0800_I0600_CN090_F1,T120_P05_H0800_I0600_F1,-15.851390685640368,-7.224288486416569,0.4464285714285694,99.00625000001007,61894.0,1.917967867748338e-06,
T120_P05_H0800_I0600_CN100_F1,T120_P05_H0800_I0600_F1,-16.36885510996119,-7.224288486416569,0.4464285714285694,106.5381944444472,67697.0,-0.004351524288800257,
T120_P05_H0800_I0800_CN000_F1,T120_P05_H0800_I0800_F1,25.873221216041397,0.0,-14.341157320956416,,3010.5,,
T120_P05_H0800_I0800_CN010_F1,T120_P05_H0800_I0800_F1,-8.566461836998712,-21.980109961190166,-7.612283025974264,244.39930555557012,13533.0,-0.10171492575524843,
T120_P05_H0800_I0800_CN020_F1,T120_P05_H0800_I0800_F1,-8.994987063389388,-9.233505821474779,-9.550810115639422,191.80069444445837,20574.5,-0.017790568017840847,
T120_P05_H0800_I0800_CN030_F1,T120_P05_H0800_I0800_F1,-1.3826002587322108,-11.105271668822766,-3.937451149730478,166.98194444444454,27698.0,-0.006554486053220954,
T120_P05_H0800_I0800_CN040_F1,T120_P05_H0800_I0800_F1,-1.6615459249676547,-2.9552069857697347,0.4752304786726995,160.36805555552905,34418.5,-0.012508907089796573,
T120_P05_H0800_I0800_CN050_F1,T120_P05_H0800_I0800_F1,-3.1047865459249664,2.478169469598967,1.129613593496913,153.8361111110745,39808.5,-0.031313567957238164,
T120_P05_H0800_I0800_CN060_F1,T120_P05_H0800_I0800_F1,-1.9404915912031129,3.125,0.78125,127.85138888888773,45295.0,-0.01373651277200505,
T120_P05_H0800_I0800_CN070_F1,T120_P05_H0800_I0800_F1,-1.6817593790426884,3.125,0.390625,111.5854166666634,51011.0,-0.005986659989706378,
T120_P05_H0800_I0800_CN080_F1,T120_P05_H0800_I0800_F1,-1.552393272962476,0.0,0.0,134.45347222222262,56536.5,0.0070571344509127165,
T120_P05_H0800_I0800_CN090_F1,T120_P05_H0800_I0800_F1,-0.2587322121604245,0.0,0.0,88.54930555552977,62120.5,0.014544385001916571,
T120_P05_H0800_I0800_CN100_F1,T120_P05_H0800_I0800_F1,0.0,0.0,0.0,67.4472222222202,67620.0,0.009112749149537636,
T120_P05_H0800_I0986_CN000_F1,T120_P05_H0800_I0986_F1,-41.760996119016816,0.129366106080207,-6.4188922388969445,,3643.0,,
T120_P05_H0800_I0986_CN010_F1,T120_P05_H0800_I0986_F1,-19.344275549805957,-39.505174644243205,-22.002432549019034,237.91666666666652,14309.5,-0.10955500648896876,
T120_P05_H0800_I0986_CN020_F1,T120_P05_H0800_I0986_F1,-5.542529107373866,-13.781532988357043,-10.448621545445363,257.7819444444443,23207.5,-0.07042240196774041,
T120_P05_H0800_I0986_CN030_F1,T120_P05_H0800_I0986_F1,1.4432406209573116,-11.36400388098319,-5.022164825269996,204.18333333332748,29834.5,-0.039713483064832245,
T120_P05_H0800_I0986_CN040_F1,T120_P05_H0800_I0986_F1,2.7369016817593774,-3.084573091849947,-0.8877146261320519,180.95486111111072,36192.5,-0.03788732336340772,
T120_P05_H0800_I0986_CN050_F1,T120_P05_H0800_I0986_F1,3.125,3.125,0.0,168.48263888888997,41244.5,-0.03579868887374227,
T120_P05_H0800_I0986_CN060_F1,T120_P05_H0800_I0986_F1,2.9956338939197877,3.125,0.0,138.9548611110891,46485.0,-0.016203858262970106,
T120_P05_H0800_I0986_CN070_F1,T120_P05_H0800_I0986_F1,3.125,3.125,0.0,121.22152777776864,51967.0,-0.00160625717734586,
T120_P05_H0800_I0986_CN080_F1,T120_P05_H0800_I0986_F1,3.125,3.125,0.0,123.35069444443474,57186.0,0.0038750133307368095,
T120_P05_H0800_I0986_CN090_F1,T120_P05_H0800_I0986_F1,3.125,3.125,0.0,96.06597222222376,62633.5,0.008941118329028774,
T120_P05_H0800_I0986_CN100_F1,T120_P05_H0800_I0986_F1,3.125,3.125,0.0,68.61458333333249,67682.0,0.006251168854452982,
T120_P05_H1000_I0600_CN000_F1,T120_P05_H1000_I0600_F1,12.3140362225097,12.746604139715394,0.15782696642146732,278.33333333333337,5077.5,0.005981968810916172,
T120_P05_H1000_I0600_CN010_F1,T120_P05_H1000_I0600_F1,-7.620472186287202,7.879204398447609,-1.4974291405394808,190.38194444444116,11871.5,0.042901138716356035,
T120_P05_H1000_I0600_CN020_F1,T120_P05_H1000_I0600_F1,-7.49110608020699,-25.55384864165589,1.041276541667031,246.7173611111112,17856.0,-0.08271548867713274,
T120_P05_H1000_I0600_CN030_F1,T120_P05_H1000_I0600_F1,-16.607373868046565,-5.760834411384224,1.5469964228397544,154.18402777777794,25001.5,-0.017601961849359804,
T120_P05_H1000_I0600_CN040_F1,T120_P05_H1000_I0600_F1,-18.4387128072445,-3.4322445019405023,2.320902780516718,149.58541666667674,31656.0,-0.01923423282588832,
T120_P05_H1000_I0600_CN050_F1,T120_P05_H1000_I0600_F1,-22.081177231565334,-11.513583441138422,-0.3517054604011207,138.58472222223656,38105.0,0.014405830355209037,
T120_P05_H1000_I0600_CN060_F1,T120_P05_H1000_I0600_F1,-18.17998059508409,-8.25921733505821,1.9309424472467924,123.00625000000318,43920.5,-0.0012507303630449051,
T120_P05_H1000_I0600_CN070_F1,T120_P05_H1000_I0600_F1,-21.951811125485122,-8.25921733505821,0.560653115000946,101.65902777777653,49977.5,0.0018612484629673132,
T120_P05_H1000_I0600_CN080_F1,T120_P05_H1000_I0600_F1,-20.399417852522646,-7.7417529107373895,0.8566252587991698,98.01666666666553,55860.5,-0.0015955629771818858,
T120_P05_H1000_I0600_CN090_F1,T120_P05_H1000_I0600_F1,-20.399417852522646,-7.871119016817602,0.30150103519667937,103.45416666666635,61890.0,0.001743296067072353,
T120_P05_H1000_I0600_CN100_F1,T120_P05_H1000_I0600_F1,-20.528783958602844,-7.612386804657177,0.4464285714285694,98.48888888888001,67700.5,-0.002918095163887413,
T120_P05_H1000_I0800_CN000_F1,T120_P05_H1000_I0800_F1,34.411384217335055,0.0,-1.041657742469539,,4074.5,,
T120_P05_H1000_I0800_CN010_F1,T120_P05_H1000_I0800_F1,-5.182729624838288,-22.238842173350584,-4.8522707479559415,257.6673611111282,13659.0,-0.08672590877914932,
T120_P05_H1000_I0800_CN020_F1,T120_P05_H1000_I0800_F1,-3.561610608020686,-12.358505821474779,-4.007242084134063,212.01944444448577,20972.0,-0.016192409993350365,
T120_P05_H1000_I0800_CN030_F1,T120_P05_H1000_I0800_F1,-5.9508408796895225,2.2800776196636434,0.7051953813758303,164.18680555555693,27891.5,-0.03125957755820863,
T120_P05_H1000_I0800_CN040_F1,T120_P05_H1000_I0800_F1,2.6277490297541988,2.110284605433378,2.1824162792791526,162.3326388889128,34208.0,-0.03456315289648637,
T120_P05_H1000_I0800_CN050_F1,T120_P05_H1000_I0800_F1,-2.716688227684344,2.0900711513583445,2.1334241976221335,153.57916666666426,39579.5,-0.016575460132280728,
T120_P05_H1000_I0800_CN060_F1,T120_P05_H1000_I0800_F1,-2.199223803363509,2.9956338939197877,1.772777675106255,130.32152777777142,45117.5,-0.010679216112318035,
T120_P05_H1000_I0800_CN070_F1,T120_P05_H1000_I0800_F1,-1.423027166882278,2.9956338939197877,1.3263491036776998,100.45347222221608,50976.0,0.004110295528689245,
T120_P05_H1000_I0800_CN080_F1,T120_P05_H1000_I0800_F1,-0.6468305304010329,3.125,1.3392857142857224,102.7874999999978,56440.0,0.003852080599566321,
T120_P05_H1000_I0800_CN090_F1,T120_P05_H1000_I0800_F1,-0.3880983182406226,3.125,1.7857142857142776,89.6173611111124,62161.5,0.00563602297368937,
T120_P05_H1000_I0800_CN100_F1,T120_P05_H1000_I0800_F1,-0.2587322121604245,3.125,1.3392857142857224,68.21874999999235,67640.0,0.006532737198242433,
T120_P05_H1000_I0986_CN000_F1,T120_P05_H1000_I0986_F1,-49.84233505821475,0.646830530401035,-9.737853316786378,,4204.0,,
T120_P05_H1000_I0986_CN010_F1,T120_P05_H1000_I0986_F1,-19.88195342820181,-35.10672703751617,-25.931713254735172,254.21597222224221,14068.0,-0.09820093572408395,
T120_P05_H1000_I0986_CN020_F1,T120_P05_H1000_I0986_F1,-1.511966364812423,-13.393434670116434,-11.405902980442292,223.4854166666664,22860.0,-0.037199246552045095,
T120_P05_H1000_I0986_CN030_F1,T120_P05_H1000_I0986_F1,4.826972833117722,-10.050129366106077,-5.650910066986,193.63472222222265,29425.5,-0.02302648024118925,
T120_P05_H1000_I0986_CN040_F1,T120_P05_H1000_I0986_F1,5.861901681759377,-1.2532341526519986,-1.6025500509901889,190.4826388888925,35696.0,-0.039260878010878075,
T120_P05_H1000_I0986_CN050_F1,T120_P05_H1000_I0986_F1,5.9912677878395755,5.603169469598967,-0.06346148454615275,163.91666666666558,40946.0,-0.039680025077160286,
T120_P05_H1000_I0986_CN060_F1,T120_P05_H1000_I0986_F1,6.25,6.25,0.0,123.48541666666497,46236.5,-0.025668171945123164,
T120_P05_H1000_I0986_CN070_F1,T120_P05_H1000_I0986_F1,6.25,6.25,0.0,127.82291666665702,51895.5,-0.010459688882500595,
T120_P05_H1000_I0986_CN080_F1,T120_P05_H1000_I0986_F1,6.25,6.25,0.0,116.3534722222413,57055.5,0.0025887794866880087,
T120_P05_H1000_I0986_CN090_F1,T120_P05_H1000_I0986_F1,6.25,6.25,0.0,86.95486111111964,62660.0,0.010526587929024278,
T120_P05_H1000_I0986_CN100_F1,T120_P05_H1000_I0986_F1,6.25,6.25,0.0,58.87847222222126,67680.0,0.0006078010956189761,
T120_P10_H0500_I0600_CN000_F1,T120_P10_H0500_I0600_F1,19.158311772315656,0.0,8.130702955201286,,6404.0,,
T120_P10_H0500_I0600_CN010_F1,T120_P10_H0500_I0600_F1,19.158311772315656,3.2341526520051747,-10.442386044486994,,13626.5,,
T120_P10_H0500_I0600_CN020_F1,T120_P10_H0500_I0600_F1,6.787677878395854,-47.893758085381634,-10.563797400371925,229.39930555554133,20022.0,-0.09308346467034401,
T120_P10_H0500_I0600_CN030_F1,T120_P10_H0500_I0600_F1,7.046410090556279,-26.269404915912034,-4.459213535115168,267.0826388888846,26010.0,-0.07650569800569795,
T120_P10_H0500_I0600_CN040_F1,T120_P10_H0500_I0600_F1,0.7964100905562788,-4.297380336351878,-1.4306578964048953,237.2006944444525,32888.5,-0.060438397920447695,
T120_P10_H0500_I0600_CN050_F1,T120_P10_H0500_I0600_F1,1.8313389391979342,-9.403298835705044,-0.5117789231830159,191.78194444444983,39697.5,-0.03513420245398757,
T120_P10_H0500_I0600_CN060_F1,T120_P10_H0500_I0600_F1,-1.1642949547218677,-8.647315653298833,0.03582150563575226,186.50000000000836,45615.0,0.007211225154773349,
T120_P10_H0500_I0600_CN070_F1,T120_P10_H0500_I0600_F1,-0.6468305304010329,-2.3083764553686876,0.301271784630913,178.21736111111227,51234.5,-0.010587042185382867,
T120_P10_H0500_I0600_CN080_F1,T120_P10_H0500_I0600_F1,-0.6468305304010329,0.6670439844760665,0.1355713537408434,176.65277777777362,56670.0,-0.019868823859368723,
T120_P10_H0500_I0600_CN090_F1,T120_P10_H0500_I0600_F1,-0.6468305304010329,2.7369016817593774,0.625,154.18055555554724,62267.0,-0.0034054834054833005,
T120_P10_H0500_I0600_CN100_F1,T120_P10_H0500_I0600_F1,-0.6468305304010329,-0.3880983182406226,0.0,154.3125000000065,67652.5,0.015245911495911368,
T120_P10_H0500_I0800_CN000_F1,T120_P10_H0500_I0800_F1,26.13195342820181,0.0,-14.473618936508814,,2714.0,,
T120_P10_H0500_I0800_CN010_F1,T120_P10_H0500_I0800_F1,-1.8192108667529112,-18.099126778783955,-4.263279153160951,241.74930555556108,14547.5,-0.16226580459770124,
T120_P10_H0500_I0800_CN020_F1,T120_P10_H0500_I0800_F1,-8.776681759379045,-4.814844760672699,-6.9802391422101095,234.91944444444476,21760.0,-0.036405533808424484,
T120_P10_H0500_I0800_CN030_F1,T120_P10_H0500_I0800_F1,-0.36788486416558897,-5.801261319534277,-0.1863740698179015,179.08402777777948,29275.5,0.0010614800559356485,
T120_P10_H0500_I0800_CN040_F1,T120_P10_H0500_I0800_F1,0.0,2.7369016817593774,1.543991126381158,157.68055555555426,35613.5,-0.005531583112228455,
T120_P10_H0500_I0800_CN050_F1,T120_P10_H0500_I0800_F1,0.0,0.0,0.0,121.95486111110895,40816.0,0.008345498838100762,
T120_P10_H0500_I0800_CN060_F1,T120_P10_H0500_I0800_F1,0.0,3.125,0.78125,121.31250000000666,46305.0,-0.0015903568928025136,
T120_P10_H0500_I0800_CN070_F1,T120_P10_H0500_I0800_F1,0.0,0.0,0.0,106.04861111108833,51748.5,0.012810819288726072,
T120_P10_H0500_I0800_CN080_F1,T120_P10_H0500_I0800_F1,0.0,0.0,0.0,82.18055555555885,56904.5,0.010180843035791365,
T120_P10_H0500_I0800_CN090_F1,T120_P10_H0500_I0800_F1,0.0,0.0,0.0,93.48263888890422,62274.5,0.0072725761822626245,
T120_P10_H0500_I0800_CN100_F1,T120_P10_H0500_I0800_F1,0.0,0.0,0.0,72.48263888888869,67620.0,0.014469108601648406,
T120_P10_H0500_I0986_CN000_F1,T120_P10_H0500_I0986_F1,16.30012936610608,0.0,-14.982418187868191,,2691.0,,
T120_P10_H0500_I0986_CN010_F1,T120_P10_H0500_I0986_F1,1.1764230271668907,-25.99045924967659,-5.710173531650767,231.91666666667004,15293.0,-0.15497748368716113,
T120_P10_H0500_I0986_CN020_F1,T120_P10_H0500_I0986_F1,-1.7504851228977998,1.3057891332470888,-2.299553564060602,260.88124999998905,22559.0,-0.0761376523102909,
T120_P10_H0500_I0986_CN030_F1,T120_P10_H0500_I0986_F1,0.2789456662354439,-10.349288486416569,-3.293860494803681,210.2319444444422,29664.5,-0.015704957979263412,
T120_P10_H0500_I0986_CN040_F1,T120_P10_H0500_I0986_F1,3.125,-4.398447606727046,-0.38027199532267275,188.21874999999994,35585.0,-0.018198508682904735,
T120_P10_H0500_I0986_CN050_F1,T120_P10_H0500_I0986_F1,0.0,0.0,0.0,143.2187499999959,41040.0,0.00919599863446896,
T120_P10_H0500_I0986_CN060_F1,T120_P10_H0500_I0986_F1,0.0,0.0,0.0,133.61458333333204,46388.0,-0.0003642913612189602,
T120_P10_H0500_I0986_CN070_F1,T120_P10_H0500_I0986_F1,0.0,0.0,0.0,104.88124999998351,52003.0,0.00582179294834928,
T120_P10_H0500_I0986_CN080_F1,T120_P10_H0500_I0986_F1,0.0,0.0,0.0,99.61458333334245,56891.0,0.003433348755450094,
T120_P10_H0500_I0986_CN090_F1,T120_P10_H0500_I0986_F1,0.0,0.0,0.0,87.05138888888905,61941.0,0.005686905574721068,
T120_P10_H0500_I0986_CN100_F1,T120_P10_H0500_I0986_F1,0.0,0.0,0.0,79.35069444446508,67620.0,0.007473550321019595,
T120_P10_H0800_I0600_CN000_F1,T120_P10_H0800_I0600_F1,21.228169469598967,0.0,3.1549117991770856,,6595.5,,
T120_P10_H0800_I0600_CN010_F1,T120_P10_H0800_I0600_F1,18.103169469598967,-3.66267787839586,-11.714754783737277,241.1986111111101,13596.0,-0.053749999999999964,
T120_P10_H0800_I0600_CN020_F1,T120_P10_H0800_I0600_F1,8.728169469598967,-55.17868693402328,-9.579810910909941,122.83333333333175,20260.5,-0.06433489712969964,
T120_P10_H0800_I0600_CN030_F1,T120_P10_H0800_I0600_F1,18.103169469598967,-23.40313712807245,-1.724668456181007,261.23333333334205,26417.5,-0.0982831625952193,
T120_P10_H0800_I0600_CN040_F1,T120_P10_H0800_I0600_F1,8.728169469598967,-5.053363518758076,-0.9789129098144258,243.70555555559656,33496.0,-0.07256507601371776,
T120_P10_H0800_I0600_CN050_F1,T120_P10_H0800_I0600_F1,2.478169469598967,-7.701326002587322,-0.4095048447976666,187.46458333333356,39590.5,-0.033002218556175134,
T120_P10_H0800_I0600_CN060_F1,T120_P10_H0800_I0600_F1,2.478169469598967,-7.721539456662356,0.6315849787783492,190.5694444444603,45547.5,0.005902835793186623,
T120_P10_H0800_I0600_CN070_F1,T120_P10_H0800_I0600_F1,2.478169469598967,0.966203104786544,0.6168732718975889,181.01319444442342,51077.0,-0.032402243832572064,
T120_P10_H0800_I0600_CN080_F1,T120_P10_H0800_I0600_F1,2.478169469598967,-1.1238680465718005,0.5787085707385273,183.7493055555618,56549.5,-0.011867930546934247,
T120_P10_H0800_I0600_CN090_F1,T120_P10_H0800_I0600_F1,2.478169469598967,2.8662677878395755,0.7164831606217632,167.9166666666669,62225.5,0.010922253369222257,
T120_P10_H0800_I0600_CN100_F1,T120_P10_H0800_I0600_F1,2.478169469598967,2.9956338939197877,0.78125,135.87847222219736,67661.0,0.012984165010740178,
T120_P10_H0800_I0800_CN000_F1,T120_P10_H0800_I0800_F1,30.91849935316947,0.0,-17.997131060173267,,3250.0,,
T120_P10_H0800_I0800_CN010_F1,T120_P10_H0800_I0800_F1,-2.2275226390685674,-20.815815006468306,-4.421296758442338,247.33263888888905,14724.0,-0.16621097734303159,
T120_P10_H0800_I0800_CN020_F1,T120_P10_H0800_I0800_F1,-6.059993531694701,-12.8759702457956,-3.705222090301021,218.58541666666255,22352.0,-0.017063010138487877,
T120_P10_H0800_I0800_CN030_F1,T120_P10_H0800_I0800_F1,9.375,1.11578266494179,0.59082462170025,181.93402777778556,29004.0,-0.008650745375197944,
T120_P10_H0800_I0800_CN040_F1,T120_P10_H0800_I0800_F1,0.0,1.4432406209573116,1.4754657082868903,177.8500000000002,35307.5,-0.03515848031817903,
T120_P10_H0800_I0800_CN050_F1,T120_P10_H0800_I0800_F1,0.0,2.9956338939197877,0.7683133893919774,136.5791666666657,40467.5,-0.011997457301861414,
T120_P10_H0800_I0800_CN060_F1,T120_P10_H0800_I0800_F1,0.0,3.125,0.78125,122.11388888888241,46041.0,-0.0010174829714328926,
T120_P10_H0800_I0800_CN070_F1,T120_P10_H0800_I0800_F1,0.0,0.0,0.0,103.06597222222247,51437.5,0.013014451122370763,
T120_P10_H0800_I0800_CN080_F1,T120_P10_H0800_I0800_F1,0.0,0.0,0.0,90.48541666667563,56609.5,0.00839560200158107,
T120_P10_H0800_I0800_CN090_F1,T120_P10_H0800_I0800_F1,0.0,0.0,0.0,72.78750000001261,62262.0,0.009330305807100814,
T120_P10_H0800_I0800_CN100_F1,T120_P10_H0800_I0800_F1,0.0,0.0,0.0,65.36805555555324,67620.0,0.006678263200134205,
T120_P10_H0800_I0986_CN000_F1,T120_P10_H0800_I0986_F1,-12.225097024579561,0.0,-10.782611372035916,,3779.0,,
T120_P10_H0800_I0986_CN010_F1,T120_P10_H0800_I0986_F1,-7.422380336351878,-20.6864489003881,-6.292937948907976,231.38611111111106,15645.0,-0.13496742575909249,
T120_P10_H0800_I0986_CN020_F1,T120_P10_H0800_I0986_F1,-0.6266170763259993,-13.672380336351878,-7.1942041379652295,210.71736111111107,23352.0,-0.028325505095833536,
T120_P10_H0800_I0986_CN030_F1,T120_P10_H0800_I0986_F1,3.125,-1.103654592496767,-0.174051744976623,201.74930555555497,29273.5,0.004820254652699418,
T120_P10_H0800_I0986_CN040_F1,T120_P10_H0800_I0986_F1,0.0,-7.503234152651999,-0.6028049467175407,178.05138888888905,35216.0,-0.026307890604765682,
T120_P10_H0800_I0986_CN050_F1,T120_P10_H0800_I0986_F1,0.0,0.0,0.0,137.74930555555645,40685.5,-0.0018465738943987953,
T120_P10_H0800_I0986_CN060_F1,T120_P10_H0800_I0986_F1,0.0,0.0,0.0,115.95486111110591,46032.0,-0.0009740264601599824,
T120_P10_H0800_I0986_CN070_F1,T120_P10_H0800_I0986_F1,0.0,0.0,0.0,95.4888888888936,51466.0,-0.00034413405562749855,
T120_P10_H0800_I0986_CN080_F1,T120_P10_H0800_I0986_F1,0.0,0.0,0.0,78.52083333334352,56559.0,4.209264649512878e-05,
T120_P10_H0800_I0986_CN090_F1,T120_P10_H0800_I0986_F1,0.0,0.0,0.0,92.7847222222207,62024.0,0.0020210833812465134,
T120_P10_H0800_I0986_CN100_F1,T120_P10_H0800_I0986_F1,0.0,0.0,0.0,72.37152777777746,67620.0,0.004277166882276751,
T120_P10_H1000_I0600_CN000_F1,T120_P10_H1000_I0600_F1,21.098803363518755,0.0,2.2873640860002737,,6546.5,,
T120_P10_H1000_I0600_CN010_F1,T120_P10_H1000_I0600_F1,21.098803363518755,0.3678848641655885,-10.881755081908665,233.31597222222672,13442.0,-0.34341563786008245,
T120_P10_H1000_I0600_CN020_F1,T120_P10_H1000_I0600_F1,14.848803363518755,-35.652490297542045,-7.037199157086633,75.4993055555475,20021.5,-0.10254478663446065,
T120_P10_H1000_I0600_CN030_F1,T120_P10_H1000_I0600_F1,8.598803363518755,-26.14003880983182,-5.017981869493127,248.55069444444473,26127.5,-0.10570335593809776,
T120_P10_H1000_I0600_CN040_F1,T120_P10_H1000_I0600_F1,11.723803363518755,-10.895051746442434,-0.7545840292241763,245.65000000000072,33040.5,-0.08027646761915808,
T120_P10_H1000_I0600_CN050_F1,T120_P10_H1000_I0600_F1,8.598803363518755,-3.391817593790421,-0.10704460526702064,188.5180555555545,39324.5,-0.017640170788466802,
T120_P10_H1000_I0600_CN060_F1,T120_P10_H1000_I0600_F1,2.348803363518755,-7.183861578266487,-0.2806690749656866,194.92013888888926,45172.5,-0.019688957200986068,
T120_P10_H1000_I0600_CN070_F1,T120_P10_H1000_I0600_F1,2.348803363518755,0.4689521345407428,1.0261591399126786,185.01736111110404,50932.5,-0.0249932889822595,
T120_P10_H1000_I0600_CN080_F1,T120_P10_H1000_I0600_F1,-0.7761966364812452,-1.9000646830530314,0.29563703719830414,172.95208333333844,56465.0,-0.018586984872196233,
T120_P10_H1000_I0600_CN090_F1,T120_P10_H1000_I0600_F1,-0.7761966364812452,4.050776196636491,0.35495901728566537,192.61458333333186,62115.5,-0.02258046737213415,
T120_P10_H1000_I0600_CN100_F1,T120_P10_H1000_I0600_F1,-0.7761966364812452,6.120633893919788,0.5729166666666572,120.32222222222767,67691.5,0.001313567453463893,
T120_P10_H1000_I0800_CN000_F1,T120_P10_H1000_I0800_F1,29.026520051746438,0.0,-11.122360335758088,,4052.5,,
T120_P10_H1000_I0800_CN010_F1,T120_P10_H1000_I0800_F1,-0.5255498059508454,-24.049967658473484,-9.777053068748344,225.88194444442794,14337.0,-0.09731995392521686,
T120_P10_H1000_I0800_CN020_F1,T120_P10_H1000_I0800_F1,-3.343305304010343,-5.2029430789133215,-1.6633095187871874,218.84861111109439,22096.0,-0.03437474784152372,
T120_P10_H1000_I0800_CN030_F1,T120_P10_H1000_I0800_F1,3.125,-0.9742884864165688,1.2987605847813484,198.0166666666675,28853.5,-0.01916512783371027,
T120_P10_H1000_I0800_CN040_F1,T120_P10_H1000_I0800_F1,0.0,0.7964100905562788,1.8609970599074472,189.21874999999994,34864.5,-0.03167366896911872,
T120_P10_H1000_I0800_CN050_F1,T120_P10_H1000_I0800_F1,0.0,6.25,2.529761904761898,134.9166666666676,40281.0,-0.008926201427818636,
T120_P10_H1000_I0800_CN060_F1,T120_P10_H1000_I0800_F1,0.0,3.125,1.0416666666666572,130.74652777774656,45889.5,0.0008911307710498528,
T120_P10_H1000_I0800_CN070_F1,T120_P10_H1000_I0800_F1,3.125,3.125,1.0416666666666572,105.7874999999961,51290.5,0.006289093834476067,
T120_P10_H1000_I0800_CN080_F1,T120_P10_H1000_I0800_F1,0.0,3.125,1.0416666666666572,96.91944444443848,56528.5,0.004362918295334861,
T120_P10_H1000_I0800_CN090_F1,T120_P10_H1000_I0800_F1,0.0,3.125,1.0416666666666572,78.95486111110554,62181.5,0.004510271236056962,
T120_P10_H1000_I0800_CN100_F1,T120_P10_H1000_I0800_F1,0.0,3.125,1.0416666666666572,67.04861111111992,67632.0,0.0011727184347474218,
T120_P10_H1000_I0986_CN000_F1,T120_P10_H1000_I0986_F1,-28.169469598965065,0.0,-10.118358506429132,,4520.5,,
T120_P10_H1000_I0986_CN010_F1,T120_P10_H1000_I0986_F1,6.4602199223803325,-19.651520051746438,-5.113267344778222,221.565277777766,15298.5,-0.1163763110455589,
T120_P10_H1000_I0986_CN020_F1,T120_P10_H1000_I0986_F1,6.658311772315656,0.5295924967658578,-0.22401232925139425,198.93402777777627,23231.5,-0.04641240253411327,
T120_P10_H1000_I0986_CN030_F1,T120_P10_H1000_I0986_F1,3.125,-9.423512289780078,-1.4312086540546716,199.3805555555594,28845.5,-0.02481179702798819,
T120_P10_H1000_I0986_CN040_F1,T120_P10_H1000_I0986_F1,0.0,-7.503234152651999,-0.4860196047280283,178.35069444442598,34709.0,0.006651005244755148,
T120_P10_H1000_I0986_CN050_F1,T120_P10_H1000_I0986_F1,0.0,0.0,0.0,148.21875000000477,40395.0,-0.003047515092712505,
T120_P10_H1000_I0986_CN060_F1,T120_P10_H1000_I0986_F1,0.0,0.0,0.0,129.4854166666669,45830.5,-0.002725297661827497,
T120_P10_H1000_I0986_CN070_F1,T120_P10_H1000_I0986_F1,0.0,0.0,0.0,90.57638888887917,51373.5,0.0045567676141535784,
T120_P10_H1000_I0986_CN080_F1,T120_P10_H1000_I0986_F1,0.0,0.0,0.0,91.89930555559116,56448.5,0.004948852474725873,
T120_P10_H1000_I0986_CN090_F1,T120_P10_H1000_I0986_F1,0.0,0.0,0.0,85.4826388888887,62173.0,0.005430363153418605,
T120_P10_H1000_I0986_CN100_F1,T120_P10_H1000_I0986_F1,0.0,0.0,0.0,59.93749999999833,67620.0,0.0024397077583727667,
