region,scenario_id,n_satellites,n_central_nodes,cn_fraction_percent_median,n_architecture_rows,observation_success_percent_mean,observation_success_percent_median,s100_surviving_before_deadline_percent_mean,s100_surviving_before_deadline_percent_median,mean_surviving_coverage_deadline_percent_mean,mean_surviving_coverage_deadline_percent_median,p100_t100_surviving_min_mean,p100_t100_surviving_min_median,total_transferred_data_mbits_mean,total_transferred_data_mbits_median
California,nominal_original,60,0,0.0,27,30.09259259259259,6.25,1.9675925925925926,0.0,18.953459646733428,19.06346120984279,75.875,48.74166666666667,56.351851851851855,58.5
California,nominal_original,60,6,10.0,27,63.31018518518518,65.625,3.3564814814814814,0.0,29.342234001321867,28.720564554604564,71.18226495727079,55.55138888888905,177.37037037037038,182.5
California,nominal_original,60,12,20.0,27,65.74074074074075,65.625,3.240740740740741,0.0,30.220736910444202,29.609420621648884,62.876014957270414,55.55138888888905,210.5185185185185,214.5
California,nominal_original,60,18,30.0,27,67.36111111111111,75.0,3.240740740740741,0.0,31.083049431500235,32.007850339132304,66.39311342593479,48.74166666666667,218.37037037037038,227.0
California,nominal_original,60,24,40.0,27,69.21296296296296,75.0,1.1574074074074074,0.0,29.259324867711463,28.940995545375344,39.46087962964344,25.236111111127656,218.33333333333334,226.0
California,nominal_original,60,30,50.0,27,70.7175925925926,78.125,1.6203703703703705,0.0,29.281855768589853,29.30589556483435,37.8931547619114,24.736111111127464,219.09259259259258,227.0
California,nominal_original,60,36,60.0,27,68.51851851851852,71.875,0.9259259259259259,0.0,25.89390940274548,26.21685827108621,34.52974537037854,25.736111111119286,215.2037037037037,220.0
California,nominal_original,60,42,70.0,27,66.20370370370371,71.875,0.3472222222222222,0.0,21.759267308711937,22.433093024125633,16.168750000011965,16.73472222224761,206.85185185185185,208.0
California,nominal_original,60,48,80.0,27,63.888888888888886,71.875,0.11574074074074074,0.0,17.908901658449835,16.76470477979766,65.7347222222253,65.7347222222253,195.88888888888889,197.5
California,nominal_original,60,54,90.0,27,56.71296296296296,62.5,0.23148148148148148,0.0,12.081121097150028,11.986109305762438,41.88576388889342,41.88576388889342,177.64814814814815,177.0
California,nominal_original,60,60,100.0,27,39.699074074074076,43.75,0.0,0.0,4.337687800150327,4.88733486279645,,,155.14814814814815,157.5
California,nominal_original,120,0,0.0,27,29.51388888888889,9.375,0.3472222222222222,0.0,10.748487185687937,9.868494148821492,83.36666666666667,83.36666666666667,59.425925925925924,61.5
California,nominal_original,120,12,10.0,27,65.85648148148148,68.75,1.1574074074074074,0.0,17.829694439574087,17.768341279297047,91.756944444448,109.26805555555644,217.96296296296296,228.0
California,nominal_original,120,24,20.0,27,67.82407407407408,68.75,0.8101851851851852,0.0,18.973530290713278,19.93643070241683,96.52314814814874,92.8013888888905,230.40740740740742,240.0
California,nominal_original,120,36,30.0,27,70.60185185185185,78.125,0.8101851851851852,0.0,17.915617216459715,17.441610361327154,45.49427083333842,44.45173611111119,230.3148148148148,238.5
California,nominal_original,120,48,40.0,27,70.25462962962963,78.125,0.23148148148148148,0.0,16.659071434126776,17.929294019526633,45.95173611111774,45.95173611111774,228.8148148148148,237.5
California,nominal_original,120,60,50.0,27,71.875,78.125,0.11574074074074074,0.0,16.00097025115918,17.044814041608547,65.73472222222868,65.73472222222868,227.11111111111111,236.0
California,nominal_original,120,72,60.0,27,72.91666666666667,81.25,0.0,0.0,15.061417633361499,16.098978629377807,,,226.55555555555554,240.0
California,nominal_original,120,84,70.0,27,71.18055555555556,78.125,0.0,0.0,13.200251007965578,13.685342482529695,,,219.0185185185185,224.0
California,nominal_original,120,96,80.0,27,67.24537037037037,71.875,0.11574074074074074,0.0,11.682120569774234,11.821533868314848,65.73472222222868,65.73472222222868,214.33333333333334,220.5
California,nominal_original,120,108,90.0,27,62.15277777777778,62.5,0.0,0.0,8.595338709735792,8.450185269949024,,,198.0185185185185,200.0
California,nominal_original,120,120,100.0,27,35.300925925925924,37.5,0.0,0.0,1.8109291865523784,1.9357296934672008,,,155.59259259259258,157.5
California,unlimited_useful_deadline,60,0,0.0,27,30.671296296296298,6.25,5.671296296296297,0.0,45.22456504105277,43.86890870782125,208.7074074074074,285.85,150.03703703703704,142.0
California,unlimited_useful_deadline,60,6,10.0,27,68.51851851851852,75.0,31.01851851851852,31.25,76.65694846066509,75.8447254499886,251.03232060185596,284.2006944444711,359.94444444444446,367.5
California,unlimited_useful_deadline,60,12,20.0,27,71.06481481481481,78.125,63.773148148148145,71.875,86.00424631845306,85.8974358974359,147.182986111113,134.82604166666977,535.6296296296297,548.0
California,unlimited_useful_deadline,60,18,30.0,27,75.11574074074075,78.125,77.19907407407408,78.125,92.48954391586241,93.94345238095238,131.41401748971347,108.80277777778174,694.7777777777778,700.5
California,unlimited_useful_deadline,60,24,40.0,27,77.08333333333333,81.25,79.62962962962963,81.25,94.55213468884075,96.66666666666667,116.0527520576156,104.73472222223063,848.1111111111111,867.5
California,unlimited_useful_deadline,60,30,50.0,27,80.20833333333333,87.5,82.87037037037037,84.375,96.3340879558797,97.99107142857143,100.33829732510527,89.20069444444695,1012.2407407407408,1039.5
California,unlimited_useful_deadline,60,36,60.0,27,81.36574074074075,90.625,83.91203703703704,84.375,96.19981876392964,98.4375,95.42057613168961,80.6027777777781,1154.962962962963,1188.5
California,unlimited_useful_deadline,60,42,70.0,27,80.67129629629629,90.625,85.06944444444444,90.625,97.10487602913014,98.71794871794873,90.45573559671296,76.71736111111653,1319.0,1350.0
California,unlimited_useful_deadline,60,48,80.0,27,82.06018518518519,90.625,86.80555555555556,93.75,97.62476383926999,99.21875,86.66409465020877,74.80277777777786,1461.9074074074074,1476.0
California,unlimited_useful_deadline,60,54,90.0,27,83.79629629629629,90.625,88.07870370370371,93.75,97.98887934767563,100.0,83.6853137860121,71.93472222222287,1618.6666666666667,1643.5
California,unlimited_useful_deadline,60,60,100.0,27,84.25925925925925,93.75,88.6574074074074,96.875,98.14491334283001,100.0,79.13876028807006,64.73472222222239,1770.2407407407406,1803.0
California,unlimited_useful_deadline,120,0,0.0,27,31.48148148148148,12.5,5.092592592592593,0.0,45.39642555539386,43.855602421552796,247.9428571428572,288.85,299.1296296296296,280.5
California,unlimited_useful_deadline,120,12,10.0,27,73.8425925925926,78.125,54.050925925925924,68.75,86.40995981731967,85.93836820133727,148.6119722222262,127.6027777777781,822.2407407407408,824.0
California,unlimited_useful_deadline,120,24,20.0,27,79.39814814814815,84.375,78.93518518518519,84.375,94.4930366719472,95.7711038961039,118.15625000000249,97.55138888888857,1153.4259259259259,1168.0
California,unlimited_useful_deadline,120,36,30.0,27,81.25,87.5,82.06018518518519,87.5,96.2836360700657,98.046875,97.12839506172998,82.06874999999988,1469.7962962962963,1516.5
California,unlimited_useful_deadline,120,48,40.0,27,83.56481481481481,90.625,85.06944444444444,90.625,97.44445573619551,98.56567658500026,92.86856995885088,83.20069444444441,1767.9444444444443,1799.5
California,unlimited_useful_deadline,120,60,50.0,27,84.83796296296296,93.75,86.22685185185185,93.75,97.81768622519868,99.21875,86.9325360082334,75.36736111111144,2082.962962962963,2143.5
California,unlimited_useful_deadline,120,72,60.0,27,85.76388888888889,93.75,87.26851851851852,96.875,98.16222273810162,99.21875,82.78824588478074,71.71736111111653,2394.0555555555557,2437.0
California,unlimited_useful_deadline,120,84,70.0,27,85.30092592592592,93.75,87.03703703703704,96.875,98.09761412029009,99.609375,80.16082818930562,66.93472222222299,2681.462962962963,2744.5
California,unlimited_useful_deadline,120,96,80.0,27,86.11111111111111,93.75,88.07870370370371,96.875,98.50067350833363,100.0,78.10429526749414,65.73472222223451,2997.6111111111113,3072.0
California,unlimited_useful_deadline,120,108,90.0,27,86.22685185185185,93.75,88.42592592592592,96.875,98.61379545635761,100.0,75.48953189300788,63.73472222222238,3301.5555555555557,3373.5
California,unlimited_useful_deadline,120,120,100.0,27,86.57407407407408,93.75,88.88888888888889,96.875,98.67220881399123,100.0,71.39295267490186,55.33888888891476,3605.722222222222,3698.5
India,nominal_original,60,0,0.0,27,40.46763451679363,33.3764553686934,1.6578026927315415,0.0,14.854773286730735,10.134480373886493,132.0388888888889,111.05,890.3148148148148,794.5
India,nominal_original,60,6,10.0,27,62.28259307172631,60.025873221216045,1.8063341478606683,0.0,25.794053117281866,23.6029892650204,114.00833333333351,160.38472222222234,3349.796296296296,3405.0
India,nominal_original,60,12,20.0,27,70.94533084183797,70.63389391979301,1.9788222893009437,0.0,28.27334201989134,26.19358609270569,85.08142361111372,51.852083333334306,4152.7962962962965,4200.0
India,nominal_original,60,18,30.0,27,77.34655742417708,81.5006468305304,1.336783096162139,0.0,28.19186021182818,25.727924547593265,74.3127777777851,48.13541666666752,4367.7037037037035,4408.5
India,nominal_original,60,24,40.0,27,79.80930477696326,81.24191461836999,0.996598150543817,0.0,28.029823168275946,26.09843340436422,66.3411616161681,50.35208333333503,4401.5,4450.5
India,nominal_original,60,30,50.0,27,80.81069426476931,82.79430789133248,0.3306022710938623,0.0,26.23950843098528,24.236227078917096,82.08045634921218,59.95416666668413,4303.425925925926,4328.0
India,nominal_original,60,36,60.0,27,79.55057256480285,80.07761966364812,0.5030904125341383,0.0,24.756794410519245,23.05932879707345,108.46527777778587,106.07083333335565,4191.981481481482,4195.0
India,nominal_original,60,42,70.0,27,76.98720712950984,75.54980595084088,0.18207081596473576,0.0,22.022393290875314,20.69284092285496,50.52611111111923,50.35208333333503,4053.9814814814813,4056.5
India,nominal_original,60,48,80.0,27,73.7722198265536,72.1862871927555,0.06707872167121844,0.0,18.542778397005723,16.769620211308748,42.449652777784195,42.88750000000476,3838.1296296296296,3818.0
India,nominal_original,60,54,90.0,27,65.6796511906473,66.10608020698578,0.12457476881797709,0.0,14.054435173133422,13.130756599645,68.95659722222535,72.50104166667103,3499.759259259259,3513.0
India,nominal_original,60,60,100.0,27,49.12078961238081,46.57179818887451,0.009582674524459777,0.0,6.1372746832937235,4.937302820720129,5.25277777777798,5.25277777777798,2969.4444444444443,2975.0
India,nominal_original,120,0,0.0,27,42.120645872262955,36.99870633893919,0.8816060562502995,0.0,8.77180499001744,6.0212305071161625,127.27222222222223,104.88333333333334,969.7407407407408,796.5
India,nominal_original,120,12,10.0,27,75.37252647213838,75.67917205692109,1.0157634995927363,0.0,16.6690048901049,14.833579176301294,135.63564814814893,130.91805555555572,4404.592592592592,4581.5
India,nominal_original,120,24,20.0,27,84.27962244262372,90.6856403622251,0.9343107661348282,0.0,16.81476417460414,15.166378317948402,112.56472222222624,113.33472222222821,4633.648148148148,4710.5
India,nominal_original,120,36,30.0,27,86.6177950265919,90.16817593790427,0.44559436538737957,0.0,16.671929933344938,15.501791427969108,86.94027777778054,76.36770833333952,4649.537037037037,4710.5
India,nominal_original,120,48,40.0,27,86.54113363039623,91.20310478654594,0.43122035360069,0.0,16.274064607058012,14.74830999538289,68.32321428571859,58.08541666666668,4638.425925925926,4703.5
India,nominal_original,120,60,50.0,27,86.33510612812036,91.59120310478654,0.1629054669158162,0.0,15.77823857485146,14.506972015909628,91.58333333333333,89.68333333333334,4617.148148148148,4690.5
India,nominal_original,120,72,60.0,27,84.73959081979781,88.35705045278137,0.11020075703128744,0.0,15.064323937445655,13.674940374776522,92.09444444444443,91.55,4565.037037037037,4637.0
India,nominal_original,120,84,70.0,27,83.3309376647022,87.1927554980595,0.11499209429351734,0.0,14.204178813253089,13.48158757470167,79.57268518518642,85.85,4485.148148148148,4553.0
India,nominal_original,120,96,80.0,27,80.49925734272435,83.3117723156533,0.0814527334579081,0.0,12.321449749549695,10.866882802087531,75.3782407407408,85.68333333333334,4222.185185185185,4234.5
India,nominal_original,120,108,90.0,27,72.64625556992956,71.66882276843467,0.023956686311149444,0.0,9.229252992534285,8.456631740807332,91.11666666666666,91.11666666666666,3846.296296296296,3890.5
India,nominal_original,120,120,100.0,27,46.351396674811944,45.79560155239327,0.0,0.0,3.080510132977771,2.2433750330557847,,,2969.8888888888887,2975.0
India,unlimited_useful_deadline,60,0,0.0,27,39.8687173590149,32.60025873221216,3.8809831824062098,0.0,34.741894410381,33.00009782546359,244.12575757575758,198.18333333333334,2347.703703703704,2211.0
India,unlimited_useful_deadline,60,6,10.0,27,63.93560442719563,63.26002587322122,9.95639883091371,8.15006468305304,57.40953141005372,55.429029228507765,334.06756687242915,351.91875000000533,5858.962962962963,5944.5
India,unlimited_useful_deadline,60,12,20.0,27,72.97685784102343,72.96248382923673,42.369795409898906,43.33764553686934,71.39181303776057,72.7059577242212,347.30154320988066,358.53333333333336,9326.333333333334,9327.5
India,unlimited_useful_deadline,60,18,30.0,27,77.83527382492454,78.39586028460543,60.629581716257015,60.41397153945667,80.18426658163641,82.63927537525838,352.8286779835455,357.95069444446574,12699.555555555555,12840.0
India,unlimited_useful_deadline,60,24,40.0,27,81.09338316324086,81.88874514877102,68.89463849360357,68.69340232858991,84.79462579255885,86.33385695804841,335.88585390947117,354.519444444445,15813.018518518518,16162.0
India,unlimited_useful_deadline,60,30,50.0,27,83.4555124335202,86.15782664941786,77.13094724737675,77.87839586028461,88.70597678411706,90.32848350442141,321.70082304527034,325.6541666666846,18899.11111111111,19155.0
India,unlimited_useful_deadline,60,36,60.0,27,85.91825978630635,90.55627425614489,81.51502084231709,82.40620957309184,91.91801092073503,94.55367321509054,309.61237139918086,319.0854166666833,22150.98148148148,22516.0
India,unlimited_useful_deadline,60,42,70.0,27,87.38920032581093,91.59120310478654,85.59244885247473,84.99353169469599,94.14208860624849,96.83607730851826,293.3144547325162,295.25277777777836,25314.222222222223,25661.5
India,unlimited_useful_deadline,60,48,80.0,27,88.17018829955441,93.91979301423027,88.00728283263858,90.03880983182407,95.41444328002159,98.57498873246907,286.2312757201698,287.08541666667475,28478.09259259259,28883.5
India,unlimited_useful_deadline,60,54,90.0,27,88.43850318623929,94.4372574385511,90.63293565234055,93.27296248382923,96.43305357064804,99.31374108539462,262.5274434156399,267.3847222222354,31597.38888888889,32437.5
India,unlimited_useful_deadline,60,60,100.0,27,89.02304633223132,95.47218628719276,94.02520243399934,98.1888745148771,97.33960820972904,99.96251874062969,242.12047325103555,237.2173611111114,34519.37037037037,35581.5
India,unlimited_useful_deadline,120,0,0.0,27,41.29174452589718,34.411384217335055,3.8857745196684395,0.0,34.79007200436008,33.34715903661924,235.49,188.69166666666666,4696.018518518518,4452.0
India,unlimited_useful_deadline,120,12,10.0,27,75.14733362081357,75.80853816300129,37.21431651573954,39.32729624838293,71.38297279174337,72.95178714698,350.9936213991813,356.96666666666664,14456.537037037036,14507.5
India,unlimited_useful_deadline,120,24,20.0,27,82.71285515787457,83.82923673997412,66.5420918978487,67.39974126778783,84.3014905121643,85.71755627769598,334.903729423873,356.9180555555557,21931.444444444445,22467.5
India,unlimited_useful_deadline,120,36,30.0,27,87.62397585166019,92.36739974126779,78.5683484260457,83.18240620957309,91.0211329210066,94.349089933014,304.1333333333349,294.35208333333355,28787.333333333332,29428.5
India,unlimited_useful_deadline,120,48,40.0,27,89.31531790522735,95.21345407503235,85.99492118250204,86.54592496765846,94.52364676540245,98.39744994900981,280.3602623456832,258.7861111111289,35410.09259259259,36104.0
India,unlimited_useful_deadline,120,60,50.0,27,90.19213262421542,96.89521345407503,90.30233338124671,88.745148771022,96.5660000677325,99.64088941361669,244.34920267489983,235.65138888888893,41529.12962962963,42055.0
India,unlimited_useful_deadline,120,72,60.0,27,90.98270327248335,98.05950840879689,92.11825020363183,91.20310478654594,97.63489641618573,99.9353169469599,229.7328703703734,221.48402777777787,47451.22222222222,48327.5
India,unlimited_useful_deadline,120,84,70.0,27,91.14081740213695,98.57697283311772,93.58439940587417,94.82535575679172,98.21646072910946,99.8292643029485,212.4127314814885,202.65416666666715,53311.944444444445,54070.5
India,unlimited_useful_deadline,120,96,80.0,27,91.56724641847538,98.57697283311772,94.58099755641798,97.54204398447607,98.62447274409888,99.96376811594203,204.82124485597757,190.2555555555574,58940.87037037037,59698.5
India,unlimited_useful_deadline,120,108,90.0,27,91.8451439796847,99.22380336351875,96.00402472330026,98.70633893919793,98.8158731543993,100.0,195.84135802469615,184.72777777777955,64710.40740740741,65633.5
India,unlimited_useful_deadline,120,120,100.0,27,91.8595179914714,99.22380336351875,96.89521345407503,99.87063389391979,98.96458995910054,100.0,178.1905864197593,174.68958333334007,70335.53703703704,71370.0
