region,task_size_multiplier,failure_level_percent,metric,quantity,cases,base_architectures,mean,bootstrap_low,bootstrap_high,p05
California,2.0,10.0,observation_success_percent,stressed,594,54,72.67518939393939,68.95829387626263,76.54833491161617,47.14062500000001
California,2.0,10.0,observation_success_percent,delta,594,54,-3.6505681818181817,-4.4893992003367,-2.8159196127946133,-12.921875
California,2.0,10.0,observation_success_percent,retention,594,54,0.9535003535340407,0.9414137540116696,0.9634475193540202,0.8356
California,2.0,10.0,s100_surviving_before_deadline_percent,stressed,594,54,68.42224326599326,65.46358112373738,71.51991266835016,0.0
California,2.0,10.0,s100_surviving_before_deadline_percent,delta,594,54,-4.478640572390573,-5.045217803030304,-3.944615425084175,-13.75
California,2.0,10.0,s100_surviving_before_deadline_percent,retention,594,54,0.9377192003887076,0.926927579008991,0.9471934400301617,0.8197857142857143
California,2.0,20.0,observation_success_percent,stressed,594,54,71.34837962962963,67.62243529040404,75.13624526515152,43.015625
California,2.0,20.0,observation_success_percent,delta,594,54,-4.977377946127946,-5.969065656565657,-4.002235900673401,-15.625
California,2.0,20.0,observation_success_percent,retention,594,54,0.9368518052272699,0.9239016558795707,0.9493793679165725,0.8109500000000001
California,2.0,20.0,s100_surviving_before_deadline_percent,stressed,594,54,66.63510101010101,63.46062184343434,69.70183606902357,0.0
California,2.0,20.0,s100_surviving_before_deadline_percent,delta,594,54,-6.265782828282828,-6.937144886363637,-5.638060290404041,-20.3125
California,2.0,20.0,s100_surviving_before_deadline_percent,retention,594,54,0.917044341634403,0.9043936221164544,0.9317551839771447,0.6566846153846154
California,4.0,10.0,observation_success_percent,stressed,594,54,66.68876262626263,63.18759206649832,70.15176504629629,42.078125000000014
California,4.0,10.0,observation_success_percent,delta,594,54,-9.63699494949495,-11.07294297138047,-8.197219591750843,-23.140624999999996
California,4.0,10.0,observation_success_percent,retention,594,54,0.8819423283794428,0.8639180227955675,0.8979142561020466,0.7116444444444444
California,4.0,10.0,s100_surviving_before_deadline_percent,stressed,594,54,56.58617424242424,53.90556607744108,59.16715330387205,0.0
California,4.0,10.0,s100_surviving_before_deadline_percent,delta,594,54,-16.314709595959595,-17.657328493265993,-14.806883943602694,-44.171875
California,4.0,10.0,s100_surviving_before_deadline_percent,retention,594,54,0.7675055239059368,0.7455818518164593,0.7859286520029195,0.35
California,4.0,20.0,observation_success_percent,stressed,594,54,65.65393518518519,61.988912563131315,68.92875368265993,40.312500000000014
California,4.0,20.0,observation_success_percent,delta,594,54,-10.671822390572391,-12.29732218013468,-9.184251367845118,-25.109375
California,4.0,20.0,observation_success_percent,retention,594,54,0.868850179379792,0.8485557257761582,0.8882108213337842,0.6929166666666666
California,4.0,20.0,s100_surviving_before_deadline_percent,stressed,594,54,55.03840488215488,52.29078545875421,57.74938183922559,0.0
California,4.0,20.0,s100_surviving_before_deadline_percent,delta,594,54,-17.862478956228955,-19.235861216329965,-16.475799663299664,-47.609375
California,4.0,20.0,s100_surviving_before_deadline_percent,retention,594,54,0.750042252276139,0.7316524528534024,0.7690674064777494,0.286687306501548
India,2.0,10.0,observation_success_percent,stressed,594,54,68.4550550785997,64.86811299715568,71.97199953393354,26.16364812419146
India,2.0,10.0,observation_success_percent,delta,594,54,-12.535096545445837,-14.40682972458522,-10.669735844865212,-28.259379042690806
India,2.0,10.0,observation_success_percent,retention,594,54,0.8442362130531994,0.8204985635485215,0.8676776477149941,0.6193680223285487
India,2.0,10.0,s100_surviving_before_deadline_percent,stressed,594,54,51.68297899216398,48.765449340319975,54.736369189959106,0.02134540750323418
India,2.0,10.0,s100_surviving_before_deadline_percent,delta,594,54,-18.240925860589506,-19.255444156964213,-17.287214534303796,-32.825355756791716
India,2.0,10.0,s100_surviving_before_deadline_percent,retention,594,54,0.7104613825105329,0.6900180775499336,0.7307007365048298,0.4284424379232506
India,2.0,20.0,observation_success_percent,stressed,594,54,66.32371581271968,62.773285354624306,69.9342813647471,24.661060802069855
India,2.0,20.0,observation_success_percent,delta,594,54,-14.666435811325849,-16.894685862506048,-12.743984693855332,-32.040750323415274
India,2.0,20.0,observation_success_percent,retention,594,54,0.8182239622354731,0.7912021556062763,0.8449893617903957,0.5733019720006021
India,2.0,20.0,s100_surviving_before_deadline_percent,stressed,594,54,48.63281369102844,45.622329918416604,51.64095079732207,0.0388098318240621
India,2.0,20.0,s100_surviving_before_deadline_percent,delta,594,54,-21.291091161725056,-22.249541556139228,-20.28153843305849,-38.30465717981889
India,2.0,20.0,s100_surviving_before_deadline_percent,retention,594,54,0.669998901082214,0.6483932562228616,0.6892362606461196,0.3591170825335893
India,4.0,10.0,observation_success_percent,stressed,594,54,51.02669646007291,46.35551831379773,55.04054723605176,16.432082794307888
India,4.0,10.0,observation_success_percent,delta,594,54,-29.963455163972633,-33.13411769702197,-26.61818650062505,-55.98059508408798
India,4.0,10.0,observation_success_percent,retention,594,54,0.6337491546911087,0.5955810318870169,0.6719029443302987,0.3258879551820728
India,4.0,10.0,s100_surviving_before_deadline_percent,stressed,594,54,30.430087855702343,27.59835199776984,32.9753295133308,0.0
India,4.0,10.0,s100_surviving_before_deadline_percent,delta,594,54,-39.49381699705115,-40.71948843763203,-38.25907196152991,-59.017464424320835
India,4.0,10.0,s100_surviving_before_deadline_percent,retention,594,54,0.4071394166876901,0.38088327993572996,0.4372492156426111,0.14068181818181816
India,4.0,20.0,observation_success_percent,stressed,594,54,48.70045866164883,44.53103806499667,53.34678011246576,15.816946959896509
India,4.0,20.0,observation_success_percent,delta,594,54,-32.28969296239672,-35.87470979741355,-28.499739198801294,-59.55692108667529
India,4.0,20.0,observation_success_percent,retention,594,54,0.6053481782908833,0.5641434578132846,0.6476945334449103,0.3001634793777651
India,4.0,20.0,s100_surviving_before_deadline_percent,stressed,594,54,27.913394401104622,25.485636333146036,30.608484042669048,0.03428201811125488
India,4.0,20.0,s100_surviving_before_deadline_percent,delta,594,54,-42.01051045164887,-43.236549954046716,-40.75691313741119,-62.06597671410091
India,4.0,20.0,s100_surviving_before_deadline_percent,retention,594,54,0.37740047854813225,0.3487035324126636,0.40289395877201606,0.12079646017699114
