region,reference_scenario,alternative_scenario,metric,paired_cases,mean_delta_alternative_minus_reference,median_delta,bootstrap_low,bootstrap_high
California,policy_central,policy_peer,observation_success_percent,594,5.529250841750842,0.0,4.461279461279461,6.560395622895623
California,policy_central,policy_peer,s100_surviving_before_deadline_percent,594,11.679292929292929,0.0,10.62171191077441,12.721748737373735
California,policy_central,policy_peer,mean_surviving_coverage_deadline_percent,594,6.354492601129153,0.0,5.810446255726335,6.87954737936234
California,policy_central,policy_peer,p100_t100_surviving_min,594,-16.542572739253508,-0.024652777779493817,-20.577907348191076,-12.919330944189257
California,policy_central,policy_peer,total_transferred_data_mbits,594,1061.0597643097642,919.5,955.2626262626262,1169.2487373737374
India,policy_central,policy_peer,observation_success_percent,594,4.696163881157414,0.2587322121604245,3.7425516484378063,5.643296919170139
India,policy_central,policy_peer,s100_surviving_before_deadline_percent,594,13.581045469790618,2.3285899094437283,12.56218937978317,14.85104385815899
India,policy_central,policy_peer,mean_surviving_coverage_deadline_percent,594,7.384804728088652,1.0044120536205057,6.68950412075959,8.005043976981687
India,policy_central,policy_peer,p100_t100_surviving_min,594,1.3252599524657214,0.0,-4.49838873942549,7.60090741471655
India,policy_central,policy_peer,total_transferred_data_mbits,594,19347.39814814815,16288.5,17329.881313131315,21447.448716329964
California,policy_central,policy_hybrid,observation_success_percent,594,5.529250841750842,0.0,4.492713594276094,6.602877735690235
California,policy_central,policy_hybrid,s100_surviving_before_deadline_percent,594,11.679292929292929,0.0,10.642361111111112,12.70004734848485
California,policy_central,policy_hybrid,mean_surviving_coverage_deadline_percent,594,6.354492601129153,0.0,5.8069887744023,6.9571248558004575
California,policy_central,policy_hybrid,p100_t100_surviving_min,594,-16.542572739253508,-0.024652777779493817,-20.523871613145523,-12.978403686150818
California,policy_central,policy_hybrid,total_transferred_data_mbits,594,1061.0597643097642,919.5,953.3843434343435,1169.7886574074075
India,policy_central,policy_hybrid,observation_success_percent,594,4.704875403452376,0.2587322121604245,3.737602414833981,5.691155844778096
India,policy_central,policy_hybrid,s100_surviving_before_deadline_percent,594,13.571245007208784,2.3285899094437283,12.402768521785337,14.779516815415908
India,policy_central,policy_hybrid,mean_surviving_coverage_deadline_percent,594,7.383603302374941,1.0148028986968143,6.728542275493353,8.052862838976166
India,policy_central,policy_hybrid,p100_t100_surviving_min,594,1.4068268469002836,0.0,-4.298665131815778,7.7298312758362115
India,policy_central,policy_hybrid,total_transferred_data_mbits,594,19346.578282828283,16290.25,17239.237415824915,21329.41654040404
California,task_size_x1p0,task_size_x0p5,observation_success_percent,594,1.9938973063973064,0.0,1.3887573653198653,2.6888678451178447
California,task_size_x1p0,task_size_x0p5,s100_surviving_before_deadline_percent,594,1.4151936026936027,0.0,1.1784511784511784,1.651936026936027
California,task_size_x1p0,task_size_x0p5,mean_surviving_coverage_deadline_percent,594,0.6576922351566511,0.0,0.5464438538330905,0.7786195056859088
California,task_size_x1p0,task_size_x0p5,p100_t100_surviving_min,594,-5.381606092863695,-1.8680555555542497,-6.6957124460956265,-4.180645564660325
California,task_size_x1p0,task_size_x0p5,total_transferred_data_mbits,594,-750.9941077441077,-672.875,-827.2985374579125,-676.6671927609428
India,task_size_x1p0,task_size_x0p5,observation_success_percent,594,4.5291204411514885,1.5523932729624832,3.5071826501321963,5.606289283520848
India,task_size_x1p0,task_size_x0p5,s100_surviving_before_deadline_percent,594,8.419468510024783,7.438551099611892,7.4981869144223605,9.472490101532793
India,task_size_x1p0,task_size_x0p5,mean_surviving_coverage_deadline_percent,594,5.547587694541343,3.28127968045559,4.774634697502509,6.440981600796826
India,task_size_x1p0,task_size_x0p5,p100_t100_surviving_min,594,-63.49497610913034,-64.55451388888926,-67.83063856508689,-59.06032169560486
India,task_size_x1p0,task_size_x0p5,total_transferred_data_mbits,594,-14049.238636363636,-12000.375,-15534.57974537037,-12589.727535774411
California,task_size_x1p0,task_size_x2p0,observation_success_percent,594,-2.577861952861953,0.0,-3.30926452020202,-1.8727640993265995
California,task_size_x1p0,task_size_x2p0,s100_surviving_before_deadline_percent,594,-3.1776094276094278,-3.125,-3.6879208754208754,-2.672164351851852
California,task_size_x1p0,task_size_x2p0,mean_surviving_coverage_deadline_percent,594,-1.904271589410441,-1.3392857142857082,-2.1983361110277726,-1.611350319779357
California,task_size_x1p0,task_size_x2p0,p100_t100_surviving_min,594,11.235674857551233,8.849999999990846,9.533068311080896,13.144200737190182
California,task_size_x1p0,task_size_x2p0,total_transferred_data_mbits,594,1431.2752525252524,1265.0,1283.898042929293,1579.3877314814815
India,task_size_x1p0,task_size_x2p0,observation_success_percent,594,-10.748276207525885,-11.254851228978005,-12.28295786672242,-9.282132449984973
India,task_size_x1p0,task_size_x2p0,s100_surviving_before_deadline_percent,594,-15.362551779110639,-16.42949547218629,-16.319643176046796,-14.484179875512346
India,task_size_x1p0,task_size_x2p0,mean_surviving_coverage_deadline_percent,594,-12.338783864103105,-13.620216131182062,-13.343629194513651,-11.41853925187019
India,task_size_x1p0,task_size_x2p0,p100_t100_surviving_min,594,52.20440270324081,54.434027777776805,45.55285674283221,59.14398708300389
India,task_size_x1p0,task_size_x2p0,total_transferred_data_mbits,594,20262.199494949495,15273.75,17421.025904882154,23230.748400673398
California,task_size_x1p0,task_size_x4p0,observation_success_percent,594,-8.701599326599327,-6.25,-10.15361952861953,-7.412405303030304
California,task_size_x1p0,task_size_x4p0,s100_surviving_before_deadline_percent,594,-14.941077441077441,-12.5,-16.34574915824916,-13.50418244949495
California,task_size_x1p0,task_size_x4p0,mean_surviving_coverage_deadline_percent,594,-9.277527208455862,-9.287418359904919,-10.120132980717294,-8.408412712713867
California,task_size_x1p0,task_size_x4p0,p100_t100_surviving_min,594,42.32054526749361,38.90451388888729,37.84615159013718,47.15462054544505
California,task_size_x1p0,task_size_x4p0,total_transferred_data_mbits,594,3764.5850168350166,3279.0,3394.937058080808,4144.034385521885
India,task_size_x1p0,task_size_x4p0,observation_success_percent,594,-27.93589190743137,-28.07244501940491,-31.0840073873709,-24.91873238639086
India,task_size_x1p0,task_size_x4p0,s100_surviving_before_deadline_percent,594,-37.02353417747985,-42.23803363518758,-38.29530209381438,-35.86978560943633
India,task_size_x1p0,task_size_x4p0,mean_surviving_coverage_deadline_percent,594,-31.69389902100165,-32.7226463169146,-33.381797815985166,-30.105337060113836
India,task_size_x1p0,task_size_x4p0,p100_t100_surviving_min,594,72.40747814948857,70.63263888886354,61.05266087944462,84.36509711971767
India,task_size_x1p0,task_size_x4p0,total_transferred_data_mbits,594,40017.507575757576,28079.75,34238.06197390572,45703.546885521886
California,nominal_original,unlimited_useful_deadline,observation_success_percent,594,15.135732323232324,9.375,12.878787878787879,17.408459595959595
California,nominal_original,unlimited_useful_deadline,s100_surviving_before_deadline_percent,594,72.00126262626263,81.25,68.41040614478115,75.14743792087542
California,nominal_original,unlimited_useful_deadline,mean_surviving_coverage_deadline_percent,594,72.25534166355295,77.06860248875134,70.07155057419253,74.53985545879412
California,nominal_original,unlimited_useful_deadline,p100_t100_surviving_min,594,81.42148042928848,68.33333333332419,66.49206606629555,96.97296535818886
California,nominal_original,unlimited_useful_deadline,total_transferred_data_mbits,594,1329.2314814814815,1164.25,1189.1973063973064,1467.8698442760942
India,nominal_original,unlimited_useful_deadline,observation_success_percent,594,8.91711422112457,3.6222509702458012,7.041708590867714,10.59803511614637
India,nominal_original,unlimited_useful_deadline,s100_surviving_before_deadline_percent,594,69.32411654274526,80.78913324708927,66.7322916530549,71.98274791903513
India,nominal_original,unlimited_useful_deadline,mean_surviving_coverage_deadline_percent,594,67.07001644016503,72.39273800370921,64.70888752976113,69.44887346256328
India,nominal_original,unlimited_useful_deadline,p100_t100_surviving_min,594,218.75097489316295,236.64930555555196,189.73924511386272,253.45622121856525
India,nominal_original,unlimited_useful_deadline,total_transferred_data_mbits,594,25661.127104377105,22367.25,22793.99175084175,28285.532702020202
