performance_share,resource_share,case_id,utility,n_satellites,n_planes,cn_fraction_percent,n_central_nodes,performance_composite,resource_efficiency_composite,performance_share_start,performance_share_end,resource_share_start,resource_share_end
0.0,1.0,T060_P03_H0500_I0986_CN000_F1,1.0,60,3,0.0,0,0.004435631518139636,1.0,0.0,0.0,1.0,1.0
0.01,0.99,T060_P03_H0800_I0986_CN000_F1,0.9904022824033867,60,3,0.0,0,0.15074516653255515,0.998883667412183,0.01,0.01,0.99,0.99
0.02,0.98,T060_P10_H0800_I0600_CN000_F1,0.9836216289895306,60,10,0.0,0,0.5310834729907686,0.992857101560934,0.02,0.11,0.89,0.98
0.12,0.88,T060_P05_H0800_I0986_CN020_F1,0.9404118808601507,60,5,20.0,12,0.8668623465641174,0.9504413628096098,0.12,0.24,0.76,0.88
0.25,0.75,T060_P05_H1000_I0986_CN030_F1,0.9298711775083286,60,5,30.0,18,0.9251234398445178,0.9314537567295988,0.25,0.29,0.71,0.75
0.3,0.7,T060_P10_H0800_I0986_CN030_F1,0.9296123679687465,60,10,30.0,18,0.9313941230471665,0.9288487586494237,0.3,0.3,0.7,0.7
0.31,0.69,T060_P10_H0800_I0986_CN040_F1,0.9296945053657171,60,10,40.0,24,0.9671297600662229,0.9128757677466492,0.31,0.78,0.21999999999999997,0.69
0.79,0.20999999999999996,T060_P05_H0800_I0800_CN070_F1,0.9560188865981092,60,5,70.0,42,0.9825731354656968,0.8561243313343275,0.79,0.85,0.15000000000000002,0.20999999999999996
0.86,0.14,T060_P05_H0800_I0800_CN100_F1,0.9649268430924123,60,5,100.0,60,0.9911757969609238,0.8036832693286982,0.86,0.98,0.020000000000000018,0.14
0.99,0.010000000000000009,T180_P10_H0500_I0986_CN070_F1,0.9913439051868302,180,10,70.0,126,0.9997538427290533,0.15876008850675336,0.99,0.99,0.010000000000000009,0.010000000000000009
1.0,0.0,T180_P10_H0800_I0800_CN100_F1,1.0,180,10,100.0,180,1.0,0.0,1.0,1.0,0.0,0.0
