number,stem,kind,png,pdf,caption,source,sample,notes
1,task_locations,analysis,png/01_task_locations.png,pdf/01_task_locations.pdf,Spatial distribution of the wildfire-observation tasks used for the California and India experiments. Marker shape and colour indicate task-priority class. The California outline is from the 2025 US Census cartographic boundary file; the India outline is from the Natural Earth 1:50 million admin-0 dataset.,Task input file; US Census Bureau 2025 cartographic boundaries; Natural Earth 5.1.1,805 tasks,
2,campaign_coverage,analysis,png/02_campaign_coverage.png,pdf/02_campaign_coverage.pdf,Coverage of the post-processed campaign by study region. The left panel counts distinct base architectures and the right panel counts distinct evaluated scenario types after the analysis quality gate.,Canonical completed-row table,"940,410 completed scenario rows",
3,regional_cn_response,analysis,png/03_regional_cn_response.png,pdf/03_regional_cn_response.pdf,Nominal performance as a function of the Central Node fraction for California and India. Lines show the architecture-level mean and shaded bands show the interquartile range.,"Canonical completed-row table, nominal scenario","1,782 architecture rows",
4,cn_model_fit,analysis,png/04_cn_model_fit.png,pdf/04_cn_model_fit.pdf,Observed nominal task-success response to the Central Node fraction and the polynomial model selected by the Akaike information criterion in each region. Numerical model comparisons are provided in the companion table.,"Canonical completed-row table, nominal scenario","1,782 architecture rows",No regression equation or software-generated title is embedded in the plot.
5,paired_region_performance,analysis,png/05_paired_region_performance.png,pdf/05_paired_region_performance.pdf,Paired comparison of matched architectures across California and India. Each marker is one shared architecture; the diagonal denotes equal task-observation success in both regions.,"Canonical completed-row table, matched case identifiers",891 matched architectures,
6,two_region_pareto_landscape,analysis,png/06_two_region_pareto_landscape.png,pdf/06_two_region_pareto_landscape.pdf,Performance--resource trade space for both study regions. Faint markers show all evaluated architectures and connected markers show the non-dominated frontier when deadline completion is maximised and transferred data is minimised.,"Canonical completed-row table, unlimited-useful-deadline scenario","1,782 architecture rows",
7,central_node_performance,analysis,png/07_central_node_performance.png,pdf/07_central_node_performance.pdf,"System response to the Central Node fraction, separated by region and constellation size. The panels report deadline completion, mean deadline coverage, transferred data, and the inequality of transmitted load across nodes.","Canonical completed-row table, unlimited-useful-deadline scenario","1,782 architecture rows","India 180-satellite task-population audit: 297 architecture cases; 15 use the intended 773-task population throughout, while 282 contain a mismatch (most commonly 741 tasks). The layer remains visible but must be qualified in the report."
8,architecture_main_effects,analysis,png/08_architecture_main_effects.png,pdf/08_architecture_main_effects.pdf,Marginal architecture-factor effects on deadline completion. Each point is the mean over the other evaluated factors and the shaded range is the interquartile interval; the figure is descriptive rather than a causal decomposition.,"Canonical completed-row table, unlimited-useful-deadline scenario","1,782 architecture rows",
9,spearman_metric_relationships,analysis,png/09_spearman_metric_relationships.png,pdf/09_spearman_metric_relationships.pdf,Spearman rank correlations among the principal architecture and outcome variables. Positive values indicate that both variables tend to increase together; negative values indicate an opposing monotonic relation. Correlation describes association and is not interpreted as causation.,"Canonical completed-row table, unlimited-useful-deadline scenario","1,782 architecture rows",
10,routing_policy_ablation,analysis,png/10_routing_policy_ablation.png,pdf/10_routing_policy_ablation.pdf,"Routing-policy ablation across the Central Node, peer-only, and hybrid strategies. Bars report regional means for observation success, deadline completion, and transferred data.","Canonical completed-row table, routing-policy scenarios","5,346 scenario rows",
11,task_size_sensitivity,analysis,png/11_task_size_sensitivity.png,pdf/11_task_size_sensitivity.pdf,Sensitivity of performance and network load to the task-data volume. The horizontal axis is the task-size multiplier relative to the nominal task definition.,"Canonical completed-row table, task-size scenarios","7,128 scenario rows",
12,priority_specific_outcomes,analysis,png/12_priority_specific_outcomes.png,pdf/12_priority_specific_outcomes.pdf,Observation success and deadline completion by task-priority class. The comparison tests whether the routing and scheduling logic preserves the intended service differentiation across regions.,Regional priority case-metric summaries,"7,128 case-priority summaries",No bar is drawn where the supplied task population contains no usable observations: India Critical.
13,robustness_response,analysis,png/13_robustness_response.png,pdf/13_robustness_response.pdf,"Retention of deadline performance under component failures, link/capacity disturbances, and combined stress. Each line is the regional mean at the indicated severity.","Canonical completed-row table, robustness scenarios","920,808 robustness rows",
14,unlimited_policy_pareto,analysis,png/14_unlimited_policy_pareto.png,pdf/14_unlimited_policy_pareto.pdf,Unlimited-policy trade space within each study region. Marker size represents constellation size; highlighted points are non-dominated with respect to deadline completion and total transferred data.,"Canonical completed-row table, unlimited-useful-deadline scenario","1,782 architecture rows",
15,objective_weight_sweep,analysis,png/15_objective_weight_sweep.png,pdf/15_objective_weight_sweep.pdf,Architecture selected as the objective weight shifts from transfer efficiency to deadline performance. The step changes reveal decision thresholds rather than implying a unique global optimum.,Derived from the canonical completed-row table,"1,782 candidate architecture rows; 101 weights per region","Exact winning case identifiers are kept in the companion table, not printed in the figure."
16,monte_carlo_winner_frequency,analysis,png/16_monte_carlo_winner_frequency.png,pdf/16_monte_carlo_winner_frequency.pdf,"Frequency with which the leading architectures are selected under 4,000 random combinations of performance, transfer-efficiency, and load-balance weights per region. Candidate codes are mapped to full architecture definitions in the companion table.",Monte Carlo objective-weight analysis derived from the canonical completed-row table,"4,000 random weight vectors per region",Short candidate codes prevent case identifiers and long architecture names from cluttering the plot.
17,mission_chain,diagram,png/17_mission_chain.png,pdf/17_mission_chain.pdf,"End-to-end mission chain considered in the thesis, from wildfire-task creation to operational delivery. The research contribution focuses on the inter-satellite dissemination stage and the effect of assigning Central Node functionality to a subset of satellites.",Conceptual synthesis of the thesis system model,Not applicable,Engineering block diagram; stages are functional and not drawn to a physical scale.
18,task_generation_workflow,diagram,png/18_task_generation_workflow.png,pdf/18_task_generation_workflow.pdf,"Processing sequence used to transform Sentinel-3 fire detections into simulation tasks. Clustering determines the event representation; priority, deadline, data volume and visibility define how each task enters the dissemination simulation.",Implemented task-generation and simulation-input workflow,Not applicable,
19,simulation_postprocessing_workflow,diagram,png/19_simulation_postprocessing_workflow.png,pdf/19_simulation_postprocessing_workflow.pdf,"Reproducible simulation and post-processing workflow. Checkpointed outputs enter the analysis only after completion and integrity checks, after which all statistics are derived from one canonical table.",Implemented campaign and post-processing workflow,Not applicable,
20,walker_constellation_central_nodes,diagram,png/20_walker_constellation_central_nodes.png,pdf/20_walker_constellation_central_nodes.pdf,Schematic Walker-type constellation in which a defined subset of satellites acts as Central Nodes. The figure distinguishes node roles; the number of orbital planes and satellite spacing are illustrative and are not drawn to scale.,Conceptual representation of the simulated architecture,Not applicable,
21,temporal_routing_example,diagram,png/21_temporal_routing_example.png,pdf/21_temporal_routing_example.pdf,"Store-carry-forward dissemination over time-varying contacts. The task is uploaded to a satellite, relayed to a Central Node, stored until a useful contact becomes available, and then forwarded for ground delivery.",Conceptual representation of temporal routing in the simulator,Not applicable,
22,scenario_failure_transformations,diagram,png/22_scenario_failure_transformations.png,pdf/22_scenario_failure_transformations.pdf,"Scenario-generation structure applied to each base architecture. Routing, task-volume and failure/stress variants retain the same base definition and are paired with their baseline case before effects are calculated.",Implemented scenario-generation design,Not applicable,Straight connectors indicate data lineage; no causal ordering is implied among scenario families.
