scenario_id,factor,metric,eta_squared_unadjusted,interpretation
nominal_original,n_satellites,observation_success_percent,0.0013976895768179998,Unadjusted one-factor share of variance in the balanced factorial subset.
nominal_original,n_satellites,s100_surviving_before_deadline_percent,0.07454481760227555,Unadjusted one-factor share of variance in the balanced factorial subset.
nominal_original,n_satellites,mean_surviving_coverage_deadline_percent,0.3428362480314629,Unadjusted one-factor share of variance in the balanced factorial subset.
nominal_original,n_planes,observation_success_percent,0.3550646964937089,Unadjusted one-factor share of variance in the balanced factorial subset.
nominal_original,n_planes,s100_surviving_before_deadline_percent,0.03272943746162833,Unadjusted one-factor share of variance in the balanced factorial subset.
nominal_original,n_planes,mean_surviving_coverage_deadline_percent,0.014747739991371958,Unadjusted one-factor share of variance in the balanced factorial subset.
nominal_original,altitude_km,observation_success_percent,0.0009635903565125197,Unadjusted one-factor share of variance in the balanced factorial subset.
nominal_original,altitude_km,s100_surviving_before_deadline_percent,0.013366948208007878,Unadjusted one-factor share of variance in the balanced factorial subset.
nominal_original,altitude_km,mean_surviving_coverage_deadline_percent,0.019926384205043196,Unadjusted one-factor share of variance in the balanced factorial subset.
nominal_original,inclination_deg,observation_success_percent,0.034583362606107,Unadjusted one-factor share of variance in the balanced factorial subset.
nominal_original,inclination_deg,s100_surviving_before_deadline_percent,0.033919231973189495,Unadjusted one-factor share of variance in the balanced factorial subset.
nominal_original,inclination_deg,mean_surviving_coverage_deadline_percent,0.017279546735975693,Unadjusted one-factor share of variance in the balanced factorial subset.
nominal_original,cn_fraction_percent,observation_success_percent,0.32828879108660625,Unadjusted one-factor share of variance in the balanced factorial subset.
nominal_original,cn_fraction_percent,s100_surviving_before_deadline_percent,0.06790348928053248,Unadjusted one-factor share of variance in the balanced factorial subset.
nominal_original,cn_fraction_percent,mean_surviving_coverage_deadline_percent,0.3392140574772475,Unadjusted one-factor share of variance in the balanced factorial subset.
unlimited_useful_deadline,n_satellites,observation_success_percent,0.01017529025752956,Unadjusted one-factor share of variance in the balanced factorial subset.
unlimited_useful_deadline,n_satellites,s100_surviving_before_deadline_percent,0.012412616988031413,Unadjusted one-factor share of variance in the balanced factorial subset.
unlimited_useful_deadline,n_satellites,mean_surviving_coverage_deadline_percent,0.009145935979138547,Unadjusted one-factor share of variance in the balanced factorial subset.
unlimited_useful_deadline,n_planes,observation_success_percent,0.36129363013429944,Unadjusted one-factor share of variance in the balanced factorial subset.
unlimited_useful_deadline,n_planes,s100_surviving_before_deadline_percent,0.11197909882342694,Unadjusted one-factor share of variance in the balanced factorial subset.
unlimited_useful_deadline,n_planes,mean_surviving_coverage_deadline_percent,0.00011373414427430049,Unadjusted one-factor share of variance in the balanced factorial subset.
unlimited_useful_deadline,altitude_km,observation_success_percent,0.0011977632939905076,Unadjusted one-factor share of variance in the balanced factorial subset.
unlimited_useful_deadline,altitude_km,s100_surviving_before_deadline_percent,0.002967634105823852,Unadjusted one-factor share of variance in the balanced factorial subset.
unlimited_useful_deadline,altitude_km,mean_surviving_coverage_deadline_percent,0.018210838789990556,Unadjusted one-factor share of variance in the balanced factorial subset.
unlimited_useful_deadline,inclination_deg,observation_success_percent,0.0072451785015990155,Unadjusted one-factor share of variance in the balanced factorial subset.
unlimited_useful_deadline,inclination_deg,s100_surviving_before_deadline_percent,0.02609342532629338,Unadjusted one-factor share of variance in the balanced factorial subset.
unlimited_useful_deadline,inclination_deg,mean_surviving_coverage_deadline_percent,0.011172434814613275,Unadjusted one-factor share of variance in the balanced factorial subset.
unlimited_useful_deadline,cn_fraction_percent,observation_success_percent,0.402438944189282,Unadjusted one-factor share of variance in the balanced factorial subset.
unlimited_useful_deadline,cn_fraction_percent,s100_surviving_before_deadline_percent,0.689882330459171,Unadjusted one-factor share of variance in the balanced factorial subset.
unlimited_useful_deadline,cn_fraction_percent,mean_surviving_coverage_deadline_percent,0.8196238717164929,Unadjusted one-factor share of variance in the balanced factorial subset.
