scenario_id,cn_fraction_percent,case_count,scenario_evaluations,observation_success_percent_n,observation_success_percent_mean,observation_success_percent_median,observation_success_percent_std,observation_success_percent_p05,observation_success_percent_p95,observation_success_percent_min,observation_success_percent_max,s100_surviving_before_deadline_percent_n,s100_surviving_before_deadline_percent_mean,s100_surviving_before_deadline_percent_median,s100_surviving_before_deadline_percent_std,s100_surviving_before_deadline_percent_p05,s100_surviving_before_deadline_percent_p95,s100_surviving_before_deadline_percent_min,s100_surviving_before_deadline_percent_max,mean_surviving_coverage_deadline_percent_n,mean_surviving_coverage_deadline_percent_mean,mean_surviving_coverage_deadline_percent_median,mean_surviving_coverage_deadline_percent_std,mean_surviving_coverage_deadline_percent_p05,mean_surviving_coverage_deadline_percent_p95,mean_surviving_coverage_deadline_percent_min,mean_surviving_coverage_deadline_percent_max,p100_t100_surviving_min_n,p100_t100_surviving_min_mean,p100_t100_surviving_min_median,p100_t100_surviving_min_std,p100_t100_surviving_min_p05,p100_t100_surviving_min_p95,p100_t100_surviving_min_min,p100_t100_surviving_min_max,total_transferred_data_mbits_n,total_transferred_data_mbits_mean,total_transferred_data_mbits_median,total_transferred_data_mbits_std,total_transferred_data_mbits_p05,total_transferred_data_mbits_p95,total_transferred_data_mbits_min,total_transferred_data_mbits_max,n_transfer_events_n,n_transfer_events_mean,n_transfer_events_median,n_transfer_events_std,n_transfer_events_p05,n_transfer_events_p95,n_transfer_events_min,n_transfer_events_max,used_capacity_percent_n,used_capacity_percent_mean,used_capacity_percent_median,used_capacity_percent_std,used_capacity_percent_p05,used_capacity_percent_p95,used_capacity_percent_min,used_capacity_percent_max,peak_node_sent_data_mbits_n,peak_node_sent_data_mbits_mean,peak_node_sent_data_mbits_median,peak_node_sent_data_mbits_std,peak_node_sent_data_mbits_p05,peak_node_sent_data_mbits_p95,peak_node_sent_data_mbits_min,peak_node_sent_data_mbits_max,node_sent_data_gini_n,node_sent_data_gini_mean,node_sent_data_gini_median,node_sent_data_gini_std,node_sent_data_gini_p05,node_sent_data_gini_p95,node_sent_data_gini_min,node_sent_data_gini_max
nominal_original,0.0,80,80,80,29.140625,6.25,30.162136854082974,0.0,72.03124999999999,0.0,78.125,80,0.78125,0.0,2.700613795680108,0.0,6.25,0.0,15.625,80,12.365273485947322,10.683036079743303,7.589358297761254,3.226766378775139,28.772538406931695,2.637381159468952,33.01860848506069,8,77.74791666666667,48.74166666666667,49.13240649566796,35.829166666666666,139.03,33.7,140.03333333333333,80,58.5875,60.0,20.236696677201625,36.45,92.5,24.5,94.5,80,68.7625,72.0,16.509486149223193,49.95,95.0,38.0,96.0,80,0.08051669897332896,0.06611148756331184,0.050840469757902025,0.023753463842482184,0.18944342112563325,0.015060990989109497,0.26028440832910105,80,58.5875,60.0,20.236696677201625,36.45,92.5,24.5,94.5,80,0.0,0.0,0.0,0.0,0.0,0.0,0.0
nominal_original,10.0,80,80,80,64.8828125,65.625,13.436476539623094,40.625,84.53124999999999,34.375,90.625,80,1.71875,0.0,3.368664940449355,0.0,6.406249999999991,0.0,15.625,80,20.39410424012926,17.795302753457833,8.995900735030483,7.907218182071611,38.21216639093477,5.783224069614282,42.18544611629275,22,78.86597222222879,84.73541666666739,37.3143605727236,26.134305555571455,131.98333333333332,24.736111111128018,137.73472222223208,80,208.225,216.0,35.085239783032854,137.85,248.05,109.0,252.0,80,224.325,230.0,26.634314499546623,163.8,254.0,145.0,256.0,80,0.15226787038603784,0.1173092675284832,0.09204079703280782,0.05791660364930046,0.32919580489228295,0.05102888571482686,0.44724764720116217,80,80.675,58.5,42.87515730494817,38.95,160.625,30.0,178.0,80,0.9302545091102994,0.9329820303607824,0.028319183504589954,0.864365016612357,0.9634558080808081,0.839261744966443,0.972441160372195
nominal_original,20.0,80,80,80,67.1875,68.75,16.445994279705356,40.46875,90.625,28.125,93.75,80,1.40625,0.0,3.1407829286761113,0.0,6.406249999999991,0.0,15.625,80,20.665035789274448,19.482636959244278,9.752690860197468,7.554727716689743,39.73564242336698,4.962916102187557,44.34176299849675,17,66.8897875817037,64.73472222222239,32.6333392322776,25.53611111112777,131.23333333333332,24.736111111127464,132.03333333333333,80,224.14375,230.0,27.51894557402825,173.425,252.0,124.0,252.0,80,235.7875,238.0,20.349909806039044,204.7,256.0,160.0,256.0,80,0.12259214490753183,0.08606490918009818,0.087624077607725,0.03680261559730877,0.28648398791804425,0.031289297116150305,0.3566712697873074,80,78.7,59.0,41.77990856253363,38.425,155.75,35.5,178.0,80,0.9072716986980369,0.911522633744856,0.03813723706675167,0.8415492105008235,0.9525083661194772,0.7840136054421769,0.962337164750958
nominal_original,30.0,80,80,80,69.0625,75.0,18.70114944345211,28.125,93.75,18.75,93.75,80,1.3671875,0.0,3.781635742433341,0.0,6.406249999999991,0.0,25.0,80,20.332701093705303,17.96053756658512,10.279213569969126,6.789286498307118,39.43758818254436,4.100934339009828,48.54260589837513,16,61.16840277778569,48.74166666666667,36.88906947276691,23.136805555572348,136.9128472222333,18.338888888906997,142.5513888889332,80,226.6375,230.25,25.172817240986383,182.975,250.1,120.0,252.0,80,237.325,241.5,19.02282107151795,210.65,255.05,156.0,256.0,80,0.09804474004505248,0.06536400319057309,0.07451615225894176,0.02647292358455137,0.2295354925629287,0.022778204081681526,0.28640517840543633,80,80.74375,62.75,40.571549062790666,40.45,151.87499999999997,29.5,181.0,80,0.8954029624175158,0.9051232827348447,0.04437810079322299,0.7924989298128459,0.9459795845106519,0.7552910052910053,0.951104797979798
nominal_original,40.0,80,80,80,69.921875,75.0,19.040309246089173,28.125,90.625,25.0,100.0,80,0.46875,0.0,1.4999340702810484,0.0,3.281249999999991,0.0,6.25,80,19.231550121172244,18.070742249044194,9.29638312131745,6.4676608645192255,35.87410324645393,4.195177955575855,40.74091921481181,8,41.083593750012014,27.95243055556392,26.517323825076872,18.218055555568657,81.19229166667276,17.868055555565842,91.66944444444671,80,226.13125,229.75,23.227649356322157,189.275,250.0,136.0,252.0,80,236.8625,241.0,17.633931438413942,208.75,255.0,172.0,256.0,80,0.08019636461615595,0.05421979873108864,0.06330630687998064,0.020272925968785546,0.19347166584141107,0.016444999037323195,0.24217260765430634,80,80.975,63.5,38.816258175333914,40.425,150.67499999999998,37.0,186.5,80,0.8896336715618194,0.8976917326297273,0.04634207095659035,0.80024358196887,0.9463325925925927,0.7658496732026145,0.9592161929371232
nominal_original,50.0,80,80,80,71.1328125,78.125,20.82554822236061,27.96875,96.875,18.75,100.0,80,0.5859375,0.0,2.0557492849631696,0.0,3.281249999999991,0.0,12.5,80,19.005393736051815,17.00119901235219,9.434678634363124,6.390839334150167,36.59817385876185,4.094080820890075,42.684168273445486,8,41.37335069445106,25.236111111127656,28.69609550544387,16.22409722222593,82.59229166667039,15.33888888888905,91.66944444444671,80,225.6875,229.5,22.584633372206024,178.975,249.05,159.0,252.0,80,236.625,242.0,17.174734902971334,207.6,254.05,189.0,256.0,80,0.06771977930443289,0.04591926229752748,0.05479785481439677,0.016099175387711755,0.17133874293067775,0.012905461184933496,0.19255589410289317,80,84.95625,71.25,39.53585087925686,43.825,158.025,27.5,179.0,80,0.8772925569006678,0.8932474021299236,0.05075441263798571,0.7923951260288067,0.9393066941598546,0.763425925925926,0.9590418353576249
nominal_original,60.0,80,80,80,70.703125,75.0,19.766580676225892,31.09375,93.90624999999999,25.0,96.875,80,0.3125,0.0,1.1766450913024182,0.0,3.125,0.0,6.25,80,17.30012070109096,15.853394467528112,8.097866919723097,6.585475616011429,33.31230760969658,4.092292228078139,38.87949657180427,6,34.52974537037854,25.736111111119286,27.88015985853656,18.118055555567853,75.14322916666823,17.868055555565842,90.80138888889002,80,223.45,226.0,22.346607932210862,193.8,248.05,140.0,250.5,80,234.8,236.5,17.250499901030203,210.4,254.0,176.0,255.0,80,0.05740865497425436,0.038662697578787666,0.04701348734912039,0.013035929785212157,0.1431043644667666,0.011126099854333937,0.17232094391977532,80,85.375,68.0,36.78396561794661,45.9,153.67499999999998,34.5,168.5,80,0.8780087941017223,0.8901012971963362,0.05243872503601724,0.7842739672387915,0.9421182428011597,0.7055555555555557,0.9550639134709931
nominal_original,70.0,80,80,80,69.3359375,78.125,20.423072644973555,30.9375,93.75,15.625,96.875,80,0.15625,0.0,0.6853750243849224,0.0,0.15624999999999112,0.0,3.125,80,15.032758338138843,13.712756929043785,6.203761176910935,6.665117012954887,26.427729842715785,4.217171746410802,28.51005537438175,4,14.810243055565662,15.385763888904574,3.133915234368436,11.230034722226968,17.58472222222988,10.734722222226749,17.73472222222675,80,217.15,221.25,21.604383052718898,173.55,243.14999999999998,152.0,250.0,80,229.8625,231.5,16.842339467371428,199.7,250.1,182.0,255.0,80,0.048580248735011204,0.03213932488285605,0.040174949086997584,0.010940986076003557,0.12642210710515425,0.009020462903618723,0.13987820726393713,80,86.8625,72.5,35.67034145468292,45.95,146.87499999999997,38.0,162.5,80,0.8701631111944023,0.8796920289855072,0.05338983702699384,0.7810622118622119,0.9344124653891493,0.7046798029556651,0.9635285913528591
nominal_original,80.0,80,80,80,67.03125,71.875,20.123112970733715,24.84375,90.625,18.75,96.875,80,0.078125,0.0,0.4909686724647227,0.0,0.0,0.0,3.125,80,12.777973449082769,12.029300073416067,4.888145169299337,6.074310976489273,22.174693862494344,4.370113309699648,26.97251840866392,2,65.73472222222699,65.73472222222699,2.391564833067126e-12,65.73472222222547,65.73472222222851,65.7347222222253,65.73472222222868,80,209.9125,209.5,20.030795120627563,175.75,236.67499999999998,146.0,243.0,80,223.45,221.5,16.51612177482997,192.0,246.14999999999998,176.0,250.0,80,0.04118803492943477,0.027229211695613036,0.033994734047041855,0.009061495242560414,0.10649536523040717,0.007664409888264344,0.11848249951828847,80,88.4375,78.5,32.13218101782114,47.4,141.1,43.0,162.0,80,0.8721863490421052,0.8848153836220415,0.050299619596134465,0.7755113895452472,0.9355667305236272,0.7479515828677841,0.9593708165997323
nominal_original,90.0,80,80,80,61.1328125,62.5,20.397332287778948,18.59375,84.375,9.375,93.75,80,0.078125,0.0,0.4909686724647227,0.0,0.0,0.0,3.125,80,9.137521029137615,8.635157526355082,3.037566288632752,5.239002801750177,14.961022485452187,4.36570822522251,17.45233352094765,2,41.88576388889342,41.88576388889342,39.38437457296118,16.821701388894727,66.9498263888921,14.036805555561537,69.7347222222253,80,194.31875,195.25,18.840308886110403,165.0,221.025,134.5,231.0,80,207.25,211.0,18.44492314631367,176.0,234.0,157.0,242.0,80,0.03381644100030503,0.022384440562465333,0.02797949667198187,0.0076356357005556725,0.08760436986720546,0.006326640799457034,0.10102242822861576,80,85.23125,76.25,27.013820156178944,53.975,137.575,46.0,148.0,80,0.8780220713075618,0.8878844839371156,0.04852853179080028,0.7990183875877647,0.9360845235213426,0.723929236499069,0.9677542621987067
nominal_original,100.0,80,80,80,35.703125,37.5,18.097664622660677,6.25,59.375,3.125,65.625,80,0.0,0.0,0.0,0.0,0.0,0.0,0.0,80,2.418653603715058,1.7360445634844557,1.8352365984574337,0.4319262913012913,5.571777455001138,0.17450932085078427,7.193121693121693,0,,,,,,,,80,155.4375,157.5,8.147522338304116,145.4,157.5,117.5,157.5,80,158.75,160.0,5.040343568759895,153.6,160.0,135.0,160.0,80,0.02558117521918544,0.016841855641820093,0.022360295617744788,0.004911632074780072,0.06791619706548398,0.004323166631340857,0.07817894719648723,80,71.175,69.75,17.494863622348046,47.475,102.025,40.0,122.0,80,0.9022527931684696,0.9140290448706013,0.04932918144833561,0.8054552446058535,0.9603323194788512,0.7661347517730497,0.9733264320220842
unlimited_useful_deadline,0.0,80,80,80,30.78125,6.25,31.87313844154548,0.0,78.125,0.0,78.125,80,5.15625,0.0,8.97897729297987,0.0,22.031249999999993,0.0,28.125,80,45.20712438142404,43.86225556468702,12.614837819958094,29.526707784696555,72.77057054994641,21.611653883060995,73.53229047179819,23,232.6333333333333,286.76666666666665,125.67331165615975,50.900000000000006,349.85,48.11666666666667,358.01666666666665,80,297.225,257.0,159.9263062092085,106.825,636.9,55.0,675.0,80,404.3,388.5,199.63253584295472,150.75,779.5,92.0,881.0,80,0.3366511557083196,0.2982482760089614,0.13922251442139985,0.16194540009970926,0.5211531815618227,0.14101886127269522,0.752725265627156,80,297.225,257.0,159.9263062092085,106.825,636.9,55.0,675.0,80,0.0,0.0,0.0,0.0,0.0,0.0,0.0
unlimited_useful_deadline,10.0,80,80,80,73.0859375,78.125,14.25994259166436,53.125,96.875,50.0,96.875,80,53.046875,62.5,29.352919758324003,0.0,87.5,0.0,96.875,80,84.95370636120683,86.09087722236175,9.84123251483311,65.35060880910963,97.1323763955343,57.9720411729521,100.0,75,178.56623148148483,136.93472222222226,88.7924912876719,89.55215277777766,341.31666666666666,49.36666666666667,356.01666666666665,80,820.50625,819.0,407.2375406533699,335.925,1464.3999999999999,222.0,1697.5,80,1003.7,990.0,489.0761738190364,430.4,1804.7999999999997,306.0,2127.0,80,0.46432383873260286,0.4361392677248536,0.13009423882977805,0.31192732284770336,0.7184766908764186,0.28117356886786354,0.8529980900228351,80,191.39375,131.25,133.92610124002874,71.45,474.125,59.5,589.0,80,0.9015984639706203,0.9152649634191873,0.03399738452420388,0.828956652684735,0.9344495391467764,0.8118504435994931,0.9455105780443112
unlimited_useful_deadline,20.0,80,80,80,77.2265625,78.125,15.4395141507508,53.125,96.875,53.125,100.0,80,74.3359375,78.125,19.812297534704026,46.09375,96.875,0.0,96.875,80,92.02129887150068,95.1542467948718,8.373226618583148,78.05764107129707,100.0,62.96296296296296,100.0,77,120.7234307359333,107.06875000000097,46.99391926663002,69.06805555555727,211.7173611111149,60.41944444444671,284.3673611111192,80,1144.11875,1137.0,527.7427046413956,502.3,1942.05,319.5,2087.0,80,1324.525,1308.0,595.431743688901,591.15,2246.7999999999997,433.0,2498.0,80,0.4601653938521039,0.43005311241431965,0.15458380903600205,0.266935770865926,0.7485166783647049,0.2278985850942442,0.9325467574647308,80,176.21875,123.75,119.5028955676415,66.85,423.2749999999999,59.0,539.0,80,0.8344831548680677,0.8466528198419304,0.036058128156878005,0.754292896737197,0.8756382471608496,0.7231718259309108,0.8835709698137444
unlimited_useful_deadline,30.0,80,80,80,80.0390625,84.375,16.67362373751873,53.125,100.0,53.125,100.0,80,81.3671875,82.8125,13.890640684838292,56.09375,96.875,53.125,100.0,80,95.2347729669756,97.70833333333334,6.933731388447741,83.26822916666666,100.0,62.96296296296296,100.0,80,106.23121527777974,92.53437500000277,45.49539881972746,56.99340277777807,209.8673611111114,52.6027777777781,246.20069444444454,80,1452.125,1499.0,647.5633222543676,646.225,2376.2,376.5,2489.5,80,1626.1125,1648.0,708.1218516638203,747.0,2664.35,509.0,2883.0,80,0.45228055492341906,0.42437704927769815,0.16842691170748475,0.24214734306608884,0.7369800905597247,0.20085494956311314,0.9331068499008671,80,169.36875,133.25,97.30672969526486,69.275,368.275,60.5,456.5,80,0.7745351260657729,0.7828127377640048,0.03785629977054645,0.6949413988432769,0.8170083158241668,0.6640311804008909,0.8396786840535242
unlimited_useful_deadline,40.0,80,80,80,81.9140625,90.625,17.019959821862578,53.125,100.0,53.125,100.0,80,83.3984375,84.375,13.586063773470364,59.375,100.0,53.125,100.0,80,96.60838770368807,98.4375,5.686001264976175,86.54947916666667,100.0,65.38461538461539,100.0,80,97.96850694444728,84.86736111111144,42.43765163555562,52.542881944444765,176.18364583333343,44.551388888890024,218.71736111111846,80,1758.2125,1792.5,773.8515859368397,817.05,2844.5,461.5,2900.5,80,1926.3625,1964.5,829.7782110833036,897.7,3116.45,613.0,3267.0,80,0.4446103528816173,0.39846940259803115,0.1791173133168468,0.2317270370154723,0.754351650295281,0.19687013133252626,0.932542467628755,80,166.2125,138.25,86.70048015722675,74.3,328.2,59.5,444.0,80,0.7253125467490997,0.7295610259598639,0.028587098262438222,0.6713233578705241,0.764357010679552,0.6528176951253875,0.773503041946846
unlimited_useful_deadline,50.0,80,80,80,83.5546875,93.75,17.584727575042194,53.125,100.0,53.125,100.0,80,85.078125,90.625,14.080947815278,59.375,100.0,53.125,100.0,80,97.39951159499465,99.05580622213259,5.058477425592582,84.74074074074073,100.0,76.92307692307692,100.0,80,89.3686979166707,76.48506944446102,40.77027758395298,47.678229166673354,173.22152777777956,41.73472222222238,218.71736111111846,80,2064.6875,2143.0,891.913826849498,985.725,3300.325,661.0,3351.0,80,2223.3,2285.0,942.9766282994437,1065.75,3525.0,804.0,3643.0,80,0.4399717713188144,0.3905077580068912,0.18762423203520126,0.21443334577992632,0.7794743650552767,0.16736558824649356,0.9476578652113112,80,158.9625,129.25,79.97205900512371,69.825,320.025,52.0,388.5,80,0.6610334302401567,0.6633617224895412,0.03264206306057116,0.606007690734899,0.7051640881947945,0.5729180399912108,0.7272825037310158
unlimited_useful_deadline,60.0,80,80,80,84.4140625,93.75,17.23503746775828,53.125,100.0,53.125,100.0,80,86.09375,93.75,14.280786474902989,59.375,100.0,53.125,100.0,80,97.57277646492187,99.21805939129308,5.5574712370768165,90.37857142857143,100.0,65.38461538461539,100.0,80,85.53236111111627,73.83472222222233,41.14190676006946,44.25868055557373,171.15416666666664,39.73472222223209,218.71736111111846,80,2366.55,2434.25,1019.7984275882134,1126.475,3769.55,606.5,3817.0,80,2521.5375,2591.0,1067.0071825858874,1221.1,3960.75,798.0,4027.0,80,0.43059087883561775,0.3747369953873845,0.18920951176129158,0.2062793140247619,0.7837270821990056,0.16844207896830254,0.9202311752579043,80,163.21875,142.5,71.79788102678734,72.975,294.1249999999999,63.5,373.0,80,0.6191959757832415,0.6221509179870549,0.036453022599822985,0.5550529530876114,0.681267048662187,0.5233165407220823,0.7155198317307692
unlimited_useful_deadline,70.0,80,80,80,84.0625,93.75,17.399974083350408,53.125,100.0,53.125,100.0,80,86.5625,93.75,14.128493182935438,59.375,100.0,59.375,100.0,80,97.93456348154766,99.55510557935739,4.954640427106719,84.74074074074073,100.0,76.92307692307692,100.0,80,82.75113715278337,72.0253472222225,40.80239185032504,45.76579861111114,172.22152777777856,33.90486111111144,203.71736111112236,80,2671.875,2725.0,1145.865005469446,1269.875,4246.025,857.5,4278.5,80,2819.475,2877.5,1187.2931769258523,1374.8,4397.8,1028.0,4440.0,80,0.4249549837213973,0.3669197012576425,0.19227414857145203,0.19843040062250103,0.7829212541597099,0.16125777276192765,0.8874720737733093,80,167.4875,154.25,68.27601164261709,85.325,299.94999999999993,76.0,383.0,80,0.5739881270639298,0.5747667802972203,0.040250223289606736,0.5083822007024366,0.6405720786743414,0.4762724330685497,0.668753253513795
unlimited_useful_deadline,80.0,80,80,80,84.921875,93.75,17.315761357115726,53.125,100.0,53.125,100.0,80,87.6171875,95.3125,14.005852412468217,59.375,100.0,59.375,100.0,80,98.27589270765431,100.0,4.678837810947502,90.82222222222221,100.0,76.92307692307692,100.0,80,79.67748263889355,68.04236111111459,41.469036651170335,42.2946180555631,173.15416666666837,35.551388888889534,207.71736111111144,80,2974.3625,3037.75,1274.3648752554386,1425.775,4722.425,972.5,4742.0,80,3115.45,3181.5,1311.3399456908787,1516.75,4853.5,1158.0,4886.0,80,0.4166149278592267,0.3589514435056137,0.19003152911121132,0.190895186115525,0.7726821723635373,0.15251401494829048,0.8923780853859138,80,168.6125,162.75,64.3385514979997,87.475,284.4999999999999,64.5,377.5,80,0.5210587646760235,0.5191805458477988,0.043642802911627074,0.447976336342449,0.5876500996179205,0.44259511641113014,0.6095357152458531
unlimited_useful_deadline,90.0,80,80,80,85.5859375,93.75,17.278017901107205,53.125,100.0,53.125,100.0,80,88.4375,96.875,13.978962493871398,59.375,100.0,59.375,100.0,80,98.45749437431161,100.0,4.68154712989036,92.54814814814816,100.0,76.92307692307692,100.0,80,77.23002604167229,66.05138888889076,41.43924600370838,40.50798611112704,171.86666666666963,33.90486111111144,202.7173611111136,80,3278.05625,3368.25,1398.4384396821679,1596.725,5200.65,1068.0,5217.0,80,3413.2375,3484.5,1433.3456413893593,1678.65,5307.15,1266.0,5325.0,80,0.4105918931998995,0.349174067667641,0.19255099734551925,0.183705446820536,0.7635357449395197,0.14482651544365535,0.878076024819536,80,163.4125,150.75,66.23504249587509,86.9,283.3499999999999,59.0,369.5,80,0.4609562987539618,0.463047553248469,0.049081547822383,0.3848011003088483,0.5349096069178464,0.35153918458465516,0.5821149994108636
unlimited_useful_deadline,100.0,80,80,80,85.8984375,93.75,17.217097286807263,53.125,100.0,53.125,100.0,80,88.9453125,96.875,13.796882727716918,59.375,100.0,59.375,100.0,80,98.54824000989365,100.0,4.659789365339162,92.58148148148149,100.0,76.92307692307692,100.0,80,73.18310763889455,61.284027777783805,41.49950814465105,37.86250000000685,169.25416666666712,33.585416666672245,199.71736111111215,80,3580.6875,3683.25,1525.0506286989087,1737.175,5670.0,1183.0,5670.0,80,3708.65,3788.5,1555.2685477743714,1829.7,5760.0,1397.0,5760.0,80,0.4035483938661292,0.34374897470256016,0.19193580824732623,0.1764628414838524,0.759799645042853,0.1390594175077742,0.8651803489744586,80,165.7625,150.5,65.22434385753198,90.65,288.3499999999999,62.0,395.5,80,0.3999149513498147,0.39441851786193427,0.051761843443887935,0.312417308661872,0.48943748482799554,0.268762731853758,0.5349567794795507
