scenario_id,priority_class,case_count,task_evaluations,observation_success_percent,s100_before_deadline_percent,mean_surviving_coverage_deadline_percent,conditional_observation_latency_mean_min,conditional_observation_latency_p90_min,t100_completion_percent,conditional_t100_p90_min
nominal_original,Critical,890,890,8.202247191011235,2.584269662921348,17.72744351615663,25.91780821917808,29.0,2.584269662921348,25.736111111127848
nominal_original,High,890,5340,23.08988764044944,0.8239700374531835,20.37878503727593,39.0323871316572,53.86666666666667,0.8239700374531835,49.29166666666667
nominal_original,Low,890,8010,89.90012484394508,0.0,10.998670305101957,153.55035180299035,293.76666666666665,0.0,
nominal_original,Medium,890,14240,63.43398876404495,0.7794943820224719,16.61956743752406,83.38124838554928,144.06666666666666,0.7794943820224719,132.33333333333334
policy_central,Critical,890,890,29.213483146067414,24.49438202247191,61.966432289104944,19.0,25.099999999999994,24.49438202247191,28.996527777786312
policy_central,High,890,5340,53.745318352059925,54.550561797752806,80.52124490059053,35.63542392566783,52.86666666666667,54.550561797752806,56.16875000000679
policy_central,Low,890,8010,95.30586766541823,88.16479400749063,96.21187387001108,96.33475897301547,233.28333333333333,88.16479400749063,136.18750000000108
policy_central,Medium,890,14240,79.65589887640449,77.80196629213482,93.32962585716552,57.94149401980664,129.68333333333334,77.80196629213482,85.7347222222255
policy_hybrid,Critical,890,890,36.853932584269664,28.876404494382022,68.42051856806953,20.1890243902439,27.30000000000001,28.876404494382022,28.736111111113733
policy_hybrid,High,890,5340,61.91011235955056,65.91760299625467,91.69455849148852,35.11190260133092,49.86666666666667,65.91760299625467,56.36666666666667
policy_hybrid,Low,890,8010,100.0,100.0,100.0,92.69178110694966,228.76666666666668,100.0,120.36770833334066
policy_hybrid,Medium,890,14240,84.31179775280899,88.10393258426966,98.95882631329863,54.50126464545505,129.68333333333334,88.10393258426966,81.66944444449037
policy_peer,Critical,890,890,36.853932584269664,28.876404494382022,68.42051856806953,20.1890243902439,27.30000000000001,28.876404494382022,28.736111111113733
policy_peer,High,890,5340,61.91011235955056,65.91760299625467,91.69455849148852,35.11190260133092,49.86666666666667,65.91760299625467,56.36666666666667
policy_peer,Low,890,8010,100.0,100.0,100.0,92.69178110694966,228.76666666666668,100.0,120.36770833334066
policy_peer,Medium,890,14240,84.31179775280899,88.10393258426966,98.95882631329863,54.50126464545505,129.68333333333334,88.10393258426966,81.66944444449037
task_size_x0p5,Critical,890,890,41.46067415730337,33.258426966292134,68.86161066226477,16.43631436314363,24.19999999999999,33.258426966292134,28.868055555558232
task_size_x0p5,High,890,5340,59.737827715355806,59.756554307116104,82.78593347196816,31.234404388714736,48.86666666666667,59.756554307116104,55.51770833333673
task_size_x0p5,Low,890,8010,95.30586766541823,88.22721598002497,96.23051584987292,94.86462536023055,233.28333333333333,88.22721598002497,130.9836805555583
task_size_x0p5,Medium,890,14240,80.06320224719101,77.91432584269663,93.36295707106869,55.303473379528114,127.93333333333334,77.91432584269663,83.30069444444429
task_size_x1p0,Critical,890,890,29.213483146067414,24.49438202247191,61.966432289104944,19.0,25.099999999999994,24.49438202247191,28.996527777786312
task_size_x1p0,High,890,5340,53.745318352059925,54.550561797752806,80.52124490059053,35.63542392566783,52.86666666666667,54.550561797752806,56.16875000000679
task_size_x1p0,Low,890,8010,95.30586766541823,88.16479400749063,96.21187387001108,96.33475897301547,233.28333333333333,88.16479400749063,136.18750000000108
task_size_x1p0,Medium,890,14240,79.65589887640449,77.80196629213482,93.32962585716552,57.94149401980664,129.68333333333334,77.80196629213482,85.7347222222255
task_size_x2p0,Critical,890,890,18.764044943820224,12.022471910112358,44.87497063326087,26.095808383233532,29.0,12.022471910112358,27.472222222255695
task_size_x2p0,High,890,5340,44.28838951310862,43.27715355805243,73.44783938355239,40.025264270613114,55.86666666666667,43.27715355805243,57.47083333333382
task_size_x2p0,Low,890,8010,95.30586766541823,88.05243445692884,96.1950708185954,98.64783206706838,233.28333333333333,88.05243445692884,143.80138888888982
task_size_x2p0,Medium,890,14240,78.85533707865169,76.94522471910112,93.12883605603889,64.53714340843649,136.68333333333334,76.94522471910112,96.41944444445069
task_size_x4p0,Critical,890,890,3.8202247191011236,2.0224719101123596,21.518580906130346,28.558823529411764,30.0,2.0224719101123596,28.944444444445544
task_size_x4p0,High,890,5340,21.629213483146067,9.082397003745319,43.51375997616497,44.779725829725834,55.86666666666667,9.082397003745319,58.07500000000146
task_size_x4p0,Low,890,8010,95.28089887640449,86.81647940074907,96.00267071423914,103.39766989867225,233.28333333333333,86.81647940074907,162.50277777777953
task_size_x4p0,Medium,890,14240,77.02247191011236,67.83707865168539,90.71375040271036,76.8457451981522,147.68333333333334,67.83707865168539,126.33888888890176
unlimited_useful_deadline,Critical,890,890,29.213483146067414,24.49438202247191,61.966432289104944,19.0,25.099999999999994,24.49438202247191,28.996527777786312
unlimited_useful_deadline,High,890,5340,53.745318352059925,54.550561797752806,80.52124490059053,35.63542392566783,52.86666666666667,54.550561797752806,56.16875000000679
unlimited_useful_deadline,Low,890,8010,95.30586766541823,88.16479400749063,96.21187387001108,96.33475897301547,233.28333333333333,88.16479400749063,136.18750000000108
unlimited_useful_deadline,Medium,890,14240,79.65589887640449,77.80196629213482,93.32962585716552,57.94149401980664,129.68333333333334,77.80196629213482,85.7347222222255
unlimited_useful_sim_end,Critical,890,890,29.213483146067414,24.49438202247191,61.966432289104944,19.0,25.099999999999994,77.75280898876404,146.33333333333334
unlimited_useful_sim_end,High,890,5340,53.033707865168545,53.93258426966292,80.30331918755408,35.337123352165726,50.86666666666667,85.78651685393258,130.53333333333333
unlimited_useful_sim_end,Low,890,8010,95.30586766541823,88.11485642946317,96.1951869313837,96.35087110296044,233.28333333333333,99.61298377028714,407.0199999999999
unlimited_useful_sim_end,Medium,890,14240,79.44522471910112,77.68960674157303,93.25960104214883,58.47382362473851,130.60333333333378,88.99578651685394,256.9733333333344
