,n_satellites,n_planes,altitude_km,inclination_deg,cn_fraction_percent,n_central_nodes,observation_success_percent,s100_surviving_before_deadline_percent,mean_surviving_coverage_deadline_percent,total_transferred_data_mbits,n_transfer_events,node_sent_data_gini
n_satellites,1.0,-0.018986590720303786,-0.018986590720303786,-0.018986590720303786,0.0,0.46441056646252177,0.17035132671843203,0.14562007180842632,0.21061262854080842,0.6018028037282579,0.6348769181729561,0.06582378195047602
n_planes,-0.018986590720303786,1.0,-0.018986590720303786,-0.018986590720303786,0.0,-0.008150917513547639,0.6774180624693947,0.5081172837369805,-0.08800048891879188,0.027393829446057515,0.020015748921889422,-0.028956014292782203
altitude_km,-0.018986590720303786,-0.018986590720303786,1.0,-0.018986590720303786,0.0,-0.008150917513547639,-0.006632636162861686,0.015969468989875158,0.1048406055053766,0.006022198369717243,-0.0043206272295795755,-0.060262143878589094
inclination_deg,-0.018986590720303786,-0.018986590720303786,-0.018986590720303786,1.0,0.0,-0.008150917513547639,-0.012377184276850516,0.13201655723836325,0.024717830495287973,-0.06769950943320749,-0.07428329126596427,0.0294870203151304
cn_fraction_percent,0.0,0.0,0.0,0.0,1.0,0.8441299947478538,0.40571971666504714,0.5615341405857348,0.68299150236351,0.7428433918642802,0.7169723204134814,-0.48087257420126456
n_central_nodes,0.46441056646252177,-0.008150917513547639,-0.008150917513547639,-0.008150917513547639,0.8441299947478538,1.0,0.462545526614666,0.5798123254797348,0.719239772013422,0.9717413666456577,0.9641486761099145,-0.2949615751260795
observation_success_percent,0.17035132671843203,0.6774180624693947,-0.006632636162861686,-0.012377184276850516,0.40571971666504714,0.462545526614666,1.0,0.8663106796353504,0.4017814744277311,0.5107577134610785,0.49237567389052866,0.020521602451502075
s100_surviving_before_deadline_percent,0.14562007180842632,0.5081172837369805,0.015969468989875158,0.13201655723836325,0.5615341405857348,0.5798123254797348,0.8663106796353504,1.0,0.5804388318889725,0.5953945342223058,0.5726203834779456,-0.04454996729609336
mean_surviving_coverage_deadline_percent,0.21061262854080842,-0.08800048891879188,0.1048406055053766,0.024717830495287973,0.68299150236351,0.719239772013422,0.4017814744277311,0.5804388318889725,1.0,0.729415719493353,0.7070071896621672,-0.13646669184219773
total_transferred_data_mbits,0.6018028037282579,0.027393829446057515,0.006022198369717243,-0.06769950943320749,0.7428433918642802,0.9717413666456577,0.5107577134610785,0.5953945342223058,0.729415719493353,1.0,0.9977987571406239,-0.20353346534573077
n_transfer_events,0.6348769181729561,0.020015748921889422,-0.0043206272295795755,-0.07428329126596427,0.7169723204134814,0.9641486761099145,0.49237567389052866,0.5726203834779456,0.7070071896621672,0.9977987571406239,1.0,-0.1818254906530587
node_sent_data_gini,0.06582378195047602,-0.028956014292782203,-0.060262143878589094,0.0294870203151304,-0.48087257420126456,-0.2949615751260795,0.020521602451502075,-0.04454996729609336,-0.13646669184219773,-0.20353346534573077,-0.1818254906530587,1.0
